config,step,session_id,turns,reasoning_nonempty,content_nonempty,reasoning_exact,reasoning_near80,reasoning_near60,content_exact,content_near80,content_near60
8 GPU,0,ca8caf1a-4b69-4f7c-8b79-f26d209d1453,18,18,9,1,1,1,1,1,1
8 GPU,0,28819099-01b9-47ca-ba23-dbd3cd3b1fdb,4,4,3,1,1,1,1,1,1
8 GPU,0,940e3cdd-34d5-433b-88be-93ee0ec5415f,1,1,1,1,1,1,1,1,1
8 GPU,0,08ef39c3-acce-48d4-8e7d-95163fcc10f8,18,18,6,1,1,1,1,1,1
8 GPU,0,f59eb120-4cb4-4b0c-a9cc-ca6639dda3ec,14,14,4,1,1,1,1,1,1
8 GPU,0,aa315440-789a-476d-b0a2-d38d3ef1bfd1,42,42,32,1,1,1,1,1,1
8 GPU,0,cc8106f4-f7ad-495f-8a74-12e407203c22,118,118,47,1,1,1,1,1,1
8 GPU,0,566257b7-ae4b-499c-b65f-3f244427f927,21,21,11,1,1,1,1,1,1
8 GPU,0,722f7703-48cd-4dd3-9546-07e96655fefd,14,14,5,1,1,1,1,1,1
8 GPU,0,c9dca10c-96ec-44ba-a98b-118c865ffcef,24,24,6,1,1,1,1,1,1
8 GPU,0,00954432-103f-424f-98ea-3bbccf9b4a2d,4,4,3,1,1,1,1,1,1
8 GPU,0,8037bd70-14d6-4284-98de-cdd217580b7f,51,51,14,1,1,1,1,1,1
8 GPU,0,9b7cfc90-e0b8-40f9-bfb3-eb688790edd0,4,4,4,1,1,1,1,1,1
8 GPU,0,d0d78194-89b1-4953-bb38-6f6f7b652e74,4,4,4,1,1,1,1,1,1
8 GPU,0,c60be7bd-5e9f-4431-9757-4cf2f0ead7a4,28,28,6,1,1,1,1,1,1
8 GPU,0,312c794e-e10e-4fd7-89b3-91fb52e8c110,4,4,4,1,1,1,1,1,1
8 GPU,0,14fe6734-1227-4e10-8b1b-c740e9c8b7ca,48,48,13,1,1,1,1,1,1
8 GPU,0,236d6333-2f92-492d-b848-a55ae493fd97,34,34,9,1,1,1,1,1,1
8 GPU,0,ddc1eb65-b293-4e52-bbce-697dec3e9e0f,22,22,3,1,1,1,1,1,1
8 GPU,0,1e5ca8d0-f87f-46d4-b410-7c6e17ade1d9,47,47,17,1,1,1,1,1,1
8 GPU,0,34505e1c-ca71-47d5-8933-f2362b7cd638,43,43,9,1,1,1,1,1,1
8 GPU,0,b01f86b8-8110-4b95-b08b-860788488877,59,59,38,1,1,1,1,1,1
8 GPU,0,31625ac0-2e10-4487-97e4-843113a06f3a,132,132,62,1,1,1,1,1,1
8 GPU,0,bbec8b5d-5716-4ae0-a41e-c3887915677c,11,11,4,1,1,1,1,1,1
8 GPU,0,23c5b2f9-5fb3-49cc-9ca0-91a1181596d8,2,2,2,1,1,1,1,1,1
8 GPU,0,52c92ffc-a819-4926-8d0e-64fce4e5f238,15,15,7,1,1,1,1,1,1
8 GPU,0,e52beea4-8024-4059-96ed-ba19d565ed35,21,21,7,1,1,1,1,1,1
8 GPU,0,fad350d0-c8e2-4a25-afaa-5ff40f7b517e,24,24,5,1,1,1,1,1,1
8 GPU,0,18f637c7-5a9f-48a2-b240-b9046bc8be48,17,17,6,1,1,1,1,1,1
8 GPU,0,747677fa-3209-4c56-898d-d26d3ad6bb05,43,43,6,1,1,1,1,1,1
8 GPU,0,d9ec7d38-b6b9-490f-9c98-46e4d0bdb36a,4,4,3,1,1,1,1,1,1
8 GPU,0,410c2e53-0e16-400d-84fa-55adb974036a,22,22,9,1,1,1,1,1,1
8 GPU,0,8292959d-e0a6-4ae5-aa2d-5f0ed6991cb1,6,6,4,1,1,1,1,1,1
8 GPU,0,e9a162c1-5606-4b07-8679-612c71b594de,20,20,7,1,1,1,1,1,1
8 GPU,0,5f22f251-6ace-48e5-8eaa-b03f9e024d9c,60,60,31,1,1,1,1,1,1
8 GPU,0,e9577242-0c7e-4f50-8e16-cb00cc10ae3f,47,46,25,1,1,1,1,1,1
8 GPU,0,d746cf13-4144-4269-bc90-1791a81a6828,47,47,18,1,1,1,1,1,1
8 GPU,0,31370f5d-e2a4-47b4-9207-7eaf3e5aa2d3,30,30,12,1,1,1,1,1,1
8 GPU,0,1cbf3ae1-8db5-494b-8460-e7c203616d33,1,1,1,1,1,1,1,1,1
8 GPU,0,10c43e81-d051-480f-a71b-4e2630f59e2a,33,33,5,1,1,1,1,1,1
8 GPU,0,454c0be9-4f41-402d-91f5-4978922ba982,26,26,13,1,1,1,1,1,1
8 GPU,0,b69bfb95-fda0-4fad-94ee-556c0d5d39e6,42,42,13,1,1,1,1,1,1
8 GPU,0,698ebef8-190c-4fb2-8c76-8cd50cb22074,35,35,6,1,1,1,1,1,1
8 GPU,0,c1d0e444-f114-46a7-a0dd-3a11271de931,6,6,2,1,1,1,1,1,1
8 GPU,0,a1a5c42e-46c6-4995-a633-e371813be455,22,22,7,1,1,1,1,1,1
8 GPU,0,3c2c6b38-2243-43a7-84fe-3bbabe4d3e5f,6,6,2,1,1,1,1,1,1
8 GPU,0,f4b963a0-513c-4ee8-af9d-906291a02ffa,8,8,3,1,1,1,1,1,1
8 GPU,0,d6119708-cd8f-40b8-ba65-1f9c90200690,5,5,2,1,1,1,1,1,1
8 GPU,0,fb351605-106e-4409-9e23-53abf062c003,3,3,3,1,1,1,1,1,1
8 GPU,0,2d1ba03d-76a3-426a-bae9-1466374182ea,2,2,2,1,1,1,1,1,1
8 GPU,0,a07e93aa-19c4-471f-abfb-088b3c1a865a,33,33,8,1,1,1,1,1,1
8 GPU,0,5c551139-69c6-43cb-90d1-a79dd304063a,81,81,2,1,1,1,1,1,1
8 GPU,0,99fc4b56-bf44-4dab-8cd5-549cec9a0fb4,9,9,5,1,1,1,1,1,1
8 GPU,0,7675bf2c-473d-44bd-aa3a-60b05d402ac3,13,13,5,1,1,1,1,1,1
8 GPU,0,924a2a51-1e62-4466-a4f3-0ff6b1c4f9a5,30,30,10,1,1,1,1,1,1
8 GPU,0,31c6ff3a-2966-47f5-919b-6e7d47049b88,62,62,18,1,1,1,1,1,1
8 GPU,0,2f62a6b4-9c9a-4c5d-9ed4-f02735346e99,11,11,5,1,1,1,1,1,1
8 GPU,0,347680e1-79a7-43f3-8f6a-155fe74bcaf2,72,72,32,1,1,1,1,1,1
8 GPU,0,f9ecac32-56f0-4936-9af4-6c84839ddbf5,5,5,4,1,1,1,1,1,1
8 GPU,0,08aa9066-f927-4e1e-8018-2021470c2b70,20,20,7,1,1,1,1,1,1
8 GPU,0,b36b4f98-f735-4973-8c62-1eb136ca4d94,18,18,10,1,1,1,1,1,1
8 GPU,0,2fbed379-d2d2-477c-a449-fff242085929,19,19,13,1,1,1,1,1,1
8 GPU,0,9d453821-9132-4ac4-a5a9-19e9114410c0,7,7,3,1,1,1,1,1,1
8 GPU,0,fb5e644d-b024-4fa5-8aed-c1da053c237c,2,2,2,1,1,1,1,1,1
8 GPU,0,f730f255-6ecd-4d5a-a948-399017713e9a,2,2,2,1,1,1,1,1,1
8 GPU,0,05ed8511-1c6d-463e-95f3-2d56b23d7431,1,1,1,1,1,1,1,1,1
8 GPU,0,2b63c72c-f7d9-4520-887e-41d873eccf1a,53,53,4,1,1,1,1,1,1
8 GPU,0,fefb138a-851b-40b6-9f7b-fd9242017a11,45,45,16,1,1,1,1,1,1
8 GPU,0,af9b4f23-ecb8-417e-b7b2-865fa847f63b,102,102,29,1,1,1,1,1,1
8 GPU,0,7014a147-97a4-4916-9ec3-dcbe4f078637,9,9,4,1,1,1,1,1,1
8 GPU,0,7769852d-8a2f-4307-86d1-740e4ae5acd4,11,11,5,1,1,1,1,1,1
8 GPU,0,8f4b9bc9-5ec8-4e76-a70e-01d4e2c0dec6,33,33,13,1,1,1,1,1,1
8 GPU,0,9c98cf21-b356-4939-a098-cfca3162eb68,6,6,3,1,1,1,1,1,1
8 GPU,0,a3b25729-3584-4175-9e8f-f10b0fc45e1a,21,21,5,1,1,1,1,1,1
8 GPU,0,40d33a0b-b33c-4a10-9ad0-8e30f90679de,5,5,3,1,1,1,1,1,1
8 GPU,0,eb6fa99c-d4e6-4c4b-a630-582f15bd5e20,52,52,17,1,1,1,1,1,1
8 GPU,0,1c39db05-1b70-4c4c-b2a4-8eacc4193482,32,32,13,1,1,1,1,1,1
8 GPU,0,af33ffea-bfc7-4f45-a797-a136607ac381,38,38,12,1,1,1,1,1,1
8 GPU,0,35c023fd-792b-41e3-9665-d84657027f6e,2,2,1,1,1,1,1,1,1
8 GPU,0,77e82b4c-68f9-4a3e-85e4-3588c71dc9fc,8,8,1,1,1,1,1,1,1
8 GPU,0,7537d6c1-0a1d-43c9-9976-4bbd3eb6e218,2,2,1,1,1,1,1,1,1
8 GPU,0,d1630fa7-af11-4a28-90b7-16f0c7d39f0c,6,6,2,1,1,1,1,1,1
8 GPU,0,9e727c48-3e7a-4a28-8a9b-84af94a32f71,5,5,3,1,1,1,1,1,1
8 GPU,0,602bbda5-c8bd-4f05-9e9c-a39f5064e0d4,64,64,37,1,1,1,1,1,1
8 GPU,0,10b9cd9d-efbf-4dab-9273-0c5f907debc7,26,26,11,1,1,1,1,1,1
8 GPU,0,fbfaaa64-f14e-4958-9660-629ebd8d4efe,45,45,18,1,1,1,1,1,1
8 GPU,0,13c3e8f0-d5c6-49a6-bd3e-a29e4fef352b,18,18,3,1,1,1,1,1,1
8 GPU,0,de086cb9-bd68-4db2-ad8a-22e883215dd0,9,9,4,1,1,1,1,1,1
8 GPU,0,4ec742bc-2e9a-4146-b831-708634be578b,5,5,3,1,1,1,1,1,1
8 GPU,0,c51af36a-2a97-49b4-af2e-a6534f909fa8,4,4,2,1,1,1,1,1,1
8 GPU,0,8d61e924-7d10-4626-a3cd-81b8e75d8000,6,6,2,1,1,1,1,1,1
8 GPU,0,0544f301-b83c-4eb9-a157-3303acc5a388,4,4,2,1,1,1,1,1,1
8 GPU,0,4987505e-c0a6-4355-98c1-6758b2b92c1f,4,4,2,1,1,1,1,1,1
8 GPU,0,223d1473-3561-40da-a41d-f567726885ab,4,4,3,1,1,1,1,1,1
8 GPU,0,ea4ccee1-095d-43da-92c0-37177e448c1e,4,4,1,1,1,1,1,1,1
8 GPU,0,789a4284-ed34-4b9c-9af0-5e16e50a9251,17,17,7,1,1,1,1,1,1
8 GPU,0,4ca903f2-7e35-4ce8-bf31-a84cd8a84293,41,41,16,1,1,1,1,1,1
8 GPU,0,03e1a3b2-135e-4074-8140-1d9a0cc473b8,64,64,17,1,1,1,1,1,1
8 GPU,0,f74d48f7-42c5-4884-b1f2-4d24b4cfefd3,13,13,5,1,1,1,1,1,1
8 GPU,0,ed8d7b31-e397-499f-ae45-ba99e6978493,21,21,15,1,1,1,1,1,1
8 GPU,0,96856a9a-49cc-4244-a853-1b99162228a5,57,57,45,1,1,1,1,1,1
8 GPU,0,e8e7e7d8-2c98-46fb-aad5-8720064675f6,85,85,17,1,1,1,1,1,1
8 GPU,0,99ad008f-8856-4c0a-a161-82f211bbce32,50,50,12,1,1,1,1,1,1
8 GPU,0,6f2c5178-9b47-42e0-8286-8d0ab94f68d0,8,8,6,1,1,1,1,1,1
8 GPU,0,7f6dfa00-f572-4ea1-9696-49b7a880f427,54,54,20,1,1,1,1,1,1
8 GPU,0,2611295c-3951-4af3-bea6-5fb9a9535348,10,10,2,1,1,1,1,1,1
8 GPU,0,f5e9c331-342f-4d2d-989c-09b9d4f1d29f,16,16,9,1,1,1,1,1,1
8 GPU,0,35b2c659-ceaa-4b8e-9898-109c3a9b5b9e,24,24,6,1,1,1,1,1,1
8 GPU,0,89c3809b-1f51-4e7f-9676-8186ca3c49d7,65,65,10,1,1,1,1,1,1
8 GPU,0,c8241d7d-d727-49ce-8ef5-85c9cc04c108,73,73,31,1,1,1,1,1,1
8 GPU,0,1ca22b80-e3e5-4072-9342-cee1872b87e3,37,37,20,1,1,1,1,1,1
8 GPU,0,9513a336-e747-4ebe-9f25-480ff66feddc,32,32,8,1,1,1,1,1,1
8 GPU,0,ef779f55-28ea-4da5-8324-ffb0c37c3f20,117,117,31,1,1,1,1,1,1
8 GPU,0,0ff4759c-6359-49c6-8e16-6fd36bde27cd,27,27,6,1,1,1,1,1,1
8 GPU,0,fed0d860-e86a-4b85-9daa-d895a916e94b,40,40,5,1,1,1,1,1,1
8 GPU,0,9ec4e10f-325b-4a79-bc0a-770e7b40d109,28,28,7,1,1,1,1,1,1
8 GPU,0,e379cfa4-c972-4841-bb85-61c37b5baef7,65,65,31,1,1,1,1,1,1
8 GPU,0,c6be596a-5e70-4f47-abd8-1b46af4b0e2a,35,35,20,1,1,1,1,1,1
8 GPU,0,bb0ad124-091b-4352-844b-a588aa72c9d2,34,34,14,1,1,1,1,1,1
8 GPU,0,52d1e77d-a029-4c27-97dc-8a2a0b4b3ccd,57,57,17,1,1,1,1,1,1
8 GPU,0,5d35c54a-cf6a-45fb-bc5e-db9547ad1685,2,2,1,1,1,1,1,1,1
8 GPU,0,ba80e6ce-ed81-4da5-b615-44c05f4dfcad,21,21,6,1,1,1,1,1,1
8 GPU,0,92689d4a-af8d-42e5-98f5-f0936c247e06,34,34,9,1,1,1,1,1,1
8 GPU,0,12064855-b638-432d-9f8c-8310b3a88220,7,7,5,1,1,1,1,1,1
8 GPU,0,3c9075d9-30fa-4ce6-a37d-2cf0a7633a54,1,1,1,1,1,1,1,1,1
8 GPU,0,d0fb8c7c-0059-4621-94b5-39ebec940cc6,10,10,6,1,1,1,1,1,1
8 GPU,0,cae5b2c6-924e-4cfe-b8aa-8c740ab5c2b1,1,1,1,1,1,1,1,1,1
8 GPU,0,fdd429c3-3fac-435b-9f48-731a4f9f6cb4,6,6,3,1,1,1,1,1,1
8 GPU,1,d64193ad-eaf2-4c7a-9c80-d0243bf993a4,18,18,3,1,1,1,1,1,1
8 GPU,1,c251b6dd-16a0-4ead-8c4b-49e0217158cc,2,2,0,1,1,1,0,0,0
8 GPU,1,0df17605-5964-4f66-80fe-f56e7c22dfd9,52,52,8,1,1,1,1,1,1
8 GPU,1,406294e8-eab0-4599-9515-8951149d022b,4,4,3,1,1,1,1,1,1
8 GPU,1,8142bf2d-b099-4bf9-bbd7-cdb268201e7a,17,17,2,1,1,1,1,1,1
8 GPU,1,ecfbcfc2-2b20-4dfb-a7fb-a41966bfabac,22,22,1,1,1,1,1,1,1
8 GPU,1,979d927e-749f-41b5-8152-2fb7aacf3725,3,3,2,1,1,1,1,1,1
8 GPU,1,bdbddabd-3598-4e28-9cc2-590e3c3bcd33,4,4,3,1,1,1,1,1,1
8 GPU,1,eeae246d-37f7-47b1-baee-1b464274e936,41,41,2,1,1,1,1,1,1
8 GPU,1,5ead579e-83a7-4517-af88-6e36d3d627b9,20,20,4,1,1,1,1,1,1
8 GPU,1,89d4ec89-c52a-463c-b9a2-b8ccd67d1012,1,1,1,1,1,1,1,1,1
8 GPU,1,ddc54c6b-081d-4c4e-a823-1d39e8823fdc,48,48,4,1,1,1,1,1,1
8 GPU,1,0084c41e-f8f1-4ebb-9f0a-b85900c49bdd,53,53,1,1,1,1,1,1,1
8 GPU,1,e99b511a-1d62-4077-ad3e-691d7fa344e2,15,15,1,1,1,1,1,1,1
8 GPU,1,1dc480fe-f7c4-4714-9a33-c3f801857df0,65,65,26,1,1,1,1,1,1
8 GPU,1,7a6720f4-5832-4355-97e9-2047b82a50e8,44,44,10,1,1,1,1,1,1
8 GPU,1,eb180e75-379a-4909-b9b9-26a14defed18,39,39,2,1,1,1,1,1,1
8 GPU,1,a4d34330-f207-4f30-8b64-5c2c10839551,35,35,11,1,1,1,1,1,1
8 GPU,1,6e1293c0-e811-445f-b584-110bcb3fe18c,2,0,2,0,0,0,1,1,1
8 GPU,1,d7c4b46f-3f2e-47ea-9c4e-865cc4255d08,2,2,1,1,1,1,1,1,1
8 GPU,1,01802a42-c8c6-4f1e-b1f4-8908e1b8d246,1,1,0,1,1,1,0,0,0
8 GPU,1,eecefccf-06d2-41d1-b69b-547641ab3c86,48,48,20,1,1,1,1,1,1
8 GPU,1,a2c84352-fe4a-46c4-b2a4-b48830e287a0,28,28,6,1,1,1,1,1,1
8 GPU,1,85746bac-2ee5-48e3-b8aa-28ec3236242a,2,2,2,1,1,1,1,1,1
8 GPU,1,784d23c8-e522-4d21-9969-2cded74cbbe1,1,1,1,1,1,1,1,1,1
8 GPU,1,f0ccda94-83c7-42c8-be98-a8e2a799a4ce,39,39,5,1,1,1,1,1,1
8 GPU,1,a4558dbc-757b-433c-9227-7acfea73133b,9,9,3,1,1,1,1,1,1
8 GPU,1,1f7a3e57-a97c-4a32-8c27-9e8bca360fc0,10,10,4,1,1,1,1,1,1
8 GPU,1,bb697d41-b517-4a44-9055-7678a1d5b4fa,27,27,8,1,1,1,1,1,1
8 GPU,1,51b03c0c-4ea7-43c9-8517-1b18912fb533,16,16,5,1,1,1,1,1,1
8 GPU,1,1e0fbb73-a6f8-4ce3-96be-44d143938f6b,16,16,2,1,1,1,1,1,1
8 GPU,1,9eb37465-f4bc-4171-9ded-bb283057fd2b,21,21,9,1,1,1,1,1,1
8 GPU,1,3e702f46-efb7-413b-bf5a-c2cc011a3970,3,3,1,1,1,1,1,1,1
8 GPU,1,20ddbda9-7d46-4f92-a138-f4ae9c90048a,19,19,10,1,1,1,1,1,1
8 GPU,1,74c00f4e-7e4d-4231-80d2-a6f42aa75f6f,28,28,14,1,1,2,1,1,1
8 GPU,1,09c8c81c-0b7e-4124-8aa1-54f20315a29c,2,2,2,1,1,1,1,1,1
8 GPU,1,1d1d7f13-b32e-4ad6-a10c-dbe9211bd58b,1,1,1,1,1,1,1,1,1
8 GPU,1,28a4bb10-5ca4-477f-be84-67e8caaf95f7,16,16,5,1,1,1,1,1,1
8 GPU,1,7f0cc44e-70a9-49b5-bcf2-2926123a348d,1,1,1,1,1,1,1,1,1
8 GPU,1,3772874c-9aeb-41cb-b115-70104768bfd7,19,19,7,1,1,1,1,1,1
8 GPU,1,5958cf77-e882-42ca-bead-4eb69dea63b2,19,19,9,1,1,1,1,1,1
8 GPU,1,fd930c41-5166-45f5-bcb9-bf76943cf215,20,20,9,1,1,1,1,1,1
8 GPU,1,ab58f40a-98b2-4033-bf33-445f6c779f4a,20,20,2,1,1,1,1,1,1
8 GPU,1,7c6baad4-ad87-4b33-bbef-efa5b02c26d2,45,45,18,1,1,1,1,1,1
8 GPU,1,e884359d-8232-4592-94d9-5761192db0a9,4,4,2,1,1,1,1,1,1
8 GPU,1,34d83d05-bba0-469c-ae63-a1a85515f202,22,22,7,1,1,1,1,1,1
8 GPU,1,0eec529b-0400-4d9f-8181-90ff42c060d9,1,1,1,1,1,1,1,1,1
8 GPU,1,d421f97a-caa8-45b2-9e59-50611312ac59,38,38,1,1,1,1,1,1,1
8 GPU,1,cb3de3b1-84d0-459d-96b3-ffb0ee4b8391,23,23,12,1,1,1,1,1,1
8 GPU,1,04a49150-4d3e-4303-881d-e7474f2dcdcd,63,63,23,1,1,1,1,1,1
8 GPU,1,81b62903-7d45-4d0b-816b-842e2bed77b0,65,65,27,1,1,1,1,1,1
8 GPU,1,b92e3100-4912-4fc0-a20a-93d45ab0c4c4,23,23,2,1,1,1,1,1,1
8 GPU,1,40948d00-e506-4e23-b38b-cf075f4e1155,92,92,21,1,1,1,1,1,1
8 GPU,1,7a8fb49f-0489-4b34-a096-816380d89f51,5,5,3,1,1,1,1,1,1
8 GPU,1,a191b3a7-4f9e-46b6-843f-4536cf17dad0,36,36,10,1,1,1,1,1,1
8 GPU,1,5d79ff1c-0bea-44d3-b8da-23082659c2fb,3,3,1,1,1,1,1,1,1
8 GPU,1,035ae716-aed3-42a2-a0ab-42eb69838ec9,13,13,5,1,1,1,1,1,1
8 GPU,1,b6ac7d08-464f-4506-8b0e-484c75eaf9e3,8,8,3,1,1,1,1,1,1
8 GPU,1,e93b4fa8-1f70-4f47-a27c-e4922b414e25,17,17,6,1,1,1,1,1,1
8 GPU,1,f11d99cd-509a-4a36-a29b-067dc7341718,10,10,1,1,1,1,1,1,1
8 GPU,1,a9e4569b-4c3e-4dcb-aae6-ad940ffffab8,8,8,2,1,1,1,1,1,1
8 GPU,1,7e120ce0-4e2f-41f9-9870-5709818bda17,14,14,6,1,1,1,1,1,1
8 GPU,1,832cbd64-b5c3-44d2-9a7e-a3649d7f02ef,1,0,1,0,0,0,1,1,1
8 GPU,1,57110388-dcbc-4000-89aa-7a6bff17e3a5,5,5,2,1,1,1,1,1,1
8 GPU,1,6a994057-8c80-4c33-bd87-2dbfa02d4cf4,34,34,15,1,1,1,1,1,1
8 GPU,1,632b6fa0-f739-47af-aa5f-0f50846b191c,9,9,4,1,1,1,1,1,1
8 GPU,1,d967b9be-ff9d-422c-88df-e8da2282cb52,15,15,9,1,1,1,1,1,1
8 GPU,1,998eae35-07b4-4869-b49d-438a3d67aa5f,30,30,4,1,1,1,1,1,1
8 GPU,1,6cfcd30d-9d95-4963-ba21-b3726651fdf0,7,7,2,1,1,1,1,1,1
8 GPU,1,a8f86938-d76b-4215-8e29-03bb15a31814,38,38,9,1,1,1,1,1,1
8 GPU,1,4e747d4d-65f3-4a9c-a45e-5d617904826f,49,49,18,1,1,1,1,1,1
8 GPU,1,0af21b62-91bd-48b2-8597-65ed3aa667c9,51,51,13,1,1,1,1,1,1
8 GPU,1,fd6e0ead-2210-4d7b-918b-7d24a45e052c,4,4,2,1,1,1,1,1,1
8 GPU,1,27fbdd65-8ef2-4dba-905a-1219bfd6abe8,6,6,2,1,1,1,1,1,1
8 GPU,1,0b8d7372-6682-4248-bd57-18d26d61a5a1,1,0,1,0,0,0,1,1,1
8 GPU,1,4221c33b-b5c6-4f16-8cd0-23befebf1579,6,6,2,1,1,1,1,1,1
8 GPU,1,726e7e70-8fd0-4406-abe3-5e0fcb1a84a4,13,13,8,1,1,1,1,1,1
8 GPU,1,f905a15f-57c3-4764-b7cb-e3cfe94bc66e,6,6,3,1,1,1,1,1,1
8 GPU,1,3e712d70-803f-4d27-b199-937721498dad,4,4,3,1,1,1,1,1,1
8 GPU,1,61935c96-51d9-4cb1-a4d4-d8db410ae5f5,37,37,6,1,1,1,1,1,1
8 GPU,1,1565269f-aae5-4db0-87bb-80a44a6570e2,11,11,2,1,1,1,1,1,1
8 GPU,1,108188f4-23ad-4943-85d0-b5f09f31b1a3,57,57,11,1,1,1,1,1,1
8 GPU,1,61514229-bf85-4d88-85b4-cb260c85e08f,5,5,4,1,1,1,1,1,1
8 GPU,1,b0c723d3-bd26-46fb-a1ee-9eccb7bd6439,4,4,3,1,1,1,1,1,1
8 GPU,1,41bd705b-57e7-4e94-b47d-d22bd8753c7c,5,5,2,1,1,1,1,1,1
8 GPU,1,374baa8f-67cf-4b94-b80b-8bbc0f1e643b,68,68,2,1,1,1,1,1,1
8 GPU,1,ab0ea084-fd9c-4a7a-9569-00a0c9ede479,17,17,3,1,1,1,1,1,1
8 GPU,1,947e8a31-ab98-49ef-b171-c08418e2bbdd,39,39,4,1,1,1,1,1,1
8 GPU,1,5d75ad72-7b01-49e0-b228-f4a85a5dbb16,3,3,0,1,1,1,0,0,0
8 GPU,1,71458f17-67d0-4f38-a300-fcdff068a7c3,25,25,3,1,1,1,1,1,1
8 GPU,1,2c0fd41a-cb61-4bd2-8461-aac52f049a31,3,3,1,1,1,1,1,1,1
8 GPU,1,f0ac5301-edbc-4693-a057-c2a1074474bf,24,24,3,1,1,1,1,1,1
8 GPU,1,eeeb60cb-6a40-40ba-874b-5c881864c313,26,26,7,1,1,1,1,1,1
8 GPU,1,40eb709c-092b-4439-b551-d46eb996c7ed,51,51,10,1,1,1,1,1,1
8 GPU,1,f767201a-ec40-4a07-85a1-bfc7350e2db2,14,14,2,1,1,1,1,1,1
8 GPU,1,8aebd91b-f202-403c-912a-fac9690fde94,21,21,5,1,1,1,1,1,1
8 GPU,1,19903e55-bc41-4eb3-a78f-90a31d0a5a92,49,49,5,1,1,1,1,1,1
8 GPU,1,403c6eb6-5494-4eb6-8392-5c1866a9e929,5,5,4,1,1,1,1,1,1
8 GPU,1,4aedf0e0-9a5e-4185-ac7d-8a1c161c361b,40,40,6,1,1,1,1,1,1
8 GPU,1,5f6dad11-f267-42da-9a41-b0be97a96cea,3,3,3,1,1,1,1,1,1
8 GPU,1,f0698d51-30c2-4e44-ac05-07e10dfb57b2,13,13,6,1,1,1,1,1,1
8 GPU,1,b9cbb483-c42c-4143-90fb-45f70b845e44,2,2,1,1,1,1,1,1,1
8 GPU,1,5146015e-b344-4ec1-b83d-269b80b9f557,42,42,4,1,1,1,1,1,1
8 GPU,1,eba9bbd4-16c4-4084-8b67-fd20aed3341e,41,41,8,1,1,1,1,1,1
8 GPU,1,f832e224-3985-48e2-b55a-3aa137af1463,20,20,1,1,1,1,1,1,1
8 GPU,1,3b255642-7470-464d-bda6-a104be2e398c,14,14,5,1,1,1,1,1,1
8 GPU,1,79cba5f6-0c67-40c4-a5bd-44dd85498e06,25,25,7,1,1,1,1,1,1
8 GPU,1,3a33c5c9-82ac-4dea-b6c3-8279f7fdc022,6,6,3,1,1,1,1,1,1
8 GPU,1,eda83391-cc57-4f8a-bb9e-c8c787e8d1cb,13,13,0,1,1,1,0,0,0
8 GPU,1,11e786eb-bfaa-48c7-af6f-543b448bf5ea,8,8,4,1,1,1,1,1,1
8 GPU,1,86c05034-3355-4743-9362-8f52d3af6c95,17,17,1,1,1,1,1,1,1
8 GPU,1,fcc6198f-fcde-47d5-898b-2412244d0eb2,47,47,5,1,1,1,1,1,1
8 GPU,1,583f6538-92a9-429c-ba41-7bd85eebd11f,9,9,4,1,1,1,1,1,1
8 GPU,1,3497eb71-03fb-4298-b922-a8e719995457,4,4,2,1,1,1,1,1,1
8 GPU,1,916979db-f176-4278-a1c9-a0cc13bf1ebf,2,2,1,1,1,1,1,1,1
8 GPU,1,f227b220-edf9-4f7c-b65f-e0ffcc932ac2,31,31,4,1,1,1,1,1,1
8 GPU,1,2e7ffacf-6fc3-4b1e-a4d8-98cbc5107019,62,62,40,1,1,1,1,1,1
8 GPU,1,c2c1ac71-0796-4ab3-864d-7acb1d64202c,86,86,28,1,1,1,1,1,1
8 GPU,1,62f45b80-5467-41b6-936f-0371f7ab6790,11,11,1,1,1,1,1,1,1
8 GPU,1,8f3326c4-5c46-43f6-9756-12a15467818a,18,18,7,1,1,1,1,1,1
8 GPU,1,0fa8bbb1-ae9f-49ad-9c93-83f26c0588ee,33,33,6,1,1,1,1,1,1
8 GPU,1,85fb7eb0-fc5b-489a-b2d1-7e7b4c66f9c3,1,1,1,1,1,1,1,1,1
8 GPU,1,402963aa-3cd5-4c96-81e9-e5d02ae6df0e,13,13,3,1,1,1,1,1,1
8 GPU,1,2fe6e989-bb7d-4550-b43a-fb880f20c637,46,46,5,1,1,1,1,1,1
8 GPU,1,93a86945-ffd0-4f2b-9e02-90683e6a7bf7,3,3,2,1,1,1,1,1,1
8 GPU,1,2d42277c-a2dc-44f3-83f7-db7e47d2a1a0,19,19,7,1,1,1,1,1,1
8 GPU,1,5a0601bc-2069-4d64-96bc-da9d52201771,42,42,3,1,1,1,1,1,1
8 GPU,1,66684e17-5c2d-454f-ad30-3538d07ab951,11,11,3,1,1,1,1,1,1
8 GPU,2,1a5ded0e-5b88-4ab3-a484-568b7845575f,4,4,3,1,1,1,1,1,1
8 GPU,2,0dd9f44a-5cd1-4c1d-a477-adb4a456c2bb,5,5,2,1,1,1,1,1,1
8 GPU,2,7c74d50a-a7f7-46d9-969c-e35dd856fc53,2,1,1,1,1,1,1,1,1
8 GPU,2,5687a422-1077-43b9-be85-0b94c59128c2,17,17,5,1,1,1,1,1,1
8 GPU,2,e7db2b18-41f4-4792-8e38-bc1691d835af,55,55,11,1,1,1,1,1,1
8 GPU,2,c2041072-5ad6-4e8d-bcd7-72c634877bf2,1,1,1,1,1,1,1,1,1
8 GPU,2,7259d974-068a-4826-a9ff-de94e565ca04,9,9,3,1,1,1,1,1,1
8 GPU,2,2fea1abf-7c3f-4631-b4db-4c9cbd4295f0,36,36,3,1,1,1,1,1,1
8 GPU,2,c65cec7e-3c60-44f7-8359-8dd198bab41f,14,14,1,1,1,1,1,1,1
8 GPU,2,4e13bd49-c144-44f6-b415-54c9a87ba376,4,4,2,1,1,1,1,1,1
8 GPU,2,45d8b40e-872b-457e-b05c-8a7cf1a6992a,24,24,10,1,1,1,1,1,1
8 GPU,2,4b0342ec-ead3-47ba-b240-05be91856903,33,33,9,1,1,1,1,1,1
8 GPU,2,66230294-c330-49c5-8e47-ee2c649a1bdd,2,2,2,1,1,1,1,1,1
8 GPU,2,45101bac-0129-4ae5-9815-fc5ebef3783f,8,8,4,1,1,1,1,1,1
8 GPU,2,84187ec2-0cf6-4303-bc63-3a6c031e3418,12,12,2,1,1,1,1,1,1
8 GPU,2,1d9805ce-a662-4f45-bb14-ed100f4703ee,5,5,2,1,1,1,1,1,1
8 GPU,2,89819588-3134-419f-8300-924dd28065b8,4,4,3,1,1,1,1,1,1
8 GPU,2,2f0d32ef-73e8-4c72-8271-2111457ef88a,4,4,3,1,1,1,1,1,1
8 GPU,2,9a4e74f4-8768-4750-b275-1ceeaf9acc42,22,22,13,1,1,1,1,1,1
8 GPU,2,c0fb571a-5a6d-4632-a77d-dabd921fb8a4,38,38,11,1,1,1,1,1,1
8 GPU,2,fa9d2cae-6f73-426f-9692-be9a6502dab7,4,4,4,1,1,1,1,1,1
8 GPU,2,724162c9-94d7-4df9-8e0a-b0361e585c5e,4,4,3,1,1,1,1,1,1
8 GPU,2,d232d9c9-162e-4331-bf5b-de311c2ab28f,4,4,3,1,1,1,1,1,1
8 GPU,2,46730c39-be93-4003-867a-1fcb7ed75ea3,21,21,9,1,1,1,1,1,1
8 GPU,2,463dab6a-778f-4c76-9656-6539aef17671,39,39,9,1,1,1,1,1,1
8 GPU,2,61549c44-57ba-41c5-81b2-89590e203a3e,4,4,2,1,1,1,1,1,1
8 GPU,2,7849c61a-2e81-4306-9ff7-279c8bee7f81,4,4,2,1,1,1,1,1,1
8 GPU,2,7c3e9d37-1127-4003-8917-a3a3366712d1,5,5,2,1,1,1,1,1,1
8 GPU,2,b3fb4a8e-5c64-4d6d-855f-48f890b2c71b,5,5,3,1,1,1,1,1,1
8 GPU,2,b302d7ab-bb0e-4fc8-8cf9-12836d2f3d44,5,5,1,1,1,1,1,1,1
8 GPU,2,1c327c86-4464-4dac-a6c5-b9383221ce9b,5,5,3,1,1,1,1,1,1
8 GPU,2,e134639e-0663-484c-ba36-ac594390eb63,4,4,2,1,1,1,1,1,1
8 GPU,2,30ebba50-605f-48b5-a1fc-9d1fdf58325a,7,7,1,1,1,1,1,1,1
8 GPU,2,2540d592-5f90-402b-8162-9d632dc074b0,5,5,2,1,1,1,1,1,1
8 GPU,2,a983174a-1c11-40b3-a58c-a41e2479b25a,39,39,2,1,1,1,1,1,1
8 GPU,2,454bc216-790e-4501-821c-5b280679bb30,7,7,2,1,1,1,1,1,1
8 GPU,2,5eea15e8-df9d-47cb-9497-1706fc54fe8e,14,14,7,1,1,1,1,1,1
8 GPU,2,57be4047-115f-43d8-b928-15e031c91867,1,1,1,1,1,1,1,1,1
8 GPU,2,e8a3a4f1-5c7c-49c2-8669-93a88c6adef6,13,12,2,1,1,1,1,1,1
8 GPU,2,eee203e8-37d1-43df-9438-be46723fbb71,17,17,2,1,1,1,1,1,1
8 GPU,2,e3ea57a0-97d5-4e6b-9b0d-23166c348b1a,2,2,2,1,1,1,1,1,1
8 GPU,2,b8359dee-b948-420b-8b62-d5cff12f7cbd,34,34,9,1,1,1,1,1,1
8 GPU,2,439616d6-0371-4f2e-a84a-b927479b4164,8,8,1,1,1,1,1,1,1
8 GPU,2,33110e64-114b-4c15-ba4e-75e5ec7b174e,105,105,1,1,1,1,1,1,1
8 GPU,2,92b10764-07dd-452e-9e4b-bcfd71ba9407,24,24,1,1,1,1,1,1,1
8 GPU,2,344b3527-7459-4cb8-8d33-989f4290f754,13,13,3,1,1,1,1,1,1
8 GPU,2,983401e8-adeb-46fc-aa9e-85c1bd0de48c,34,34,0,1,1,1,0,0,0
8 GPU,2,31999f6a-f7e6-463b-92e7-6e64e6bb37e9,37,37,7,1,1,1,1,1,1
8 GPU,2,397b3314-db53-4217-8eee-ac65a75734dc,34,34,12,1,1,1,1,1,1
8 GPU,2,a968b18f-bbb0-4ac3-b4c9-215800df65ef,59,59,21,1,1,1,1,1,1
8 GPU,2,4cd81eca-283b-4cb5-97a4-7bfe72737fd6,4,4,2,1,1,1,1,1,1
8 GPU,2,c3b5c524-95a4-474c-a95d-ac1e6d5b060e,12,12,10,1,1,1,1,1,1
8 GPU,2,e4480507-ea5e-46a8-82c0-9d2619f935c3,19,19,2,1,1,1,1,1,1
8 GPU,2,71b0d6da-9337-464b-9c1e-d31be94a8569,32,32,8,1,1,2,1,1,1
8 GPU,2,79739bb0-81fb-41d8-9f59-eae78d8042f3,10,10,1,1,1,1,1,1,1
8 GPU,2,d968f92d-33f4-4db2-a094-651b0ba84c00,76,76,13,1,1,1,1,1,1
8 GPU,2,66083623-f949-40b2-8684-a4eea2c5226b,30,30,0,1,1,1,0,0,0
8 GPU,2,37972982-dd44-49a0-97a0-5ac488c39e75,13,13,3,1,1,1,1,1,1
8 GPU,2,9c329f95-f276-436a-8799-f4a7017d75ed,15,15,2,1,1,1,1,1,1
8 GPU,2,099778a3-cf3d-4a04-807a-11c4bee12dbc,3,3,2,1,1,1,1,1,1
8 GPU,2,7782737b-2ab1-45a5-81e4-ea742e956f0a,18,18,7,1,1,1,1,1,1
8 GPU,2,6a1540be-81a4-423f-8894-54dba8e6d9a2,58,58,21,1,1,1,1,1,1
8 GPU,2,5cf872db-3d59-49ff-9863-8b03998e9135,104,104,24,1,1,1,1,1,1
8 GPU,2,e9474c85-c0b2-44c8-a94f-2176f4b413ee,18,18,3,1,1,1,1,1,1
8 GPU,2,6d473733-b0a3-4778-8b27-343a795b953f,10,10,2,1,1,1,1,1,1
8 GPU,2,adbde4cd-2089-4305-98a9-1b62e2508256,6,6,2,1,1,1,1,1,1
8 GPU,2,70dd82a6-e335-4b0f-bb39-35fff697d3f1,6,6,1,1,1,1,1,1,1
8 GPU,2,a0530c26-5c58-4a34-a278-f18c99a8a56e,15,15,2,1,1,1,1,1,1
8 GPU,2,237d851e-52c3-4a44-bd27-b88e37e83067,10,10,3,1,1,1,1,1,1
8 GPU,2,44b31375-4c5e-480a-b779-38c7281676e9,5,5,2,1,1,1,1,1,1
8 GPU,2,d3bea193-d7aa-44d7-8c01-c12535837e9b,7,7,1,1,1,1,1,1,1
8 GPU,2,8c1af24f-1999-4557-baf0-30541edeab9e,10,10,2,1,1,1,1,1,1
8 GPU,2,95a217a3-cb03-4047-a864-7a1003af64c9,46,46,3,1,1,1,1,1,1
8 GPU,2,ad5d72ba-b9c8-4e4d-bf43-c1cffe334598,65,65,20,1,1,1,1,1,1
8 GPU,2,0e89e6a8-0b33-454c-862b-cc958744ee84,14,14,2,1,1,1,1,1,1
8 GPU,2,90f5a276-885c-49b3-95d3-db20bb590fdb,29,29,0,1,1,1,0,0,0
8 GPU,2,84b763e0-e28f-4801-ace9-58e948982ded,62,62,5,1,2,2,1,1,1
8 GPU,2,cfc15753-43f1-4787-9c45-e128bbdc9418,22,22,5,1,1,1,1,1,1
8 GPU,2,4a24398a-be60-44dd-b9e7-9de617cf7c5e,49,49,5,1,1,1,1,1,1
8 GPU,2,3bad1cef-1b3a-4fa2-9a59-c06a864c333c,23,23,9,1,1,1,1,1,1
8 GPU,2,588465dc-0ec0-4c7c-b3f5-ef8121b41cae,44,44,27,1,1,1,1,1,1
8 GPU,2,78e4b98e-b20b-4e43-a078-92a0de7f4df6,39,39,8,1,1,1,1,1,1
8 GPU,2,38515a31-c70e-45c8-9813-ebb241437e47,24,24,11,1,1,1,1,1,1
8 GPU,2,2d816fce-10d7-45a1-a182-f1f5de6af883,45,45,11,1,1,2,1,1,1
8 GPU,2,a7d0ed95-82bc-4aa9-b6ca-d67704a9b78f,2,2,2,1,1,1,1,1,1
8 GPU,2,070ddf44-88da-401f-b3af-9bc095467285,61,61,5,1,1,1,1,1,1
8 GPU,2,36d32f88-0566-4e8f-99d7-009d4b730097,2,2,1,1,1,1,1,1,1
8 GPU,2,ff1f9bc5-de26-4a1f-abe2-da2392f760a4,10,10,2,1,1,1,1,1,1
8 GPU,2,9805b79b-c3af-401c-be76-87fa49678b03,2,2,1,1,1,1,1,1,1
8 GPU,2,d8c9c491-673d-45d0-9b3f-06b351bf19f0,9,9,2,1,1,1,1,1,1
8 GPU,2,45618d89-4d5a-4037-bea4-0b42df21fd6b,4,4,2,1,1,1,1,1,1
8 GPU,2,1d58b71b-2a7d-4a49-96bc-a018aefb3e9b,9,9,3,1,1,1,1,1,1
8 GPU,2,fb6c414f-4660-461b-9ff7-be5331a09845,10,10,2,1,1,1,1,1,1
8 GPU,2,722bac2a-fb36-4c91-a89d-fc1fd318fc40,12,12,0,1,1,1,0,0,0
8 GPU,2,b4bf8cf2-9de3-420b-9a69-39c60daa0e57,4,4,1,1,1,1,1,1,1
8 GPU,2,1fdf5afe-7bdf-4ef4-be38-e0b9bd5fbbe3,4,4,2,1,1,1,1,1,1
8 GPU,2,2b709285-1396-4ad0-9f44-e0336a86a546,51,51,8,1,1,1,1,1,1
8 GPU,2,54aacb04-ed0a-408d-b26a-80e276c8813d,5,5,4,1,1,1,1,1,1
8 GPU,2,3a58e8ac-6317-4679-ab18-7881fc3fe25b,26,26,5,1,1,1,1,1,1
8 GPU,2,04102126-36df-4586-bdc2-7881093d02af,4,4,3,1,1,1,1,1,1
8 GPU,2,3d50cbd6-0f7b-4ed2-be80-1875505a7a34,17,17,2,1,1,1,1,1,1
8 GPU,2,322ce686-cd52-41ed-ae16-131c75768bc6,15,15,4,1,1,1,1,1,1
8 GPU,2,25506caf-35fb-40d3-af81-7a19bad15b82,23,23,3,1,1,1,1,1,1
8 GPU,2,d5fee46c-693c-4e9f-8368-823f503dc760,36,36,6,1,1,1,1,1,1
8 GPU,2,c6f312c0-03ed-4a28-b391-aae9efe360d7,6,6,2,1,1,1,1,1,1
8 GPU,2,6d425582-b4d5-4a5e-9fb9-dc38012ba43e,10,10,4,1,1,1,1,1,1
8 GPU,2,17edaea9-7b08-45f4-9f46-51cd6a01f8f3,23,23,7,1,1,1,1,1,1
8 GPU,2,c515add9-9f9b-4cbb-80fe-328f360c8cf4,22,22,11,1,1,1,1,1,1
8 GPU,2,cbb7a556-4780-45b2-a01a-eb35ed825f2f,5,5,2,1,1,1,1,1,1
8 GPU,2,376a1895-eeda-49d0-a807-0cada71545b7,8,8,3,1,1,1,1,1,1
8 GPU,2,c43d4566-7730-4593-bade-473da78f4666,4,4,2,1,1,1,1,1,1
8 GPU,2,dd466ede-3509-4c5f-8e8a-903ead20833d,4,4,3,1,1,1,1,1,1
8 GPU,2,9b0ac0b1-d08e-40d2-85bc-cb9300bfcbfd,4,4,2,1,1,1,1,1,1
8 GPU,2,54519d7b-74ef-4492-84f8-caade1b1cb16,5,5,2,1,1,1,1,1,1
8 GPU,2,450567d4-84ad-4c15-bbb7-97eaec24874a,4,4,2,1,1,1,1,1,1
8 GPU,2,c758b26c-1b5d-4cb2-b0ff-93037319d56e,7,7,1,1,1,1,1,1,1
8 GPU,2,39911bbc-925d-40c2-ba4e-becfd444d84a,16,16,5,1,1,1,1,1,1
8 GPU,2,58e6cda3-2395-4dd2-988b-174261892fce,9,9,3,1,1,1,1,1,1
8 GPU,2,08bc37ac-1d6a-4af7-b8f8-eebb7812fae9,5,5,2,1,1,1,1,1,1
8 GPU,2,59258718-c2f7-498a-92c5-ed09065eb94e,4,4,1,1,1,1,1,1,1
8 GPU,2,4c185d23-d896-4577-942c-4314e39782d3,35,35,11,1,1,1,1,1,1
8 GPU,2,815344de-016f-46bd-a88f-06f411c732b0,27,27,11,1,1,1,1,1,1
8 GPU,2,753f37d8-4974-4361-b47c-7eb9a9431e43,4,4,3,1,1,1,1,1,1
8 GPU,2,c7f12532-cee9-4b13-beb4-4a6373fb3e9c,17,17,7,1,1,1,1,1,1
8 GPU,2,db7eead4-ace0-4dea-ad3a-97e284b061a4,7,7,6,1,1,1,1,1,1
8 GPU,2,18a6e441-1d83-4590-81f9-517ed848ec94,93,93,3,1,1,1,1,1,1
8 GPU,2,ed3042a7-bbc8-4c5d-9ca0-492abb56fb5d,22,22,6,1,1,1,1,1,1
8 GPU,2,1006f0b7-b48a-449a-ac07-61bebcc78b6e,34,34,5,1,1,1,1,1,1
8 GPU,3,a3c7215d-0b2d-41a5-90b6-054fb7c95cda,3,3,2,1,1,1,1,1,1
8 GPU,3,645b3577-5a75-4ecb-ae56-b9609e958ce7,4,4,3,1,1,1,1,1,1
8 GPU,3,3adb49a8-f0e2-4a5f-9f87-c1d1cbcf8ca2,4,4,3,1,1,1,1,1,1
8 GPU,3,993fd57f-86fc-44b9-879e-cd69118db574,23,23,5,1,1,1,1,1,1
8 GPU,3,63d79016-7637-439d-ac50-6e2a41b44ae3,4,4,3,1,1,1,1,1,1
8 GPU,3,274f25ed-5960-4683-a392-3d69fa1cb2d6,4,4,3,1,1,1,1,1,1
8 GPU,3,974f2118-cb17-4bab-9a39-9d2c26612ac4,56,56,18,1,1,1,1,1,1
8 GPU,3,a63ad395-c69e-4351-8f54-1281ea9390b5,4,4,3,1,1,1,1,1,1
8 GPU,3,0526611c-ddd6-42fa-b725-5a9d72da2862,8,8,2,1,1,1,1,1,1
8 GPU,3,14e4a391-336b-46c6-a2b6-69b48b6974c2,12,12,2,1,1,1,1,1,1
8 GPU,3,e8663086-56a7-447b-aee7-29112aca1784,22,22,7,1,1,1,1,1,1
8 GPU,3,0e83406b-e44a-4b68-9fb5-2fedff40dbcb,53,53,5,1,1,1,1,1,1
8 GPU,3,2504d9e8-7e14-44ed-9aa9-6d543f9a4e87,6,6,1,1,1,1,1,1,1
8 GPU,3,a24b2a85-c52c-4e5a-bfd3-9050f33838ff,17,17,0,1,1,1,0,0,0
8 GPU,3,c0146f77-1e31-4d5b-8469-f843c02dfc9f,7,7,1,1,1,1,1,1,1
8 GPU,3,8216df3b-a33a-4732-a8f6-9490f3d085ae,47,47,15,1,1,1,1,1,1
8 GPU,3,04870df2-e704-43db-98b3-3393067fd34c,11,11,0,1,1,1,0,0,0
8 GPU,3,ca1ce4fe-ff94-47db-a4a3-e7cb423afd5f,9,9,3,1,1,1,1,1,1
8 GPU,3,b91b9a3d-68c4-4c7e-922b-44b7faf8fa16,12,12,0,1,1,1,0,0,0
8 GPU,3,fa2594fe-fda9-44bc-9bd8-4f1ef70d694e,8,8,3,1,1,1,1,1,1
8 GPU,3,e6dafe1c-1d4e-4665-a24a-be45ad6b9b02,22,22,2,1,1,1,1,1,1
8 GPU,3,cbaf02be-7c9d-4023-94d3-990ba3cea71c,2,2,1,1,1,1,1,1,1
8 GPU,3,e23091c0-78f2-4fb9-ad51-c5f355775c70,18,18,4,1,1,1,1,1,1
8 GPU,3,6d051541-34ac-45d6-af01-568058611588,26,26,8,1,1,1,1,1,1
8 GPU,3,d40301cf-be19-4f78-aa4f-afc9dc711659,24,24,4,1,1,1,1,1,1
8 GPU,3,c0e97f93-c325-4b8e-9748-88ab2f969e45,8,8,0,1,1,1,0,0,0
8 GPU,3,e0e6242c-0eb5-43b7-a5ef-2026b3a1277a,47,47,21,1,1,1,1,1,1
8 GPU,3,a32a5a22-3576-4de8-8f90-429547e95acd,12,12,2,1,1,1,1,1,1
8 GPU,3,a9145a61-91b9-44c1-ba89-dc8da82c0215,27,27,9,1,1,1,1,1,1
8 GPU,3,3ec22680-f65b-4544-a259-262d17e677bf,42,42,22,1,1,1,1,1,1
8 GPU,3,76d5758b-aed6-4bf8-adec-405870a8955e,5,5,2,1,1,1,1,1,1
8 GPU,3,7d4de60c-da34-473a-92fb-bb2a6f48c6ab,21,21,3,1,1,1,1,1,1
8 GPU,3,9b5bf1e6-adc5-4a2c-bdd6-bde10305861c,9,9,1,1,1,1,1,1,1
8 GPU,3,14e9d1c5-4435-4c99-8760-dead75f5e296,26,26,1,1,1,1,1,1,1
8 GPU,3,7c9449a3-ccfe-40b7-8be7-7fb501a35207,10,10,1,1,1,1,1,1,1
8 GPU,3,43224318-6e51-4794-be88-ae1485fdeef3,22,22,1,1,1,1,1,1,1
8 GPU,3,5a83a321-f810-478e-903a-d7de9374b865,17,17,0,1,1,1,0,0,0
8 GPU,3,0f50d3c4-2bf8-45cb-8187-95cdad8d8db3,19,19,1,1,1,1,1,1,1
8 GPU,3,2e0a9c1e-763e-42e6-9c3a-e64b8f7a2331,16,16,2,1,1,1,1,1,1
8 GPU,3,c8a60d4c-0101-405c-b78e-53421de954bf,17,17,2,1,1,1,1,1,1
8 GPU,3,6ff1d8e3-0c36-4c3f-b079-071033e4ff96,52,52,1,1,1,1,1,1,1
8 GPU,3,40a95dc9-dc3c-46fb-9926-d90435635d90,12,12,3,1,1,1,1,1,1
8 GPU,3,871812ef-9856-4ffa-9d00-c8191cbfea7d,4,4,3,1,1,1,1,1,1
8 GPU,3,f4928bcb-80fb-4ff3-9709-cc78f4be9382,10,10,9,1,1,1,1,1,1
8 GPU,3,44c7d802-f249-4fd9-abd7-9d4d2b300631,48,48,4,1,1,1,1,1,1
8 GPU,3,bbe4c243-c0dd-415d-8667-de4060a3b091,17,17,2,1,1,1,1,1,1
8 GPU,3,be427382-2755-4b40-9746-8a86e461e259,9,9,2,1,1,1,1,1,1
8 GPU,3,4600bf9f-37cc-473c-a7a6-7e179f14cf45,25,25,3,1,1,1,1,1,1
8 GPU,3,9ce17a29-767a-4379-b2d6-8e0da9d178a1,49,49,0,1,1,1,0,0,0
8 GPU,3,b28983bb-9b93-4581-8bd5-652b0c974adb,2,2,2,1,1,1,1,1,1
8 GPU,3,6423a185-0720-4afe-b9c1-e8ac6f4b47b4,28,28,3,1,1,1,1,1,1
8 GPU,3,8a7d5f4b-ce7d-49dc-a6b6-1012db1b3feb,54,54,2,1,1,1,1,1,1
8 GPU,3,3db8504a-8ff1-4ca9-91a1-9994d30b9682,46,46,14,1,1,1,1,1,1
8 GPU,3,cf879ca3-d521-472b-b2d3-ae7773481398,25,25,0,1,1,1,0,0,0
8 GPU,3,2f21ebf3-6d5c-456c-8e03-4c2ce5b0bd24,46,46,17,1,1,1,1,1,1
8 GPU,3,908c3202-42cb-4f69-961c-4da193a096cb,17,17,9,1,1,1,1,1,1
8 GPU,3,25a94a3e-406d-47fb-b0f1-70bcf54a1de2,10,10,1,1,1,1,1,1,1
8 GPU,3,c0e4625c-572c-408e-8309-a55f050f262e,5,5,2,1,1,1,1,1,1
8 GPU,3,177d3b21-1485-4b60-b3c1-57557f19bcc0,8,8,2,1,1,1,1,1,1
8 GPU,3,fbe3bb68-7941-4cb4-a5c4-eeae41bc7846,29,29,4,1,1,1,1,1,1
8 GPU,3,ee35db79-cea1-4c4e-9819-fa0ecbd779a4,15,15,5,1,1,1,1,1,1
8 GPU,3,48e6607f-09a8-493f-a740-702dd041516e,14,14,4,1,1,1,1,1,1
8 GPU,3,d1619053-2228-4d22-9695-c8f9395209d4,10,10,1,1,1,1,1,1,1
8 GPU,3,181152dd-1bc7-4c2c-ab0a-b22e1a921d5a,15,15,5,1,1,1,1,1,1
8 GPU,3,be6df78f-962a-4eb7-b577-a9a87f112731,19,19,3,1,1,1,1,1,1
8 GPU,3,5c155d18-35b5-44be-878e-e4839521ce8f,12,12,2,1,1,1,1,1,1
8 GPU,3,22c5f761-5c4c-4506-9a19-c5112c41d91b,33,33,9,1,1,1,1,1,1
8 GPU,3,146fc570-658a-4b39-b486-80422330c83d,26,26,5,1,1,1,1,1,1
8 GPU,3,524a54e5-498f-450b-8e24-b0384e9a6693,3,3,1,1,1,1,1,1,1
8 GPU,3,b3ee1ce7-235c-4a7d-ae48-7bc9a5200a97,7,7,1,1,1,1,1,1,1
8 GPU,3,87c50e9b-b727-45b9-ab00-81da518b3b2f,9,9,2,1,1,1,1,1,1
8 GPU,3,dc0d3a95-aad4-4fa6-992a-92b8bd7e9e71,31,31,7,1,1,1,1,1,1
8 GPU,3,68dcd0af-a74b-4ddf-965e-5078914d9589,45,45,14,1,1,1,1,1,1
8 GPU,3,f7875e57-00e1-47af-aea6-c27fa30385b1,10,10,3,1,1,1,1,1,1
8 GPU,3,eb5bb538-8d14-4c4e-9c29-9bbaab0aa9ab,9,9,3,1,1,1,1,1,1
8 GPU,3,fc5f8189-6638-48a2-aca4-802c8eeea8f0,58,58,0,1,1,1,0,0,0
8 GPU,3,6722df6d-8f77-4238-b670-1ac53e8dc356,42,42,13,1,1,1,1,1,1
8 GPU,3,fa606387-58bf-46fe-b24a-2539565c994e,45,45,14,1,1,1,1,1,1
8 GPU,3,6ec2cca1-e49c-4b49-a294-ec29e8713568,22,22,1,1,1,1,1,1,1
8 GPU,3,dad0e76e-4f9c-4cc8-9add-6803b026d357,37,37,12,1,1,1,1,1,1
8 GPU,3,51825e84-3565-4a5f-8da1-59167d3e2bc0,26,26,12,1,1,1,1,1,1
8 GPU,3,151a5435-b257-4f4b-819a-b34d263137c8,4,4,3,1,1,1,1,1,1
8 GPU,3,bd64dd26-ca05-4af3-b623-6232e2ff0ab1,4,4,3,1,1,1,1,1,1
8 GPU,3,fca4f730-01e7-44a4-b527-1f9fdb68aad8,4,4,3,1,1,1,1,1,1
8 GPU,3,2422b7d6-41f4-42a8-8238-c7790eb722c7,43,43,7,1,1,1,1,1,1
8 GPU,3,97ba38f0-474f-4e54-8cd7-61a977f10103,59,59,27,1,1,1,1,1,1
8 GPU,3,113fc99d-7dbf-4019-885e-d6a919b61ff1,4,4,3,1,1,1,1,1,1
8 GPU,3,c307d4bc-cd61-405d-b55a-a7afed978946,36,36,2,1,1,1,1,1,1
8 GPU,3,a570d547-ca0b-487b-bc7e-df437e0e15a4,5,5,1,1,1,1,1,1,1
8 GPU,3,cdc4535a-35b9-4796-b60b-381f9d44033d,11,11,1,1,1,1,1,1,1
8 GPU,3,2410fb92-fa70-419b-8e03-633060dec913,21,21,4,1,1,1,1,1,1
8 GPU,3,273390bc-5721-4156-bda0-644adeb2728c,5,5,1,1,1,1,1,1,1
8 GPU,3,e666611c-12af-465f-85c6-dec2de4545d8,11,11,1,1,1,1,1,1,1
8 GPU,3,6535e8cf-4836-4488-8f2b-38ce55fa7534,21,21,2,1,1,1,1,1,1
8 GPU,3,753b0ef2-4574-40a5-901f-88cddef19346,5,5,1,1,1,1,1,1,1
8 GPU,3,87129934-b93b-47a0-95ea-55c7f13b6302,15,15,4,1,1,1,1,1,1
8 GPU,3,df1509ec-a299-4fe7-a321-13d39c8f34ef,5,5,4,1,1,1,1,1,1
8 GPU,3,fac1081e-b4ff-4008-a0a7-c044ca295ac8,4,4,3,1,1,1,1,1,1
8 GPU,3,867d4da0-d63e-4071-8aa8-355fec477d43,4,4,3,1,1,1,1,1,1
8 GPU,3,96ca8905-bd64-46f7-945f-3a87afaa519d,5,5,4,1,1,1,1,1,1
8 GPU,3,4dfd298f-a7fe-437f-a2b3-9c0a4d4ac03d,4,4,3,1,1,1,1,1,1
8 GPU,3,a12cf2a6-b7ce-44d7-b182-392e2fae640d,4,4,3,1,1,1,1,1,1
8 GPU,3,33f4f5a0-e13c-433b-a101-78f9aaaf486a,4,4,3,1,1,1,1,1,1
8 GPU,3,311f0cc6-246e-4ec0-8ceb-d9d43dd03a76,5,5,4,1,1,1,1,1,1
8 GPU,3,6d7e4c7a-9817-424e-83b1-f801a185de2e,7,7,2,1,1,1,1,1,1
8 GPU,3,999f01db-4c24-4bbb-bdaf-93671bcae62f,12,12,2,1,1,1,1,1,1
8 GPU,3,a466c317-8ac5-4074-a60f-5ac939ad6a76,4,4,3,1,1,1,1,1,1
8 GPU,3,ba998763-1666-40b5-a5d0-f3aaab1e42da,6,6,2,1,1,1,1,1,1
8 GPU,3,61c19ed7-1d34-4531-bceb-8eac5a99c21d,6,6,1,1,1,1,1,1,1
8 GPU,3,fd3bba80-df9f-4b73-a0d0-4728aee90688,9,9,2,1,1,1,1,1,1
8 GPU,3,ee0ff840-2059-432b-b536-aa12ba909f6d,8,8,2,1,1,1,1,1,1
8 GPU,3,a9abbeb1-3ae0-4192-9aa9-ede5b1e1c63c,28,28,2,1,1,1,1,1,1
8 GPU,3,506745c9-8938-4a8e-a18f-904151e8d331,40,40,15,1,1,1,1,1,1
8 GPU,3,66664864-bcbc-45c6-989b-b21d1ab39600,67,67,11,1,1,1,1,1,1
8 GPU,3,848beb79-a2e9-462f-b329-88e1f588e647,9,9,4,1,1,1,1,1,1
8 GPU,3,ebb9af71-7695-4d15-bcaa-674f59225d96,34,34,2,1,1,1,1,1,1
8 GPU,3,e7e122a6-3f32-446f-90b0-1f63e633baf1,11,11,4,1,1,1,1,1,1
8 GPU,3,356f9814-f1bb-4590-a279-67fefd2fe83d,7,7,3,1,1,1,1,1,1
8 GPU,3,1ee69721-81ce-49aa-a79b-245be287930e,10,10,1,1,1,1,1,1,1
8 GPU,3,51dbf1a2-594d-4fb1-8c22-a068790099ad,24,24,3,1,1,1,1,1,1
8 GPU,3,24455b07-06e2-48bc-9fa8-02dfce5741d4,20,20,2,1,1,1,1,1,1
8 GPU,3,a9425668-b349-4b4f-8705-3429ca668a50,31,31,0,1,1,1,0,0,0
8 GPU,3,eaf3aa45-711f-4153-a717-569709b1bd0d,16,16,4,1,1,1,1,1,1
8 GPU,3,784bb832-df3f-4bb2-b343-c8394ad2d59e,52,52,2,1,1,1,1,1,1
8 GPU,3,8f0d7895-b53a-4745-be55-7f8ebe21c665,16,16,1,1,1,1,1,1,1
8 GPU,3,169c8ff3-7468-443f-966d-80b8942b3557,5,5,2,1,1,1,1,1,1
8 GPU,3,60ed788f-0932-431c-947b-b9e4bd7eb966,7,7,1,1,1,1,1,1,1
8 GPU,3,86dea6f7-8a7e-4dc2-afe3-e33e3553fdfd,23,23,1,1,1,1,1,1,1
8 GPU,4,f636b35c-d446-4033-94fd-d6713c1aa5fc,3,3,2,1,1,1,1,1,1
8 GPU,4,d60133ac-105e-4fe9-88e1-b5f0e2572151,6,6,2,1,1,1,1,1,1
8 GPU,4,1802587f-5b2f-4540-93c3-bd4a7c00a627,12,12,2,1,1,1,1,1,1
8 GPU,4,715ce6c3-644d-40c1-a167-93b29f2b63d4,8,8,1,1,1,1,1,1,1
8 GPU,4,5e6778fc-e936-4adf-9777-b67965fa0b27,5,5,2,1,1,1,1,1,1
8 GPU,4,bfc08457-0b11-4cbd-8df7-4db6b9f65285,5,5,2,1,1,1,1,1,1
8 GPU,4,99eba7f3-4eb3-4cc8-8940-6377f494b87f,17,17,10,6,6,6,1,1,1
8 GPU,4,e387396f-f093-4342-9066-82b52fc2b023,13,13,1,1,1,1,1,1,1
8 GPU,4,6f086b39-bde1-4ea6-a77c-6aa3e49111ae,27,27,6,1,1,1,1,1,1
8 GPU,4,71a8ce70-064b-4c9e-a2d3-5c1a0e9b1773,17,17,1,1,1,1,1,1,1
8 GPU,4,19aaa0e3-693b-433a-aec5-c416c9b4acbd,27,27,4,1,1,1,1,1,1
8 GPU,4,902c41d7-50dc-4569-bbb4-200f2a05f4fd,8,8,1,1,1,1,1,1,1
8 GPU,4,9596c1d2-b51a-40a3-abd9-0fa9cf157ad2,6,6,2,1,1,1,1,1,1
8 GPU,4,8f2795e9-9b2e-40c7-aafb-d3d691536368,14,14,5,1,1,1,1,1,1
8 GPU,4,75d5a890-8f06-4f22-a446-e1d45e925344,44,44,10,1,1,1,1,1,1
8 GPU,4,03eeebf9-3035-47aa-8c40-df568e28effc,14,14,6,1,1,1,1,1,1
8 GPU,4,b3eca202-71b9-4a6f-beac-7af1c9fb98ee,20,20,3,1,1,1,1,1,1
8 GPU,4,82aac05b-56fe-4270-8594-68788884064d,15,15,3,1,1,1,1,1,1
8 GPU,4,0a528ef7-3ed0-4184-88ec-20f93b4f1dea,4,4,3,1,1,1,1,1,1
8 GPU,4,01a5c0c6-27af-4dea-8eb3-92f7cc1f9f9b,8,8,7,1,1,1,1,1,1
8 GPU,4,59ab078d-73ec-443f-b7cb-77f1e7c81a72,12,12,2,1,1,1,1,1,1
8 GPU,4,ff909c14-cf16-40f2-acf0-1679ecf1ab3a,6,6,2,1,1,1,1,1,1
8 GPU,4,097e5623-a2e6-454a-ae9d-db494bfd2e36,22,22,3,1,1,1,1,1,1
8 GPU,4,97508741-964e-4763-83ed-7ef0b4d64bd2,8,8,2,1,1,1,1,1,1
8 GPU,4,532f176d-8708-4ad4-8e23-d1435604a10e,5,5,1,1,1,1,1,1,1
8 GPU,4,ce73f779-5246-4214-9b00-83a246593d7b,8,8,1,1,1,1,1,1,1
8 GPU,4,cd29fb2a-90f9-4966-a1b0-e66f9605bf4a,5,5,1,1,1,1,1,1,1
8 GPU,4,80c68826-3239-491f-9948-eca5b71d3a8c,5,5,2,1,1,1,1,1,1
8 GPU,4,c9489eac-5639-42d9-b1b0-3fb0d7b0148e,8,8,1,1,1,1,1,1,1
8 GPU,4,3a9729b0-56c6-4419-896d-0e4083f6ce2d,5,5,1,1,1,1,1,1,1
8 GPU,4,33d03e04-6ec6-4bf3-88e8-fa1656bae3d4,5,5,1,1,1,1,1,1,1
8 GPU,4,2de8d34b-5c30-49b0-8f5c-ba57027ff6d1,22,22,18,1,1,1,1,1,1
8 GPU,4,a9c3bcbd-fd6a-47a9-bd59-d60174fd30b9,26,26,4,1,1,1,1,1,1
8 GPU,4,fed8076a-e86e-4d91-9d21-f242f7ef5f68,10,10,4,1,1,1,1,1,1
8 GPU,4,c342bb80-2361-4bd7-9d4a-44a5a8c26c85,9,9,0,1,1,1,0,0,0
8 GPU,4,598cf5df-0dc6-4c92-897e-51ed4ce4e0da,45,45,2,1,1,1,1,1,1
8 GPU,4,438560a8-3642-490b-9579-9b3a617b6116,13,13,4,1,1,1,1,1,1
8 GPU,4,4d29ec6a-b2b8-4d7d-8291-6d539e4f73e0,18,18,3,1,1,1,1,1,1
8 GPU,4,383b7eab-753c-46f6-ad43-21c0bcc5fb0c,12,12,2,1,1,1,1,1,1
8 GPU,4,6e8f91bb-e177-4e40-9503-f8307a22fe59,21,21,2,1,1,1,1,1,1
8 GPU,4,10188fd5-a7fe-4a2a-9de0-dc9cdaba7792,22,22,3,1,1,1,1,1,1
8 GPU,4,c65d1277-47c3-4cc7-a516-f7e7dd0e9d95,18,18,6,1,1,1,1,1,1
8 GPU,4,1df500fa-b0cf-4e23-98f5-03f515887b60,15,15,4,1,1,1,1,1,1
8 GPU,4,7cdb82fa-9c6f-4519-974d-3ed14ffb1a1a,18,18,4,1,1,1,1,1,1
8 GPU,4,2e3eadbd-c2c1-40b1-a691-1e390d4ca34f,113,113,34,1,1,1,1,1,1
8 GPU,4,f72a08fb-6cd8-4d54-a28c-1c44a87e030b,61,61,34,1,1,1,1,1,1
8 GPU,4,1ccce5c4-32f5-4f6b-aa0d-01717f6e70c4,4,4,2,1,1,1,1,1,1
8 GPU,4,e23c4e5e-08da-4916-b135-e07ea17f3f3b,4,4,3,1,1,1,1,1,1
8 GPU,4,c44c92a3-13cf-434f-8e5c-e5eb03ba9fcf,5,5,2,1,1,1,1,1,1
8 GPU,4,2bbbbbc0-6470-47cc-9bfe-8c2f9bbef155,5,5,1,1,1,1,1,1,1
8 GPU,4,3a462da1-51b1-41ce-8617-b5d291176c09,21,21,3,1,1,1,1,1,1
8 GPU,4,ef080078-ad1c-4548-b53d-55b34328fdd1,1,1,1,1,1,1,1,1,1
8 GPU,4,d5c912f1-e98e-41e1-840b-cb1de369b0c7,48,48,4,1,1,1,1,1,1
8 GPU,4,d54cc26d-e119-4e8c-bc62-0dfdb9f43442,20,20,3,1,1,1,1,1,1
8 GPU,4,83108077-367d-4522-9f8c-9f7aff3d3844,19,19,2,1,1,1,1,1,1
8 GPU,4,2602ee6c-77e4-4257-b579-e29249a8425d,59,59,6,1,1,1,1,1,1
8 GPU,4,32bfed04-d3d1-4606-84ea-d18c804ff75a,13,13,5,1,1,1,1,1,1
8 GPU,4,e5ac8baa-c497-4dd4-b1de-f744ec3babdf,4,4,3,1,1,1,1,1,1
8 GPU,4,194145ec-0a4d-4c92-bebc-c6e8650b46de,4,4,3,1,1,1,1,1,1
8 GPU,4,99c1cdfc-b11a-4031-bb24-e111678f6d92,11,11,1,1,1,1,1,1,1
8 GPU,4,abcf95e9-792a-4298-9ca6-a96c97bc0175,7,7,4,1,1,1,1,1,1
8 GPU,4,8450e9d8-7d30-4e1f-aff3-da2adc7898da,4,4,3,1,1,1,1,1,1
8 GPU,4,d3363419-c518-4cc7-86ca-c1a1c885b9f7,26,26,1,1,1,1,1,1,1
8 GPU,4,80ce81f1-968a-4553-a6d5-384451b8be0b,4,4,3,1,1,1,1,1,1
8 GPU,4,54c464a8-7765-48b1-b3a9-371e0fbc2fbf,33,33,9,1,1,1,1,1,1
8 GPU,4,54862427-6e16-45a0-b046-a5826f5c1052,24,24,5,1,1,1,1,1,1
8 GPU,4,1966c025-25b2-4ed2-9fba-37bf7ab36e6a,7,7,2,1,1,1,1,1,1
8 GPU,4,b2edb5f7-2a85-4bf5-9e0a-55faf031d11a,5,5,1,1,1,1,1,1,1
8 GPU,4,a397bbd0-a93a-4668-aa88-6048d77bf92d,37,37,7,1,1,1,1,1,1
8 GPU,4,53b364a2-4140-45db-9a50-f53a9d33340a,32,32,2,1,1,1,1,1,1
8 GPU,4,990361f0-6029-4405-b5a8-f6c2d0379b4f,29,29,12,1,1,1,1,1,1
8 GPU,4,039e7408-de27-4fde-90c1-2f7fc44bc54f,5,5,2,1,1,1,1,1,1
8 GPU,4,397b898e-a7d7-4393-814c-eebee09dcc4d,23,23,7,1,1,1,1,1,1
8 GPU,4,94749343-e22e-42b8-97fa-24cf901ba9e9,8,8,7,1,1,1,1,1,1
8 GPU,4,9dc45e43-0c30-452f-80f7-7efccb19a034,4,4,3,1,1,1,1,1,1
8 GPU,4,275ab00a-8e56-4d03-92a1-ec46420c6a8b,61,61,23,1,1,1,1,1,1
8 GPU,4,d7d11af3-852e-4205-909a-afa6667a078c,11,11,9,1,1,1,1,1,1
8 GPU,4,6fa9c4e2-faa6-4439-b38f-1feb50726e78,36,36,16,1,1,1,1,1,1
8 GPU,4,50187f0a-0686-489a-987a-313d09c50ce5,28,28,4,1,1,1,1,1,1
8 GPU,4,b419af4c-cc98-4dde-8295-7e8848ec7412,5,5,4,1,1,1,1,1,1
8 GPU,4,7669353b-e882-4648-a869-b575eff75969,27,27,2,1,1,1,1,1,1
8 GPU,4,c9482c81-ee3a-4163-a50a-ca2aec944228,43,43,2,1,1,1,1,1,1
8 GPU,4,d21bee78-23e0-4a6d-a6a6-79cf23ded2b7,7,7,1,1,1,1,1,1,1
8 GPU,4,a1b3adbe-ef12-49a7-b0d0-b981ea43e966,6,6,2,1,1,1,1,1,1
8 GPU,4,38ae27b7-848e-462f-81d5-baabaf01d0a3,12,12,2,1,1,1,1,1,1
8 GPU,4,646e29ab-3b03-419d-aebb-2469666e6ea5,11,11,3,1,1,1,1,1,1
8 GPU,4,1428bfb5-1e69-413f-8022-f997268301ca,6,6,2,1,1,1,1,1,1
8 GPU,4,3d66bcfc-bfee-4d81-a671-a907217e1cbe,2,2,1,1,1,1,1,1,1
8 GPU,4,52719815-f65d-4a11-88b6-a8c458a32b53,11,11,1,1,1,1,1,1,1
8 GPU,4,782da576-6d71-4ff2-82b1-9870c2037799,3,3,3,1,1,1,1,1,1
8 GPU,4,cc53e195-fe97-4f53-ab78-225ebdccb7f2,28,28,4,1,1,2,1,1,1
8 GPU,4,f941b9ad-d7cb-4114-8da1-53fb63396e8b,17,17,5,1,1,1,1,1,1
8 GPU,4,c61fe572-05fc-4e41-a1ef-a780cd1e74bc,13,13,4,1,1,1,1,1,1
8 GPU,4,cc6e3844-e7cb-4756-ae6d-6acf75ebba10,4,4,1,1,1,1,1,1,1
8 GPU,4,a901b9f3-6fe5-4b99-bda1-88fb0c055272,24,24,2,1,1,1,1,1,1
8 GPU,4,fb46e9e3-df24-4b9b-b6b7-5ed9bc5e4119,5,5,4,1,1,1,1,1,1
8 GPU,4,c721c7cc-6e9f-48ce-bcc1-5a7a61e931f2,4,4,3,1,1,1,1,1,1
8 GPU,4,3dd86f64-20db-4b98-9587-23516606b04f,6,6,2,1,1,1,1,1,1
8 GPU,4,9aa99d09-4d8d-40c6-b2ea-d9099ab32484,17,17,3,1,1,1,1,1,1
8 GPU,4,6e9ae514-e3d4-4aa2-aadd-6aba1b7b9372,7,7,2,1,1,1,1,1,1
8 GPU,4,87cc0c70-a28a-46ce-b059-84fe80357a1f,5,5,2,1,1,1,1,1,1
8 GPU,4,3e650e35-eeee-4b53-bc31-3ae7cc41100e,3,3,2,1,1,1,1,1,1
8 GPU,4,b156ef81-98aa-48ca-a75f-bcaca6a2c399,8,8,1,1,1,1,1,1,1
8 GPU,4,10e21cb1-0f6e-4d4e-b7b8-17178cd02cb1,8,8,2,1,1,1,1,1,1
8 GPU,4,11164fba-ed2f-497d-8c78-13f33660bdc5,27,27,1,1,1,1,1,1,1
8 GPU,4,b4260222-56d8-483f-9569-6d01f79e1efc,8,8,7,1,1,1,1,1,1
8 GPU,4,f870c28b-72c5-443b-adcf-c95a63c0a8cf,16,16,15,1,1,1,1,1,1
8 GPU,4,c69b2881-2610-4353-99ad-6d87160e7945,5,5,2,1,1,1,1,1,1
8 GPU,4,bc5ebc79-0be9-41b9-a0fe-96479a7ab649,5,5,1,1,1,1,1,1,1
8 GPU,4,e4ee9769-a2db-4a7a-bf71-10c958239467,30,30,2,1,1,1,1,1,1
8 GPU,4,e150a69e-4d49-4df0-a6ad-4a5a274936d6,30,30,6,1,1,1,1,1,1
8 GPU,4,e61be473-c0f5-44a0-9827-8186bf09300b,7,7,5,1,1,1,1,1,1
8 GPU,4,e4b28d19-2194-4965-985c-d7933c03c79f,12,11,2,1,1,1,1,1,1
8 GPU,4,11b19020-9139-494f-9471-6a9d222a5492,7,7,6,1,1,1,1,1,1
8 GPU,4,034e771d-81d5-462f-a3c7-e33eeaf122ff,25,25,2,1,1,1,1,1,1
8 GPU,4,5ffe4dff-8e29-4e41-8e67-25fb8f17b120,34,34,4,1,1,1,1,1,1
8 GPU,4,423a0315-2841-44fe-9a01-5fb7586cc4b3,4,4,3,1,1,1,1,1,1
8 GPU,4,574658e9-b419-415c-b6af-4e14257d48d8,7,7,6,1,1,1,1,1,1
8 GPU,4,d7338508-46b6-4dac-870b-ee239cbda5b8,76,76,27,1,1,1,1,1,1
8 GPU,4,905588d3-45fd-4ed4-8a33-96010494bd74,57,57,3,1,1,1,1,1,1
8 GPU,4,fc7fb03e-395b-417b-98af-4c431723908d,4,4,4,1,1,1,1,1,1
8 GPU,4,2bd649c8-f76c-44c5-ac46-b8a799a29a04,27,27,21,1,1,1,1,1,1
8 GPU,4,e6f99814-4bd5-4a48-917c-8cd7a8d1d3d8,4,4,3,1,1,1,1,1,1
8 GPU,4,eeb5b4de-c95b-48ed-8307-3f2f75c496a3,49,49,10,1,1,1,1,1,1
8 GPU,4,c0de9304-29f1-4ebb-afa9-3188c3759fff,4,4,3,1,1,1,1,1,1
8 GPU,4,f56d6c22-3df3-4c26-a6ae-7e692d644017,4,4,3,1,1,1,1,1,1
8 GPU,4,48f35a67-86c0-4822-a14b-afc1160efb0d,7,7,6,1,1,1,1,1,1
8 GPU,4,9112cc50-94bf-489e-a22c-79425025f30c,14,14,1,1,1,1,1,1,1
8 GPU,5,9bb30cb1-fbd2-412d-bf55-af61b9781433,80,80,16,1,1,1,1,1,1
8 GPU,5,ef2b5ed8-acb8-48b6-a32b-c62c05bab76b,4,4,2,1,1,1,1,1,1
8 GPU,5,93023edd-3621-4eea-bc79-7bf2bf904265,4,4,3,1,1,1,1,1,1
8 GPU,5,49428356-2e43-4d2b-bc3a-29e764d2ec1f,14,14,10,1,1,1,1,1,1
8 GPU,5,b03145f2-87b3-4050-a29f-709c1fbc50ac,29,29,16,1,1,1,1,1,1
8 GPU,5,d9222d43-4961-411a-ad3d-53dc9af0bbdf,49,49,18,1,1,1,1,1,1
8 GPU,5,bc5991b9-074c-47e3-9c2a-fe6c5e99139b,23,23,3,1,1,1,1,1,1
8 GPU,5,2a5afde2-2b26-4cc5-86e1-5b8412cf3cf1,23,23,2,1,1,1,1,1,1
8 GPU,5,40252e40-c24b-45bb-82c8-33d2a34a15f3,6,6,2,1,1,1,1,1,1
8 GPU,5,3788b5d4-6dfa-4e3c-9f93-780e2fe9051a,10,10,5,1,1,1,1,1,1
8 GPU,5,8403c9c6-ae2f-450e-9803-fadd5ba41ce9,33,33,6,1,1,1,1,1,1
8 GPU,5,0d3c42d9-b8ac-4e9f-951b-992b33c66998,16,16,4,1,1,1,1,1,1
8 GPU,5,e851647d-144a-4769-bee4-7cbe7e20aff4,5,5,2,1,1,1,1,1,1
8 GPU,5,28759091-d56f-4985-a599-8b7c874a174e,14,14,2,1,1,1,1,1,1
8 GPU,5,70cc9ba0-94a1-48a2-a377-b443fec38fad,8,8,2,1,1,1,1,1,1
8 GPU,5,d321048c-ca30-426e-9fa6-eda58c3603bf,10,10,2,1,1,1,1,1,1
8 GPU,5,edd484fb-2faa-4156-858e-4f8217ba066c,28,28,1,1,1,1,1,1,1
8 GPU,5,fa3c539c-3ffa-4e2b-a164-e98b23ec6ff1,1,1,1,1,1,1,1,1,1
8 GPU,5,c1405c5e-2330-4c6b-adae-f33511d1ed4d,27,27,6,1,1,1,1,1,1
8 GPU,5,64050bde-22a5-41bd-b833-72bee351d283,17,17,5,1,1,1,1,1,1
8 GPU,5,2a593483-686a-4635-b987-5c4f77e90043,37,37,8,1,1,1,1,1,1
8 GPU,5,bb279b84-07f4-42de-9195-56b6a7edd9cd,8,8,4,1,1,1,1,1,1
8 GPU,5,276a1dd6-12a1-4760-aa96-7655d1838273,0,0,0,0,0,0,0,0,0
8 GPU,5,e3727270-a602-4248-a00e-7464ac43d40c,67,67,3,1,1,1,1,1,1
8 GPU,5,a43f368f-ef11-4f94-aa05-32f9172fbf21,11,11,3,1,1,1,1,1,1
8 GPU,5,37517c29-6f0c-4cf6-b3e2-8f07fd6de40c,4,4,3,1,1,1,1,1,1
8 GPU,5,2f80107b-122a-4f0e-bb37-123d7fe877ea,35,35,3,1,1,1,1,1,1
8 GPU,5,3e087624-35c3-4df5-91e5-dde38724b341,10,10,6,1,1,1,1,1,1
8 GPU,5,6d0393f5-cf7e-4013-b56f-f3db1a61e0a6,10,10,9,1,1,1,1,1,1
8 GPU,5,98ebc56f-466e-4eac-ac14-59565b0efc62,16,16,5,1,1,1,1,1,1
8 GPU,5,1aaabd10-3e02-455c-81f7-4e33e925a2ad,16,16,3,1,1,1,1,1,1
8 GPU,5,2ef75542-bd02-44e5-b9d7-cb6880d52607,28,28,6,1,1,1,1,1,1
8 GPU,5,5ad1f2a6-6c69-48ba-baea-0bfdebb9edfa,6,6,3,1,1,1,1,1,1
8 GPU,5,c36b71b8-9d5c-4be8-a27b-212a9566a4a9,4,4,3,1,1,1,1,1,1
8 GPU,5,bff94b35-4604-4b35-9fb2-1fdb40c54c45,10,10,3,1,1,1,1,1,1
8 GPU,5,bfbd2c78-4002-4f3f-b347-9140e8a2f322,32,32,10,1,1,1,1,1,1
8 GPU,5,24aa3226-d521-4cc2-bfda-57e9d9075828,15,15,4,1,1,1,1,1,1
8 GPU,5,b3a31248-865d-4ef5-ad5e-39cb8fc73641,4,4,3,1,1,1,1,1,1
8 GPU,5,52ac54c5-6278-411d-be32-58c0b945471a,14,14,13,1,1,1,1,1,1
8 GPU,5,42297900-84b8-46e9-b82d-fdb9fbb652a2,11,11,5,1,1,1,1,1,1
8 GPU,5,b241209c-b043-41ad-a72f-7a71e48825ff,14,14,2,1,1,1,1,1,1
8 GPU,5,29e94830-b728-4d82-ac59-d92604e2216d,22,22,3,1,1,1,1,1,1
8 GPU,5,11a806c0-3a88-4559-8970-f0feb2e07fef,8,8,3,1,1,1,1,1,1
8 GPU,5,7c7af655-bcac-4587-a7de-4f1260f99245,53,53,22,1,1,1,1,1,1
8 GPU,5,44527f84-3483-4126-b0f3-67a4aa74c05a,11,11,2,1,1,1,1,1,1
8 GPU,5,82ba6c9d-97c5-4314-a7e7-636d4d6c336b,8,8,2,1,1,1,1,1,1
8 GPU,5,6daeef09-722b-48c6-9558-c4c284bf4d15,4,4,3,1,1,1,1,1,1
8 GPU,5,d0302297-5bb5-44ea-95cf-2c15e62b1ebb,62,62,9,1,1,1,1,1,1
8 GPU,5,f4743903-1f82-402a-b929-aa92cd2c8dff,35,35,7,1,1,1,1,1,1
8 GPU,5,7e622276-0997-41e7-a3e3-aa79c967843d,28,28,1,1,1,1,1,1,1
8 GPU,5,285cf77a-3ff1-4826-96de-b84f8f468bc6,14,14,3,1,1,1,1,1,1
8 GPU,5,a8a71f6e-5420-4285-8b49-29bbf44656d7,5,5,4,1,1,1,1,1,1
8 GPU,5,2855531a-4a87-4ed7-b408-db5ed033d992,13,13,5,1,1,1,1,1,1
8 GPU,5,716c796d-4373-4782-86c1-e6b9a3af0ebb,4,4,3,1,1,1,1,1,1
8 GPU,5,0ecbc7f0-99a7-45af-8380-533b4e20a791,5,5,4,1,1,1,1,1,1
8 GPU,5,1db73a2d-7990-4883-bb00-472cc601c28f,7,7,4,1,1,1,1,1,1
8 GPU,5,796e709b-5975-46fe-aaff-c7345b409a67,3,3,3,1,1,1,1,1,1
8 GPU,5,670bae84-2d42-4b11-9936-20bb20484654,14,14,13,1,1,1,1,1,2
8 GPU,5,202240de-94b0-4bb5-9003-a743560b3649,6,6,5,1,1,1,1,1,1
8 GPU,5,6a446c16-0e70-48a5-aa2f-d384325f4e49,8,8,8,1,1,1,1,1,1
8 GPU,5,4ed5a4c2-f01f-42b1-ae52-b2533687f5e9,6,6,5,1,1,1,1,1,1
8 GPU,5,5b05777d-8f91-4aa2-847e-e84eae12d372,25,25,7,1,1,1,1,1,1
8 GPU,5,6daebaeb-0208-42a9-a338-f87e19e29dc6,8,8,7,1,1,1,1,1,1
8 GPU,5,c67a2a9d-520f-4eb3-8a8d-768e8e262e8c,25,25,12,1,1,1,1,1,1
8 GPU,5,73aac412-0e37-46b1-be5f-4a43daab1f5e,42,42,3,1,1,1,1,1,1
8 GPU,5,830ab069-e7df-49dd-bd3b-935e7da5d38e,38,38,10,1,1,1,1,1,1
8 GPU,5,c447663e-687c-4c9a-8d35-1ca37c934e1e,11,11,4,1,1,1,1,1,1
8 GPU,5,658879b5-2d4a-4235-9736-16152e7be025,4,4,3,1,1,1,1,1,1
8 GPU,5,f6abee21-966c-4db6-b4e7-0802ad805fc8,46,46,7,1,1,1,1,1,1
8 GPU,5,f222fc33-dbef-4b28-b58d-11aafbebc489,5,5,4,1,1,1,1,1,1
8 GPU,5,8e1fcf26-46b2-4311-ae11-9d9e530ae150,8,8,2,1,1,1,1,1,1
8 GPU,5,4711d98a-5a62-4bb3-a2ba-c921cc6c589d,1,1,1,1,1,1,1,1,1
8 GPU,5,fd345b97-4c7c-4c2d-8664-df106a59cff0,13,13,11,1,1,1,1,1,2
8 GPU,5,59c93bc1-ff14-4b0f-9737-818be74866fb,13,13,10,1,1,1,1,1,1
8 GPU,5,9db50b2c-ce6e-47cc-b71f-91ede0f47fc7,20,20,19,1,1,1,1,1,1
8 GPU,5,c15b4759-2627-4071-b0d9-01b4471b40e0,6,6,6,1,1,1,1,1,1
8 GPU,5,a32edb38-823c-408d-bb59-cc498a0981ce,8,8,2,1,1,1,1,1,1
8 GPU,5,5acb987d-d16d-4976-8c20-cef1326e8bfc,4,4,3,1,1,1,1,1,1
8 GPU,5,2d504442-3101-4f08-91be-d0931805b8e4,22,21,22,1,1,1,1,1,1
8 GPU,5,46dd1c24-c2ab-4de8-9f46-5003e1821281,105,105,42,1,1,1,1,1,1
8 GPU,5,c3bbbb5c-9975-42f3-81e1-04db1e781ea5,71,71,2,1,1,1,1,1,1
8 GPU,5,e6d38580-eaf0-4908-af3f-235c47dfd524,15,15,3,1,1,1,1,1,1
8 GPU,5,3b1ac44d-e0b8-4c6e-8476-9d4e4d57f658,60,60,2,1,1,1,1,1,1
8 GPU,5,78fae45f-b454-48f3-b789-dbdc4cd5b451,11,11,2,1,1,1,1,1,1
8 GPU,5,3688a228-45ab-4ab0-a844-59e7be719867,4,4,3,1,1,1,1,1,1
8 GPU,5,2fd7e3d1-16c1-4e65-a2e8-c954e4d98bf8,43,43,4,1,1,1,1,1,1
8 GPU,5,b9683871-1e1d-4d41-9f1f-f1e2ca9f4111,18,18,2,1,1,1,1,1,1
8 GPU,5,d7223ad4-f7f5-4d20-bca9-8fc23023e090,22,22,3,1,1,1,1,1,1
8 GPU,5,b6ff13e7-abde-4511-b6d7-b2afaa21375b,36,36,2,1,1,1,1,1,1
8 GPU,5,93b9cfaf-63cc-439c-b336-056f63802e22,40,40,2,1,1,1,1,1,1
8 GPU,5,83dc3511-415a-41eb-8f48-04cbee08e657,78,78,22,1,1,1,1,1,1
8 GPU,5,01c5b06f-8070-415e-bc23-b19ed82c0ab5,53,53,9,1,1,1,1,1,1
8 GPU,5,84fde4ac-0730-4b1e-adb0-e2a773122f3c,14,14,1,1,1,1,1,1,1
8 GPU,5,92952a14-8efb-4cbb-9216-efb7d55438ea,36,36,7,1,1,1,1,1,1
8 GPU,5,b2bcf4ba-4bbc-4209-afdb-2f0c7065d3e7,37,37,3,1,1,1,1,1,1
8 GPU,5,353f32c6-d341-4d33-8638-6de6519b1f78,60,60,8,1,1,1,1,1,1
8 GPU,5,29b27be5-f473-4b79-a4af-5d3e227ff79c,22,22,5,1,1,1,1,1,1
8 GPU,5,70146989-96a7-41ae-a2ab-ab43de252cd3,10,10,3,1,1,1,1,1,1
8 GPU,5,c0f1d733-0ebf-4f3d-9b73-3c2bac3f56fd,6,6,5,1,1,1,1,1,1
8 GPU,5,435ad14b-9849-423b-9d8e-7af73960c3a6,5,5,4,1,1,1,1,1,1
8 GPU,5,bd82b449-7381-4f4e-a88f-be1899eaf9a4,4,4,3,1,1,1,1,1,1
8 GPU,5,b81dc2c8-9c10-40c6-ab1d-432a1165046e,16,16,2,1,1,1,1,1,1
8 GPU,5,18ada924-1566-4816-bddb-0b1ea87de886,25,25,5,1,1,1,1,1,1
8 GPU,5,9772c8f7-6fd5-4313-a07a-4c0a12354fa3,50,49,9,1,1,1,1,1,1
8 GPU,5,1a7d0320-2d05-42d6-a58f-3a3be235bb39,51,51,8,1,1,1,1,1,1
8 GPU,5,655c0b2c-6f7f-4bea-ac40-a837252d5fa7,4,4,3,1,1,1,1,1,1
8 GPU,5,55f4824e-811f-41db-ac42-1de336ede7d7,25,25,3,1,1,1,1,1,1
8 GPU,5,ed85e950-d98e-4be9-bd5b-277ee4cfc011,66,66,17,1,1,1,1,1,1
8 GPU,5,ee74815e-f5f0-4c48-b7a8-d3276175d7cc,92,92,37,1,1,1,1,1,1
8 GPU,5,f51d6862-3d12-4f5c-8b47-2bbfcc9645e5,99,99,5,1,1,1,1,1,1
8 GPU,5,43eda2a5-0349-4f88-a1f4-71c1db8a19df,4,4,3,1,1,1,1,1,1
8 GPU,5,a95d3d49-8c4e-4559-bd8c-31d46bc11a1e,37,37,12,1,1,1,1,1,1
8 GPU,5,930df885-5181-415b-be51-d01b6e2cb03c,102,102,12,1,1,1,1,1,1
8 GPU,5,15e0fd17-8d33-4339-a7dc-7c6e0abc74bf,29,29,6,1,1,1,1,1,1
8 GPU,5,4395c799-6cc1-42c0-b4a4-dec738bfdbe8,30,30,3,1,1,1,1,1,1
8 GPU,5,65efbb56-054c-4eda-998f-14619d78ba76,3,2,2,1,1,1,1,1,1
8 GPU,5,13925dd7-26ed-41ed-9002-fd3b36bef8c6,15,15,4,1,1,1,1,1,1
8 GPU,5,9da8e51f-99bf-4781-bd17-f94c97fcb44a,12,12,4,1,1,1,1,1,1
8 GPU,5,b9b77c72-78bd-4f47-aec0-d485440c3db6,10,10,2,1,1,1,1,1,1
8 GPU,5,1553c0af-a200-4a15-ab01-04b41e219935,36,36,3,1,1,1,1,1,1
8 GPU,5,e66b241c-d545-4127-aa39-d88cd52dc242,4,4,3,1,1,1,1,1,1
8 GPU,5,c1df7ef6-0ee4-4204-b392-5f5880c85b15,4,4,3,1,1,1,1,1,1
8 GPU,5,042a9ea7-1a52-4a18-bbdf-28add9ad2841,14,14,3,1,1,1,1,1,1
8 GPU,5,5aa0f20b-3570-4256-b19a-8c338ca5fb5d,18,18,7,1,1,1,1,1,1
8 GPU,5,751b1e5b-3d50-45ef-8218-5dd529ba4a03,4,4,3,1,1,1,1,1,1
8 GPU,5,99b354b8-53ba-49ef-bd33-73a0707b01f3,4,4,3,1,1,1,1,1,1
8 GPU,5,1f2de428-a34d-4c42-a1d6-42c75524ac03,38,38,2,1,1,1,1,1,1
8 GPU,5,dfbc3459-723f-4baf-a0bd-872ce692dc26,40,40,4,1,1,1,1,1,1
8 GPU,6,867acda6-ae36-49f3-9714-bf821a88ca98,4,4,3,1,1,1,1,1,1
8 GPU,6,0eea1af4-e8c9-4c76-8c72-97311504d800,4,4,3,1,1,1,1,1,1
8 GPU,6,210927ee-c543-43d8-95c6-f94e16507a38,8,8,2,1,1,1,1,1,1
8 GPU,6,db15ead6-943a-4f3f-8ca0-8ecba4400d07,4,4,3,1,1,1,1,1,1
8 GPU,6,1f6c092c-db18-464e-9af1-9fd9ea25eed2,4,4,3,1,1,1,1,1,1
8 GPU,6,d54bf74c-8d49-4a51-8b3f-c3b58d757948,4,4,3,1,1,1,1,1,1
8 GPU,6,b9ab3eaf-652b-4889-9638-6d0fe867ca03,27,27,2,1,1,1,1,1,1
8 GPU,6,a3b6f7ee-f6ff-4af6-8dee-786e57673581,8,8,2,1,1,1,1,1,1
8 GPU,6,622a245e-23cd-43cb-af51-77edc86dec65,28,28,5,1,1,1,1,1,1
8 GPU,6,d27f6e63-77ec-42f1-807d-a0bbb4b3de7b,7,7,4,1,1,1,1,1,1
8 GPU,6,c59fc399-f348-4e0e-b14a-acb5f716559b,62,62,32,1,1,1,1,1,1
8 GPU,6,a36d0ca9-f0e7-4704-b867-62e4622d98a9,73,73,15,1,1,2,1,1,1
8 GPU,6,72a7961a-1a33-4e69-af71-d880a63e9757,52,52,20,1,1,1,1,1,1
8 GPU,6,e5a317f0-2935-4876-87da-1133f1401f9e,41,41,24,1,1,1,1,1,1
8 GPU,6,dbc5a033-59d4-44fd-9312-50e9ed4f3832,36,36,4,1,1,1,1,1,1
8 GPU,6,ca38ff28-5494-497b-924e-5e2b2ee73ce5,7,7,2,1,1,1,1,1,1
8 GPU,6,61a7d63c-81ec-44e7-9289-a7a406c91cff,6,6,5,1,1,1,1,1,1
8 GPU,6,069c2da4-d3ad-4bcd-b6d3-82285caad643,4,4,4,1,1,1,1,1,1
8 GPU,6,2daaf7bf-4c9e-4a76-a960-51156c2a3666,60,60,6,1,1,1,1,1,1
8 GPU,6,71cc85c5-fe1a-48f9-8a2a-df03e226afa8,59,59,9,1,1,1,1,1,1
8 GPU,6,0326313f-4f0f-4b60-ba60-a9b37c6de92f,29,29,12,1,1,1,1,1,1
8 GPU,6,ad91e280-0912-462d-b4e7-13a199616138,7,7,6,1,1,1,1,1,1
8 GPU,6,1c507f14-bd7a-4434-92d6-18d539eb6a4e,5,5,3,1,1,1,1,1,1
8 GPU,6,c6711632-e11d-4272-87e9-ef84dbda66f3,23,23,7,1,1,1,1,1,1
8 GPU,6,4c11661c-0344-456c-8ce3-7fec9e1aae80,4,4,3,1,1,1,1,1,1
8 GPU,6,cf2871fc-79f8-4f08-bcc1-c43a1f74d026,4,4,3,1,1,1,1,1,1
8 GPU,6,7845b230-8e30-40de-aeb5-f2265ab21665,7,7,6,1,1,1,1,1,1
8 GPU,6,a996f95d-0777-45aa-a523-c113b26a1879,48,48,16,1,1,1,1,1,1
8 GPU,6,085c0212-d711-4561-879c-2d9df64a5b80,4,4,3,1,1,1,1,1,1
8 GPU,6,92ece38e-6b41-4b14-ac6d-73799efb97a4,4,4,4,1,1,1,1,1,1
8 GPU,6,b875beb1-5208-4322-8c07-a4d6bc253a86,47,47,25,1,1,1,1,1,1
8 GPU,6,340cf2fd-0838-431c-912c-00fabe4f5456,1,1,1,1,1,1,1,1,1
8 GPU,6,e2ca7e97-a06c-4650-9ea2-396fbe5f55fd,4,4,2,1,1,1,1,1,1
8 GPU,6,05d74124-7525-4260-a10a-9b65e3840511,2,2,2,1,1,1,1,1,1
8 GPU,6,cd30595f-206a-45f5-85b2-e8f33754ceab,3,3,2,1,1,1,1,1,1
8 GPU,6,f8664764-d828-4d57-bd32-92a40da1a1a1,15,15,3,1,1,1,1,1,1
8 GPU,6,bd72dea2-48d6-47f2-a2f3-a5fec22f8a0c,5,5,5,1,1,1,1,1,1
8 GPU,6,7549f66d-91e1-4589-aa8f-932d8d6effbc,4,4,3,1,1,1,1,1,1
8 GPU,6,b33d1b25-5501-4c8d-b39f-57d485a96673,3,3,3,1,1,1,1,1,1
8 GPU,6,5f0a6182-67c5-4fd9-a68e-dc2e99ec8997,7,7,5,1,1,1,1,1,1
8 GPU,6,8eb2de2d-72bd-44e3-95f3-f0d131d1c095,4,4,3,1,1,1,1,1,1
8 GPU,6,e471efb5-acae-4828-8bfb-b2b71cd4bc6e,36,36,12,1,1,1,1,1,1
8 GPU,6,1f7aa3c2-6ef4-458f-8584-51b0f159667d,4,4,2,1,1,1,1,1,1
8 GPU,6,cb6cfa6b-a4cd-4d97-b39f-fbcf43aa1e45,56,56,4,1,1,1,1,1,1
8 GPU,6,ef4b0531-9552-4c21-a1f3-5ee28f1b2658,1,1,1,1,1,1,1,1,1
8 GPU,6,fb920c3f-5ae2-42cd-a4bc-f943fdf3839e,18,18,8,1,1,1,1,1,1
8 GPU,6,603eda7e-1c0d-48f3-95f5-a2e32b3fc3c4,4,4,3,1,1,1,1,1,1
8 GPU,6,cd1ae030-b7dc-4ef5-91c3-503cd92fbccd,4,4,3,1,1,1,1,1,1
8 GPU,6,e62098ba-5a9c-4ea0-882f-f02b78df29f3,4,4,3,1,1,1,1,1,1
8 GPU,6,f484e441-34bf-491e-9019-bbb54fde6314,46,46,12,1,1,1,1,1,1
8 GPU,6,a00e67d7-90c6-404f-8454-02940bbde085,42,42,8,1,1,1,1,1,1
8 GPU,6,141940c5-150c-48d2-b666-41917eb2ee3a,1,1,1,1,1,1,1,1,1
8 GPU,6,a94db4d3-2449-4ec6-a4b7-035ac17cee86,13,12,3,1,1,1,1,1,1
8 GPU,6,553e6570-a54b-40f3-b196-b4add42e36d1,61,61,17,1,1,1,1,1,1
8 GPU,6,c7218505-86da-4550-8e45-cf90efc0b500,5,5,3,1,1,1,1,1,1
8 GPU,6,9b9aacba-bd2b-4392-901d-74afc0061429,22,22,4,1,1,1,1,1,1
8 GPU,6,550d3613-ffbf-4d54-8547-f182126969c4,17,17,6,1,1,1,1,1,1
8 GPU,6,bf014e36-f577-4240-a7a2-0dbb8eb54188,24,24,3,1,1,1,1,1,1
8 GPU,6,47af18f0-c467-441a-9dd2-badaab9bfb13,50,50,8,1,1,1,1,1,1
8 GPU,6,69790039-7033-4aef-8d87-9869815e3879,49,49,12,1,1,1,1,1,1
8 GPU,6,82103e01-eea9-4513-9800-d80363be176c,34,34,7,1,1,1,1,1,1
8 GPU,6,5ac56118-39b8-4968-ab5c-bed7c0d81c9a,50,50,7,1,1,1,1,1,1
8 GPU,6,7f4d189b-197d-44c6-8854-b9aafd40f213,36,36,13,1,1,1,1,1,1
8 GPU,6,101c19c6-953a-4844-92df-6637fbf5ae22,6,6,5,1,1,1,1,1,1
8 GPU,6,cfeaf690-ad45-415a-a5fc-c603c1d95438,41,41,16,1,1,1,1,1,1
8 GPU,6,5345c1cb-815c-4225-bd7d-10354acf4588,52,52,6,1,1,1,1,1,1
8 GPU,6,589078a7-543a-4b0d-a6af-7a5cbe102db8,28,28,5,1,1,1,1,1,1
8 GPU,6,7b243442-dbe0-4311-a9c5-f0110ace2494,4,4,3,1,1,1,1,1,1
8 GPU,6,435ef077-2304-46d1-9bd8-bf607422bd30,68,68,28,1,1,1,1,1,1
8 GPU,6,4cf215cb-992d-4f9e-aaa9-a31554a1dedc,4,4,3,1,1,1,1,1,1
8 GPU,6,c2d30866-7a03-4333-bc7e-2956f7d86ae7,1,1,1,1,1,1,1,1,1
8 GPU,6,dc7726c7-5f71-4502-953d-c3b4225f1734,43,43,7,1,1,1,1,1,1
8 GPU,6,9d1a7a5e-0966-4dbd-9e45-89163c447add,9,9,6,1,1,1,1,1,1
8 GPU,6,ae6f40e4-476c-4c32-878f-ad86d1d0fd67,4,4,3,1,1,1,1,1,1
8 GPU,6,af963137-e70b-4682-8d87-efbbe0da8b29,8,8,7,1,1,1,1,1,1
8 GPU,6,3c40fc27-e2b1-4cf5-ad17-4c8f1e69f9b9,67,67,7,1,1,1,1,1,1
8 GPU,6,c607cfbd-0335-473a-a158-a6566283bfa5,4,4,3,1,1,1,1,1,1
8 GPU,6,39eb4958-faa0-4156-a5e9-f048814cfc40,33,33,8,1,1,1,1,1,1
8 GPU,6,fba8926f-b657-49fe-bd5e-63e358b02fb2,34,33,13,1,1,1,1,1,1
8 GPU,6,4be42a75-b2f9-489f-beb9-daeecae7c9d3,25,25,15,1,1,2,1,1,1
8 GPU,6,a0ddd0f2-ae06-430d-89a2-0b0d7a5ee2dc,30,30,14,1,1,1,1,1,1
8 GPU,6,4b7f5113-de74-4116-8fb9-e22ff7195f70,23,23,9,1,1,1,1,1,1
8 GPU,6,0f184082-56eb-4d04-ae6d-7ac688b97246,17,17,4,1,1,1,1,1,1
8 GPU,6,021a9dcd-6e15-444b-acb1-91b94fdf8c37,27,27,4,1,1,1,1,1,1
8 GPU,6,52357375-b0cb-4c3e-b267-37e9689f1b14,52,52,1,1,1,1,1,1,1
8 GPU,6,d4803034-3bdb-4846-adfe-43ce6939f06a,7,7,5,1,1,1,1,1,1
8 GPU,6,957ace1c-1f4a-473f-a38e-25493f12865b,32,32,11,1,1,1,1,1,1
8 GPU,6,1fca45e0-023e-4264-81ed-30791d435f63,28,28,3,1,1,1,1,1,1
8 GPU,6,77aba021-22ae-467e-9866-7136da85bb4d,4,4,3,1,1,1,1,1,1
8 GPU,6,e618436b-2443-452e-b94c-2c4c7606a886,31,31,1,1,1,1,1,1,1
8 GPU,6,81d9d766-36c4-4f86-8c0c-40f46cef447a,4,4,3,1,1,1,1,1,1
8 GPU,6,50d45be9-c865-4cac-801e-ac1a828ebfa0,30,30,1,1,1,1,1,1,1
8 GPU,6,99e57040-d8d4-4001-9bf9-42414c4fc658,4,4,3,1,1,1,1,1,1
8 GPU,6,3dce1433-9c1d-4a80-bec8-4a6bd7cb65c8,16,16,15,1,1,1,1,1,1
8 GPU,6,0aa211fd-2277-48ff-b759-b37f82e60dd7,46,46,21,1,1,1,1,1,1
8 GPU,6,54df5378-086a-48df-8a1b-6152470ad9c6,49,49,13,1,1,1,1,1,1
8 GPU,6,21daf498-b1f9-47e9-930d-903eefddedd1,27,27,4,1,1,1,1,1,1
8 GPU,6,c85cbbaa-ea23-408d-aa8f-eb100c8d7789,38,38,7,1,1,1,1,1,1
8 GPU,6,880c283e-dbc4-458a-a31a-1d4257b4288d,40,40,2,1,1,1,1,1,1
8 GPU,6,401afcc5-c48f-48b8-9068-0a75b7200a55,7,7,1,1,1,1,1,1,1
8 GPU,6,333171df-6b3d-4b56-9908-f8eac03d18e6,46,46,13,1,1,1,1,1,1
8 GPU,6,adffa07a-2e54-45dd-9b33-acdcb953b1ad,22,22,3,1,1,1,1,1,1
8 GPU,6,c7d410ed-aff3-41d3-8c5d-9f87ee9102e7,8,8,3,1,1,1,1,1,1
8 GPU,6,90cf3155-1af0-4bfe-bf78-9c77df71349d,12,12,3,1,1,1,1,1,1
8 GPU,6,c60d187a-709f-4901-84dd-e1d263f9fd21,3,3,3,1,1,1,1,1,1
8 GPU,6,77d142a6-bbff-4250-9989-3a53300a3883,40,40,1,1,1,1,1,1,1
8 GPU,6,629fc71e-3c06-4ee0-8808-ed76ab1314e3,100,100,33,1,1,1,1,1,1
8 GPU,6,d9b798b8-0511-4649-8e3c-8c275cac6568,2,2,2,1,1,1,1,1,1
8 GPU,6,5768930f-6df7-4f80-82be-ff7364ada432,79,79,21,1,1,1,1,1,1
8 GPU,6,9ad4d9dc-c766-4f74-82e9-613f75d8debe,78,78,12,1,1,1,1,1,1
8 GPU,6,2e4c6ab7-a44a-4486-82d2-dcfc9566a83e,103,103,27,1,1,1,1,1,1
8 GPU,6,c404f2c7-2860-4856-b106-1df852b6501e,9,9,1,1,1,1,1,1,1
8 GPU,6,2768dcfb-c730-41bb-8e02-0807c8dac4d9,127,127,26,1,1,1,1,1,1
8 GPU,6,caf98e77-dc21-4518-8be2-b7dc20044a78,22,22,9,1,1,1,1,1,1
8 GPU,6,e16c335d-4b34-4eb4-b0eb-5f58323a2a3a,32,32,6,1,1,1,1,1,1
8 GPU,6,3f674dac-e21a-49ff-bd08-551f794032d1,50,50,22,1,1,1,1,1,1
8 GPU,6,af54a7d7-d9b5-49d5-a1dd-939f88dcb4a8,47,47,5,1,1,1,1,1,1
8 GPU,6,24b4c179-0c4e-46da-8beb-156c88f6e32c,4,4,2,1,1,1,1,1,1
8 GPU,6,81c84b78-0146-4475-804d-2e624f0e502c,31,31,7,1,1,1,1,1,1
8 GPU,6,7706ae4f-9a6d-4673-9044-5ff6b03b3d58,32,32,5,1,1,1,1,1,1
8 GPU,6,fce2c914-5684-4406-8312-98200eb91b49,5,5,4,1,1,1,1,1,1
8 GPU,6,0172cbb4-7a04-463a-a01c-4c947d04dbe5,4,4,3,1,1,1,1,1,1
8 GPU,6,2bac6998-ca26-4943-86e8-c9bd67cfe97d,27,27,1,1,1,1,1,1,1
8 GPU,6,0d39e863-9386-49fc-ae48-440b0ffe6ba4,0,0,0,0,0,0,0,0,0
8 GPU,6,99f109f4-5e27-49cc-97c9-a51602144a8e,30,30,9,1,1,1,1,1,1
8 GPU,6,d7d30b4e-4941-4078-ac49-7a8481517a75,12,12,5,1,1,1,1,1,1
8 GPU,6,22c991a1-4c8b-44b8-81a0-0678dc4ce0c2,7,7,6,1,1,1,1,1,1
8 GPU,6,efc0fa8a-d7ba-41e0-a55a-0cfa4fd3edbf,41,41,3,1,1,1,1,1,1
8 GPU,7,97ee8f18-88b0-4b41-86b5-d8c930908c7e,4,4,4,1,1,1,1,1,1
8 GPU,7,865c81cb-3888-48ac-8dff-2a08c7845122,59,59,1,1,1,1,1,1,1
8 GPU,7,3c9d737f-be76-4553-b452-e4f5c7022e8d,17,17,1,1,1,1,1,1,1
8 GPU,7,c71ea99c-1c87-4c48-b30a-92905b705766,35,35,4,1,1,1,1,1,1
8 GPU,7,83613de6-3128-47ed-8b50-00458d40211f,81,81,10,1,1,1,1,1,1
8 GPU,7,a8c5313d-bfee-46c3-825b-5bbe7797a8ec,54,54,5,1,1,1,1,1,1
8 GPU,7,e84a4c8e-5e2b-4018-af88-e40e7b857e50,4,4,3,1,1,1,1,1,1
8 GPU,7,cfdbe5dc-ded7-40e3-893e-1aa8e42a9ad7,4,4,3,1,1,1,1,1,1
8 GPU,7,ae094911-c9ee-459b-ba10-71beb069e0af,4,4,3,1,1,1,1,1,1
8 GPU,7,d21c7cb9-f3ca-44c0-8ae5-ca864021ee4f,4,4,3,1,1,1,1,1,1
8 GPU,7,20277da9-cadf-4a03-b7a9-4e4dcb6bfbf3,9,9,7,1,1,1,1,1,1
8 GPU,7,925dd76f-6ea6-4626-8d26-dc52552a30ea,51,51,25,1,1,1,1,1,1
8 GPU,7,887c0b06-95b1-4e3f-8a4b-9a92e66c5d1c,4,4,3,1,1,1,1,1,1
8 GPU,7,4397cdb6-79ac-4bb1-92e4-c54b187ac1a2,0,0,0,0,0,0,0,0,0
8 GPU,7,8814f486-60d0-448f-936d-4f4098914648,6,6,4,1,1,1,1,1,1
8 GPU,7,ca85d2ed-80e1-4878-8ceb-1a4da733e5fb,7,7,6,1,1,1,1,1,1
8 GPU,7,446dcd0c-18c3-444b-bab6-e95995019edb,17,17,11,1,1,1,1,1,1
8 GPU,7,a8f81dae-50fd-43a8-b82a-fb8778d7718f,32,32,11,1,1,1,1,1,1
8 GPU,7,000af741-2e0e-42c4-941f-f1795c73b80a,46,46,19,1,1,1,1,1,1
8 GPU,7,55fc5d06-7128-405f-88f5-4ade6572819a,30,30,1,1,1,1,1,1,1
8 GPU,7,52e72962-bd8d-4105-9003-c0775e578b34,4,4,3,1,1,1,1,1,1
8 GPU,7,7e4d4c58-781f-49ff-a1f2-7eeea18df685,12,12,5,1,1,1,1,1,1
8 GPU,7,0bd76eef-4109-42c3-8034-984fad1bf4e1,4,4,3,1,1,1,1,1,1
8 GPU,7,1b722d32-5262-40b4-8215-2bede68769b4,4,4,3,1,1,1,1,1,1
8 GPU,7,23aba823-8672-4952-b9e1-3d67a99d406d,7,7,2,1,1,1,1,1,1
8 GPU,7,6d195809-9f5e-41db-bda5-1e2928fedd71,20,20,2,1,1,1,1,1,1
8 GPU,7,b3aef71e-ca6a-4e59-8602-f5b7270b3901,7,7,2,1,1,1,1,1,1
8 GPU,7,622a33f7-bfcb-4af7-921e-862157fe6e98,16,16,4,1,1,1,1,1,1
8 GPU,7,e672062f-6644-40c7-9ddc-ce8efd0586ab,16,16,1,1,1,1,1,1,1
8 GPU,7,8677f41f-a74a-4e99-9709-23a6fd47268a,4,4,3,1,1,1,1,1,1
8 GPU,7,9b3c58d2-7fe2-4950-864e-3107f30ba975,23,23,1,1,1,1,1,1,1
8 GPU,7,d68ab4f1-68c8-49b3-9037-417ae1c735ab,11,11,4,1,1,1,1,1,1
8 GPU,7,16633a21-2b8f-4b21-a82a-964871ed00e7,32,32,2,1,1,1,1,1,1
8 GPU,7,e47b26c5-5288-4a2e-8393-10f1a42760e0,45,45,7,1,1,1,1,1,1
8 GPU,7,1090eb85-8844-40c5-8684-9a3d0f01a221,10,10,2,1,1,1,1,1,1
8 GPU,7,5a691312-33ee-436a-a3e7-2b74854a6f6c,6,6,3,1,1,1,1,1,1
8 GPU,7,3d2eeb43-b365-4b43-b2fd-e3ee84322d78,20,20,2,1,1,1,1,1,1
8 GPU,7,dd972ad5-222d-45af-b88b-dd2f20aa07d1,14,14,2,1,1,1,1,1,1
8 GPU,7,af3820f7-028f-44c2-bdd7-cbd58c9f7269,41,41,8,1,1,1,1,1,1
8 GPU,7,64ddd8ea-f6fd-4290-b22c-1d80cc4fe468,14,14,3,1,1,1,1,1,1
8 GPU,7,699a2067-2c68-4d63-b380-dfd06be657f3,38,38,9,1,1,1,1,1,1
8 GPU,7,a9eb3312-938d-4b35-8eed-c627a8fa7f58,21,21,6,1,1,1,1,1,1
8 GPU,7,057ec30d-e2ac-499d-bb28-aeb8c1cca0c8,47,47,9,1,1,1,1,1,1
8 GPU,7,5746cf58-5191-423d-b687-23632b268154,17,17,3,1,1,1,1,1,1
8 GPU,7,fbf60aa4-5b39-407e-a431-c4fc3380bf09,23,23,3,1,1,1,1,1,1
8 GPU,7,c6563424-2d3f-403f-a5a7-36c657ddaf24,48,48,16,1,1,1,1,1,1
8 GPU,7,b283c4d5-4ac6-463d-8bb3-f3443becce08,4,4,3,1,1,1,1,1,1
8 GPU,7,0839cc66-73db-4e86-babf-9acb76870291,29,29,8,1,1,1,1,1,1
8 GPU,7,a60fe17e-4f02-4437-a098-67773186cc4c,30,30,6,1,1,1,1,1,1
8 GPU,7,6259d121-8e71-4522-a8a5-5821c09f2f58,39,39,7,2,2,2,1,1,1
8 GPU,7,bf99dd60-a451-4769-848f-69ce36fd7852,4,4,3,1,1,1,1,1,1
8 GPU,7,b48f16b6-581b-4f2e-9574-fe8e8cb8b4a6,52,52,20,1,1,1,1,1,1
8 GPU,7,90c39612-14a7-426f-b848-0fd348c97a1f,16,16,2,1,1,1,1,1,1
8 GPU,7,73447c36-f2fc-46bd-84d8-eaa3a5588ff2,43,43,3,1,1,1,1,1,1
8 GPU,7,5713604d-05d6-4d31-be59-9b86c4636513,42,42,7,1,1,1,1,1,1
8 GPU,7,f9a8ddc0-9474-4bc4-9831-fce28d5a7424,33,33,2,1,1,1,1,1,1
8 GPU,7,bccb59e8-3323-4db7-80bc-73cd0d040db0,14,14,1,1,1,1,1,1,1
8 GPU,7,350e18cd-5308-4390-8829-3f1b9faed762,12,12,1,1,1,1,1,1,1
8 GPU,7,2c9ab58c-8220-4e3e-807f-0fd6de320d0f,10,10,5,1,1,1,1,1,1
8 GPU,7,9ad4b93c-7f30-4f22-9e98-929d97e485a1,1,1,1,1,1,1,1,1,1
8 GPU,7,9cb6b12b-757e-4b3f-9697-5ca34a431ca5,19,19,1,1,1,1,1,1,1
8 GPU,7,59696d8e-c953-4694-a417-3e49b920ca06,7,7,2,1,1,1,1,1,1
8 GPU,7,fded8551-dd58-4104-b581-d7c67cbb1c45,7,7,2,1,1,1,1,1,1
8 GPU,7,ece8da1c-04f4-4514-99d7-a7be085ad40f,16,16,3,1,1,1,1,1,1
8 GPU,7,c841b09d-b966-48c8-9bc5-037289314cf6,13,13,6,1,1,1,1,1,1
8 GPU,7,eb76569a-1769-4f4b-bfeb-1c713a247b0a,8,8,1,1,1,1,1,1,1
8 GPU,7,64652779-817c-4103-9fb5-4b825429d73c,14,14,10,1,1,1,1,1,1
8 GPU,7,1c7636a6-9f11-4cca-a3cb-d5c95c4815c7,6,6,2,1,1,1,1,1,1
8 GPU,7,09fdc24a-0690-4b07-a545-8582c08cc445,22,22,2,1,1,1,1,1,1
8 GPU,7,c502f089-884c-4415-9d2e-f87e3550c11b,25,25,4,1,1,1,1,1,1
8 GPU,7,0ddf643f-605a-49ad-853a-7d7682fa2b59,24,24,4,1,1,1,1,1,1
8 GPU,7,e165e4d9-baae-47e3-bd0d-4578c2b3292b,13,13,2,1,1,1,1,1,1
8 GPU,7,501ae429-9063-4ef3-9440-b98e47143ed2,8,8,1,1,1,1,1,1,1
8 GPU,7,291a13ba-f33d-4a54-9312-dffed863e03c,8,8,2,1,1,1,1,1,1
8 GPU,7,09f74ab3-146b-4ac5-b59e-45e0900bb709,11,11,1,1,1,1,1,1,1
8 GPU,7,4166d2cf-56d2-40c6-a5e2-b64d3696fd2a,11,11,1,1,1,1,1,1,1
8 GPU,7,6f82e290-66e3-44d2-89aa-03648c9796d6,5,5,2,1,1,1,1,1,1
8 GPU,7,c817b256-e55c-457e-a69e-17e29a1b384c,8,8,1,1,1,1,1,1,1
8 GPU,7,a976eaba-e377-48ae-93e7-f6c8d2f64598,5,5,1,1,1,1,1,1,1
8 GPU,7,cd18a746-8266-433e-8339-a7e53b011cb7,43,43,2,1,1,1,1,1,1
8 GPU,7,3aae84e9-cb4c-4708-8cfd-e9e9e9eccc47,40,40,10,1,1,1,1,1,1
8 GPU,7,f9ef6d81-a577-47fc-86fb-341ca35e222d,33,33,10,1,1,1,1,1,1
8 GPU,7,8fc79fb0-ff94-4b73-a92d-ed943efb7a4c,37,37,16,1,1,1,1,1,1
8 GPU,7,1c14a314-5084-4017-b808-b96640170f14,37,37,13,1,1,1,1,1,1
8 GPU,7,8e23cc70-f3e6-4c9d-aa98-41f20d7d293f,5,5,4,1,1,1,1,1,1
8 GPU,7,2eda3741-8246-43b2-8bc1-8874a8aab184,12,12,5,1,1,1,1,1,1
8 GPU,7,a832f979-9dbb-4ac7-9b53-f6b48969e1fe,54,54,12,1,1,1,1,1,1
8 GPU,7,7ab33f2c-47ca-45d0-8a1d-8b878564ef65,39,39,5,1,1,1,1,1,1
8 GPU,7,df3b3af0-b69c-4515-bccc-8eee628fdd24,6,6,3,1,1,1,1,1,1
8 GPU,7,bef63669-3132-4722-bce5-69b93aa09fde,12,12,1,1,1,1,1,1,1
8 GPU,7,78038a9c-a945-4198-aaaa-53f65e2a0475,28,28,9,1,1,1,1,1,1
8 GPU,7,5c1c306d-d602-4dd7-b355-ef990e74f383,4,4,4,1,1,1,1,1,1
8 GPU,7,cfbc27a0-20e8-4c40-8334-8e715a0db1a3,14,14,6,1,1,1,1,1,1
8 GPU,7,70bec81c-1599-431c-9191-400da96eaea8,4,4,3,1,1,1,1,1,1
8 GPU,7,ea6cd62b-b13c-4dec-9ded-68384dffe6f0,6,6,2,1,1,1,1,1,1
8 GPU,7,cf5fbe39-8781-4b91-a071-4fc8c2ce1f60,5,5,2,1,1,1,1,1,1
8 GPU,7,6e45b3bf-f414-49dc-8f1c-2f4d029b0ea2,6,6,1,1,1,1,1,1,1
8 GPU,7,dc689d40-cc53-430d-a49c-e480bcde2bfd,20,20,3,1,1,1,1,1,1
8 GPU,7,ad377447-2f3a-43ea-a147-32e70e9bcd53,15,15,6,1,1,1,1,1,1
8 GPU,7,36abe2d4-58b4-4c90-b13e-0232a6f1d86a,16,16,6,1,1,1,1,1,1
8 GPU,7,03ba202c-6ff0-47cf-92c4-b4dd85b4035f,17,17,4,1,1,1,1,1,1
8 GPU,7,8d9cc632-db32-40d6-9e88-814102b0b162,18,18,7,1,1,1,1,1,1
8 GPU,7,84e1a19f-78a3-4357-bef5-5db26b94acfb,29,29,11,1,1,1,1,1,1
8 GPU,7,e41b55f1-71f6-4d7c-bf60-e904e1704863,22,22,2,1,1,1,1,1,1
8 GPU,7,4bebdbfb-1c1e-49ee-ab10-19535f2ccbf6,20,20,1,1,1,1,1,1,1
8 GPU,7,eb55fb2a-562b-45e8-95a9-fba1b0c4809c,7,7,3,1,1,1,1,1,1
8 GPU,7,738ac6f2-8e5c-4bd1-b52a-44815994f8ae,38,38,2,1,1,1,1,1,1
8 GPU,7,645301a1-dab7-4664-a584-429a55c99c88,41,41,1,1,1,1,1,1,1
8 GPU,7,956102c5-6add-4ffd-82dc-8ce252dc66ed,8,8,2,1,1,1,1,1,1
8 GPU,7,72732ded-73d2-46b4-aadd-355c0403b2c3,24,24,1,1,1,1,1,1,1
8 GPU,7,ecbead9c-22b8-4f78-b3aa-b3447320e836,26,26,2,1,1,1,1,1,1
8 GPU,7,d893e782-c1b5-46b6-a371-ba65ce01e4a3,25,25,1,1,1,1,1,1,1
8 GPU,7,dd7c78bd-3715-4a86-b684-081e2b769894,9,9,1,1,1,1,1,1,1
8 GPU,7,806347c0-10ca-4f20-8481-a483a95ece26,13,13,1,1,1,1,1,1,1
8 GPU,7,51ebdd32-f11e-4fee-98b1-1f607c8c33a3,22,22,2,1,1,1,1,1,1
8 GPU,7,7d542075-9272-43af-ad96-0477c08dd262,9,9,4,1,1,1,1,1,1
8 GPU,7,15864d55-4a33-4dfb-95cd-effac9c7d0b7,16,16,4,1,1,1,1,1,1
8 GPU,7,0829951a-e27b-49a2-b0ff-d9914e479184,6,6,3,1,1,1,1,1,1
8 GPU,7,a809778e-8c13-4c62-b9f9-8c362718eebb,6,6,1,1,1,1,1,1,1
8 GPU,7,014bcf5b-2036-47af-b9bb-764b8d138e04,11,11,2,1,1,1,1,1,1
8 GPU,7,16307c01-50a1-43a5-9f0a-06acd39c8f50,11,11,1,1,1,1,1,1,1
8 GPU,7,3d463e22-c21f-4c41-beb6-b33944c61158,6,6,1,1,1,1,1,1,1
8 GPU,7,c9f151c8-fb75-4ada-94ec-aeb396643a80,29,29,1,1,1,1,1,1,1
8 GPU,7,db3b3a2c-8cd5-4b6e-853f-83a1159df7ac,28,28,3,1,1,1,1,1,1
8 GPU,7,1bf757df-94e4-4dc7-a1ba-53f51bf08efd,8,8,1,1,1,1,1,1,1
8 GPU,7,3a7fa3fb-3694-40ec-b3e6-092efeded407,21,21,4,1,1,1,1,1,1
8 GPU,7,6ff7abec-f9b8-401d-8578-9f1ce3f29c5c,13,13,3,1,1,1,1,1,1
8 GPU,7,accc837e-394a-4351-a02f-7383f0d247bf,31,31,2,1,1,1,1,1,1
8 GPU,8,fd5a00cf-d618-44ce-85f0-f51d9a86b466,32,32,25,1,1,1,1,1,1
8 GPU,8,da88ab5b-de27-4fac-b834-516ad328d9ba,19,19,3,1,1,1,1,1,1
8 GPU,8,8df1480c-37f8-4921-9a3c-73e112c364c3,18,18,3,1,1,1,1,1,1
8 GPU,8,36c5fac5-2be1-49c5-aa33-abfb4e1f3358,3,3,2,1,1,1,1,1,1
8 GPU,8,70c8135a-a469-4cc5-ab02-d3179dee3774,37,37,9,1,1,2,1,1,1
8 GPU,8,98e33406-17f6-42da-ba0e-d6671594b502,41,41,2,1,1,1,1,1,1
8 GPU,8,fb75a3e1-2c37-41e0-9529-a8da31f3135a,34,34,10,1,1,1,1,1,1
8 GPU,8,2a392369-f98f-4179-b3c2-29cb619bbe18,25,25,4,1,1,1,1,1,1
8 GPU,8,bc39e12b-a80f-4670-be5f-3b3fa4a93ec9,6,6,3,1,1,1,1,1,1
8 GPU,8,be22a4dd-d7e8-43b2-a784-936961c88319,20,20,1,1,1,1,1,1,1
8 GPU,8,52c25ea1-ddf5-481e-9e75-4f159fa4cd92,25,25,1,1,1,1,1,1,1
8 GPU,8,8a3dd403-bb28-4ddb-b14b-af288bf3c797,10,10,2,1,1,1,1,1,1
8 GPU,8,ff2b9208-8bd6-4adb-9c01-820b9afe50bb,5,5,2,1,1,1,1,1,1
8 GPU,8,ab5217b5-35b6-413d-a1d1-476b6fedffba,13,13,5,1,1,1,1,1,1
8 GPU,8,1a1f7e03-389c-486e-b575-4a09ccab240e,16,16,2,1,1,1,1,1,1
8 GPU,8,72981ceb-318d-4306-8b78-0da849f0c41e,6,6,3,1,1,1,1,1,1
8 GPU,8,453e061b-2818-456d-8b93-6b9e3028592f,8,8,2,1,1,1,1,1,1
8 GPU,8,c871ed1f-a04d-43aa-94dc-6f1fb4c3f1f0,6,6,2,1,1,1,1,1,1
8 GPU,8,68698933-f436-49f9-9799-13693efaa16e,8,8,1,1,1,1,1,1,1
8 GPU,8,08cb0f1e-c2c2-4aa4-bdfa-7500aa4f5673,7,7,1,1,1,1,1,1,1
8 GPU,8,22ef0de1-46b1-48f8-b092-76305eb0c1fc,8,8,2,1,1,1,1,1,1
8 GPU,8,ab72911d-edd2-462a-a177-642e82558e8a,7,7,2,1,1,1,1,1,1
8 GPU,8,587a72e7-917c-4023-bb00-c5d4ba0e4250,13,13,2,1,1,1,1,1,1
8 GPU,8,83b97e12-e35a-460e-8fe1-8156cd84fff8,3,3,2,1,1,1,1,1,1
8 GPU,8,1c429bb2-c05a-400e-974d-3e71400af89c,41,41,5,1,1,1,1,1,1
8 GPU,8,94ae7719-bfd8-4d4d-97b6-6d636e392737,98,98,8,1,1,1,1,1,1
8 GPU,8,ffd8f705-7f70-4092-9854-72c24d70e942,6,6,3,1,1,1,1,1,1
8 GPU,8,a0843ad2-aafb-4b5a-8301-b13d3e5e68f4,58,58,11,1,1,1,1,1,1
8 GPU,8,6252132d-c2a3-438d-abca-e6bd794ced33,23,23,5,1,1,1,1,1,1
8 GPU,8,5269d2cd-c982-4154-ab41-79f330e4ec36,38,38,13,1,1,1,1,1,1
8 GPU,8,abc52670-d342-406b-93e3-fa98818006a5,16,16,3,1,1,1,1,1,1
8 GPU,8,f7db06b9-6be9-414f-8736-c66a21f2f5b3,2,2,2,1,1,1,1,1,1
8 GPU,8,1e3283d1-0763-48bd-b761-6d79546e1505,5,5,2,1,1,1,1,1,1
8 GPU,8,c6171265-09d0-47f4-9ffa-85cd5dbfe9be,4,4,1,1,1,1,1,1,1
8 GPU,8,b6b6a44f-38a3-4606-870b-02931c6e4425,8,8,2,1,1,1,1,1,1
8 GPU,8,c8a281eb-7f62-4e0b-8477-b1cc3b5ebeff,5,5,1,1,1,1,1,1,1
8 GPU,8,edcd2066-bf87-479e-b1f4-4f7d9d3cbaf2,18,18,2,1,1,1,1,1,1
8 GPU,8,a8db0430-d4f8-46dd-afab-761d26010c9e,5,5,1,1,1,1,1,1,1
8 GPU,8,96c464d7-4ff7-4c10-8e10-afc758d34c72,5,5,1,1,1,1,1,1,1
8 GPU,8,2a5b48a4-d7c4-46f3-b033-dd244cc5ed9c,5,5,1,1,1,1,1,1,1
8 GPU,8,563abb10-28ac-4618-9d28-6c5e802bddda,10,10,3,1,1,1,1,1,1
8 GPU,8,670d7aed-7a83-4d8a-89ff-fd0ef7fffea8,14,14,7,1,1,1,1,1,1
8 GPU,8,cc37ebe8-2c60-420b-ae90-53f46f2db556,10,10,4,1,1,1,1,1,1
8 GPU,8,2373d89a-3ecb-469e-86b5-8ad2afbab7cc,64,64,13,1,1,1,1,1,1
8 GPU,8,1f0c1efa-97a4-4a5b-ba2c-bead3838865a,26,26,10,1,1,1,1,1,1
8 GPU,8,90c80d4f-0e38-4d85-87ec-e8fa3ce097d3,5,5,1,1,1,1,1,1,1
8 GPU,8,a9d56ab2-7ee1-464f-839c-3ec43adbc826,18,18,4,1,1,2,1,1,1
8 GPU,8,b1eafce1-8760-4078-8de6-1363059a13aa,28,28,11,1,1,1,1,1,1
8 GPU,8,821c9203-5e37-428f-93ad-261cafa3c18e,15,15,6,1,1,1,1,1,1
8 GPU,8,05a6707b-cab0-4ac0-86d4-43a5f5e5edef,11,11,4,1,1,1,1,1,1
8 GPU,8,424027c7-4c4d-449a-961b-9e5e28fe1053,11,11,2,1,1,1,1,1,1
8 GPU,8,92dad0f1-75b3-4dd7-b4d5-828a54cc84d7,28,28,10,1,1,1,1,1,1
8 GPU,8,431949ca-0f0e-4728-8031-05361522dc49,8,8,3,1,1,1,1,1,1
8 GPU,8,530ae759-24c6-4006-a42e-bda7744eaf30,7,7,2,1,1,1,1,1,1
8 GPU,8,f8bcd4d8-9a63-492a-853d-09950b983660,48,48,33,1,1,1,1,1,1
8 GPU,8,9fe01e7d-4a5e-439b-a8f0-d17442df9c2c,19,19,1,1,1,1,1,1,1
8 GPU,8,cbd8ce83-eff4-430f-a895-f6083a523cee,28,28,14,1,1,1,1,1,1
8 GPU,8,4a373145-329e-4b54-8199-637921db4185,6,6,3,1,1,1,1,1,1
8 GPU,8,9f876052-a671-45f6-a21b-32e4cf8cfb43,9,9,3,1,1,1,1,1,1
8 GPU,8,5cde2699-c819-40d1-b13c-4de6f6721803,3,3,3,1,1,1,1,1,1
8 GPU,8,aabed504-597b-4aa2-8c74-6b80170cbfef,11,11,2,1,1,1,1,1,1
8 GPU,8,a80ac665-95bf-403e-9fa7-a42da53424e9,2,2,2,1,1,1,1,1,1
8 GPU,8,04fc54c2-3938-4166-b554-1260119aa14a,9,9,3,1,1,1,1,1,1
8 GPU,8,78d806b3-77c0-4c25-8d0c-2f00cf7ccc68,21,21,1,1,1,1,1,1,1
8 GPU,8,f8eddfe9-e8ed-4d59-8fcf-b716561d71cf,9,9,1,1,1,1,1,1,1
8 GPU,8,e2eb7585-2799-4c59-86c7-23ab690d04ea,10,10,1,1,1,1,1,1,1
8 GPU,8,8a6b0b33-1966-4aa8-b937-d1654246ba32,8,8,1,1,1,1,1,1,1
8 GPU,8,d0a1d844-a837-4d33-b96c-7c92273396ba,6,6,2,1,1,1,1,1,1
8 GPU,8,556ddc3d-f5db-412a-bdea-f51c43959ce2,5,5,1,1,1,1,1,1,1
8 GPU,8,236d18ed-6d28-44c4-a969-d74662cd3a21,9,9,1,1,1,1,1,1,1
8 GPU,8,5792e042-9881-4d88-af80-47205e776a45,13,13,1,1,1,1,1,1,1
8 GPU,8,76def12b-eb70-4d51-af74-e34c33f7944a,9,9,2,1,1,1,1,1,1
8 GPU,8,1d9a7d1f-d934-4098-9fdd-2ee741b30be1,9,9,1,1,1,1,1,1,1
8 GPU,8,b69beccb-a188-497d-9e26-deb04a96b849,5,5,2,1,1,1,1,1,1
8 GPU,8,cfa5b4b9-9250-41bd-8919-348e36d034ba,5,5,2,1,1,1,1,1,1
8 GPU,8,23df48e2-5c88-4028-b438-efda0defd996,4,4,1,1,1,1,1,1,1
8 GPU,8,eac38a28-0ed7-45f6-8c59-8b062321faf8,11,11,1,1,1,1,1,1,1
8 GPU,8,47325569-e45e-4155-94b2-5733dc9f9aa0,10,10,2,1,1,1,1,1,1
8 GPU,8,5de4b045-e875-453a-929a-91ffd8556595,6,6,2,1,1,1,1,1,1
8 GPU,8,cce7cc41-fecb-41a6-b1f2-558122c7594c,4,4,1,1,1,1,1,1,1
8 GPU,8,56f785d3-c7ba-447d-b142-f22f203a4c16,5,5,1,1,1,1,1,1,1
8 GPU,8,2c153b64-9238-468c-812f-a72fe85169dc,6,6,1,1,1,1,1,1,1
8 GPU,8,c3825d34-1d7d-4db6-880a-f4d686f494f7,6,6,2,1,1,1,1,1,1
8 GPU,8,ded5b911-3c3a-4ac7-a502-f6c241cc6bbf,4,4,1,1,1,1,1,1,1
8 GPU,8,cbf2393c-97fd-4a80-ab98-8fa2e9dad98b,9,9,1,1,1,1,1,1,1
8 GPU,8,116fa43a-3225-4a05-a9f1-6b2990488dbc,7,7,1,1,1,1,1,1,1
8 GPU,8,34421688-bf45-4ae8-a57b-710c2ad6c908,5,5,1,1,1,1,1,1,1
8 GPU,8,d47cd218-db47-4e4a-9ed1-7841ba3fc448,5,5,1,1,1,1,1,1,1
8 GPU,8,d2943639-481b-46df-ad67-5e01ca8ea5af,7,7,3,1,1,1,1,1,1
8 GPU,8,f2bbd9cb-b2a7-4825-9747-64c916f9b2bf,16,16,6,1,1,1,1,1,1
8 GPU,8,65c79fee-101b-4d9d-8e50-d994d3f4395e,37,37,5,1,1,1,1,1,1
8 GPU,8,4d862b7d-436e-4ea0-91b8-603da5b56ec0,5,5,2,1,1,1,1,1,1
8 GPU,8,dc7090e9-0ccb-421e-b0e7-3945d192398a,33,33,17,1,1,1,1,1,1
8 GPU,8,2a8270ed-f71e-4242-a976-a7105f73e6d6,21,21,10,1,1,1,1,1,1
8 GPU,8,21e5315c-797b-405e-b4e9-b7fc007f2b2d,41,41,7,1,1,1,1,1,1
8 GPU,8,ba671cb8-dab9-4275-8ba9-c5d8111a8183,3,3,2,1,1,1,1,1,1
8 GPU,8,8be3df6a-22ea-4d39-a10a-01c1645f30a3,9,9,4,1,1,1,1,1,1
8 GPU,8,4322a562-ed19-4b60-af3c-0858e598aee9,15,15,1,1,1,1,1,1,1
8 GPU,8,96a17917-75da-4302-96b5-d3363801246f,20,20,6,1,1,1,1,1,1
8 GPU,8,7a53088d-3d36-437e-bdc5-62cb80470b93,10,10,3,1,1,1,1,1,1
8 GPU,8,04f74652-1e0b-4449-95f3-93e93c390df1,10,10,2,1,1,1,1,1,1
8 GPU,8,d6c76c71-1f8d-4d01-bede-849e3794504e,24,24,6,1,1,1,1,1,1
8 GPU,8,8360a8f3-89c8-4d5b-8da3-fb1d12871261,11,11,4,1,1,1,1,1,1
8 GPU,8,92e26d3c-c8fc-4a9d-9428-7e92decaf5b8,19,19,6,1,1,1,1,1,1
8 GPU,8,f7b8467f-1b8b-4ea8-843c-aa9f6446c19e,0,0,0,0,0,0,0,0,0
8 GPU,8,ee4b9d52-d8b5-4e05-a1ca-3f2ad07f8a8d,39,39,7,1,1,1,1,1,1
8 GPU,8,366cafd9-69f2-4f8c-9774-4b074d520287,43,43,1,1,1,1,1,1,1
8 GPU,8,2605fb50-f130-486b-b5bf-307a392098d1,43,43,17,1,1,1,1,1,1
8 GPU,8,4e03f294-e621-4d11-9dd7-590e67fcee59,25,25,2,1,1,1,1,1,1
8 GPU,8,d6cb5004-9ade-4936-8240-92894ff2fffd,31,31,20,1,1,1,1,1,1
8 GPU,8,9d291c08-420a-49f6-87fa-a63432267b5c,63,63,2,1,1,1,1,1,1
8 GPU,8,ded6f74b-c5d3-4b21-9f0a-b6c6ad665252,10,10,2,1,1,1,1,1,1
8 GPU,8,93341c18-b3bd-4245-9478-8ee947f907c6,37,37,13,1,1,1,1,1,1
8 GPU,8,5ecb5530-7719-4580-8726-21ef40d1ba49,35,35,17,1,1,1,1,1,1
8 GPU,8,10137804-6249-4815-806d-387d1f911f5e,49,49,22,1,1,1,1,1,1
8 GPU,8,88b070a7-3763-49a7-ba85-3b0c169ae226,46,46,22,1,1,1,1,1,1
8 GPU,8,e8ccaa14-bb95-4365-bc45-c7a3a68835ee,17,17,10,1,1,1,1,1,1
8 GPU,8,22494e4f-c76a-4390-94d7-ee94187729dd,37,37,21,1,1,1,1,1,1
8 GPU,8,00061511-fc8d-4d00-a7c9-cdf3e7c5c509,6,6,6,1,1,1,1,1,1
8 GPU,8,1e8a5ede-db61-4a1a-9dc0-70e612c04764,24,24,2,1,1,1,1,1,1
8 GPU,8,fb2c3e77-6640-4342-9456-896172d80dcc,15,15,1,1,1,1,1,1,1
8 GPU,8,eafe21db-889b-485a-b5b6-b067fe37ca44,19,19,1,1,1,1,1,1,1
8 GPU,8,40574ea7-0675-4161-8076-d3a30db78006,26,26,4,1,1,1,1,1,1
8 GPU,8,f581dfb4-49ce-4cf5-9427-2a8896de3efb,8,8,1,1,1,1,1,1,1
8 GPU,8,d063b26a-4e69-4c56-9fee-739d3239d2c8,23,23,3,1,1,1,1,1,1
8 GPU,8,8c5a7454-393a-44d9-b591-7ebaedc7c747,7,7,1,1,1,1,1,1,1
8 GPU,8,38c33c12-e68b-46be-ba9f-41d2bf522edb,9,9,2,1,1,1,1,1,1
8 GPU,8,8a331908-1483-40fa-8686-5855d47ed6e0,6,6,1,1,1,1,1,1,1
8 GPU,9,dfe91b2b-1888-4d26-9459-9a9b39766243,57,57,1,1,1,1,1,1,1
8 GPU,9,09cc4a46-8ad6-4557-abba-eca7309b5631,32,32,2,1,1,1,1,1,1
8 GPU,9,2c7c0b6c-4c35-458c-9a0d-4d557588f7b2,14,14,1,1,1,1,1,1,1
8 GPU,9,b939c778-6161-4ab6-a39a-4ff1d42f9336,19,19,1,1,1,1,1,1,1
8 GPU,9,c63ddc8c-e91e-4a24-90c4-f1c17a8d2379,22,22,1,1,1,1,1,1,1
8 GPU,9,ab20b23b-2d9e-4447-9de4-187549a1dbc4,15,15,1,1,1,1,1,1,1
8 GPU,9,a60de147-ce6d-4a77-b002-e9b6412ea829,37,37,2,1,1,1,1,1,1
8 GPU,9,e7a573b9-69b5-44bd-83f9-5ea8c1ac5a4f,22,22,6,1,1,1,1,1,1
8 GPU,9,2df55140-8a1d-4034-9277-57c8b352b500,29,29,3,1,1,1,1,1,1
8 GPU,9,4e8a9bea-0edd-4ad7-91f0-fda7f8593f48,66,66,21,1,1,1,1,1,1
8 GPU,9,c1675365-219a-4f52-9afa-7b4c8a16e383,21,21,7,1,1,1,1,1,1
8 GPU,9,da17d6a0-2416-4098-bcf6-8263158aba54,46,46,18,1,1,1,1,1,1
8 GPU,9,c286a205-e576-4225-9b9f-69daad037c00,37,37,17,1,1,1,1,1,1
8 GPU,9,36bb0a92-a97c-4df7-9ecc-834e57c9aae2,25,25,5,1,1,1,1,1,1
8 GPU,9,a59c99ef-423d-4505-9f7b-8bf2b3747c86,30,30,7,1,1,1,1,1,1
8 GPU,9,6ec06810-b1ca-49b6-8802-3a004ff77496,24,24,14,1,1,1,1,1,1
8 GPU,9,aeae7008-c1a0-4041-93a3-a8f4df1084da,12,12,4,1,1,1,1,1,1
8 GPU,9,f076a416-9241-4b89-a990-093b938f29db,54,54,2,1,1,1,1,1,1
8 GPU,9,72c23394-2f68-4eb2-9c75-01804eb68d89,20,20,1,1,1,1,1,1,1
8 GPU,9,5fe11d1b-45aa-4088-9909-16746d5a8bc6,22,22,2,1,1,1,1,1,1
8 GPU,9,0f9f945b-edb9-4f9c-b462-15c434f4dc21,10,10,2,1,1,1,1,1,1
8 GPU,9,355805d1-f2dd-4f26-827a-ae824d2058d5,6,6,3,1,1,1,1,1,1
8 GPU,9,24f408c3-7f39-4203-8afa-32f2fb258721,7,7,2,1,1,1,1,1,1
8 GPU,9,1df24897-1871-4471-8e20-7dc61f920f32,16,16,2,1,1,1,1,1,1
8 GPU,9,cef14470-d112-4424-961d-37dd818313b9,43,43,7,1,1,1,1,1,1
8 GPU,9,3756ec86-6a29-4072-bcd1-9b82549f1be3,28,28,3,1,1,1,1,1,1
8 GPU,9,387ae39b-7fb8-4c93-9a13-098910763720,20,20,1,1,1,1,1,1,1
8 GPU,9,333766cf-3157-4c6e-81a1-eb2c986ccd4a,24,24,3,1,1,1,1,1,1
8 GPU,9,60a61f2d-f16d-4295-a578-0f0f585485ae,49,49,14,1,1,1,1,1,1
8 GPU,9,a6e5fd01-2024-4732-96e6-c2ca4bfa29f7,54,54,16,1,1,1,1,1,1
8 GPU,9,089f76e6-b74e-41dc-af5a-25f45d4f4f1c,27,27,11,1,1,1,1,1,1
8 GPU,9,9ba21aa4-0e81-4fd4-bf9e-d151246b9ee9,6,6,4,1,1,1,1,1,1
8 GPU,9,49b03d89-f8e0-46d9-96cb-25644a918d1a,13,13,1,1,1,1,1,1,1
8 GPU,9,672b2da7-a607-4017-904e-eee1308b8d3c,13,13,2,1,1,1,1,1,1
8 GPU,9,2f7aa6be-2947-4e01-8c41-61d8e97ea630,32,32,2,1,1,1,1,1,1
8 GPU,9,c6756771-c172-42b1-bedc-c846c97203fd,10,10,2,1,1,1,1,1,1
8 GPU,9,25af0ca4-992f-407c-ad73-e32a91815e1d,23,23,1,1,1,1,1,1,1
8 GPU,9,dcfbd3e6-5442-4676-995a-d0b822714029,9,9,1,1,1,1,1,1,1
8 GPU,9,a80afaa6-2398-4ed1-979d-c35e7bc12215,10,10,1,1,1,1,1,1,1
8 GPU,9,925e0bd6-5034-4374-b668-e5dcf34fdb64,19,19,4,1,1,1,1,1,1
8 GPU,9,57ed00be-5f23-4bd4-906d-884d5172efc8,27,27,7,1,1,1,1,1,1
8 GPU,9,e89efa5e-16d5-4f48-9ed5-b0cd7eec7957,14,14,2,1,1,1,1,1,1
8 GPU,9,9a4c1745-ee2a-4d28-88e6-bb639f55565a,13,13,1,1,1,1,1,1,1
8 GPU,9,141ed1fb-811d-41f7-912b-9ca41a1a8666,17,17,2,1,1,1,1,1,1
8 GPU,9,87fa034c-be27-484e-a8c8-a51f9708bf2c,26,26,2,1,1,1,1,1,1
8 GPU,9,6c69dfdd-adfb-453c-812c-7509cc60d52c,18,18,4,1,1,1,1,1,1
8 GPU,9,0ea7b665-26ce-4e03-a640-b81678990a80,18,18,1,1,1,1,1,1,1
8 GPU,9,21b3bf5f-a58b-4151-9576-ff41569761b5,25,25,8,1,1,1,1,1,1
8 GPU,9,7ae8b370-febb-41b5-b610-d670108ef38b,21,21,3,1,1,1,1,1,1
8 GPU,9,045644e2-1682-4c4b-a3f5-9c056f24f3a5,34,34,4,1,1,1,1,1,1
8 GPU,9,1e55d670-1c4b-464d-8939-49adbd0f92d1,26,26,6,1,1,1,1,1,1
8 GPU,9,8eb3b1fc-6a41-42eb-a42c-d28ad675188a,24,24,2,1,1,1,1,1,1
8 GPU,9,2c342499-6313-4dfe-a666-e0199d973352,10,10,3,1,1,1,1,1,1
8 GPU,9,61b1b89f-42e1-4a6f-aa5d-183f47a59611,11,11,2,1,1,1,1,1,1
8 GPU,9,bbfcfce3-9e2f-431a-b19e-d37135a42239,10,10,2,1,1,1,1,1,1
8 GPU,9,9313a9f8-de00-4731-93dd-5205b58db0b1,10,10,3,1,1,1,1,1,1
8 GPU,9,5107b490-5c17-41ff-909e-fcb385ba1d5f,8,8,1,1,1,1,1,1,1
8 GPU,9,c55022f5-ac83-4454-8249-8ee702d83ec9,24,24,1,1,1,1,1,1,1
8 GPU,9,b45022d2-f2d6-4e65-9abd-e9e0ec9d2c02,7,7,2,1,1,1,1,1,1
8 GPU,9,37a2192a-b399-4ffa-bbc6-a0c8f1933e35,9,9,1,1,1,1,1,1,1
8 GPU,9,00f33380-7d9b-42ad-b489-303eccc7ba02,6,6,2,1,1,1,1,1,1
8 GPU,9,fb935660-4601-4f03-a2a4-3061d9cceb54,7,7,2,1,1,1,1,1,1
8 GPU,9,14a1dee9-0a45-41ab-942c-27a6d4e3b02d,11,11,1,1,1,1,1,1,1
8 GPU,9,68f06628-686d-4739-8eeb-372612d471ad,7,7,1,1,1,1,1,1,1
8 GPU,9,a57717e8-5462-40d4-a25c-a180a693d293,7,7,1,1,1,1,1,1,1
8 GPU,9,c72e5092-afe1-4da5-9023-e3bff3eb7e9d,5,5,2,1,1,1,1,1,1
8 GPU,9,35408eb4-cda9-4b1a-af97-c90add8da71a,11,11,2,1,1,1,1,1,1
8 GPU,9,c35102a0-7a93-420f-afeb-0c7e6a7fff7e,16,16,2,1,1,1,1,1,1
8 GPU,9,5b9bb8bb-a14d-4091-9afd-cd547ad9580c,8,8,1,1,1,1,1,1,1
8 GPU,9,3a5cd149-3d55-4429-9f6b-e0b80007fdbc,6,6,2,1,1,1,1,1,1
8 GPU,9,542b5d5e-5581-4f13-895f-253f0afaf567,7,7,2,1,1,1,1,1,1
8 GPU,9,4f5c7a3f-ebaa-47e5-a8aa-948f35e9c44f,5,5,1,1,1,1,1,1,1
8 GPU,9,10b94a39-c7ec-4b31-bcad-75ac05fdca7d,14,14,2,1,1,1,1,1,1
8 GPU,9,ae6c51a3-1b76-4fcf-a2ba-2f6ce3fc5c67,24,24,3,1,1,1,1,1,1
8 GPU,9,e1474246-b067-4d00-9dc0-b2d6e9de74fe,29,29,7,1,1,1,1,1,1
8 GPU,9,8231d8a6-ab0a-43fd-9a67-69540feb2a36,35,35,18,1,1,1,1,1,1
8 GPU,9,8c32950c-8548-4646-8a25-1750f1b686c5,18,18,1,1,1,1,1,1,1
8 GPU,9,e382cb0f-dd95-4353-8164-fdeddf6cc3a6,43,43,12,1,1,1,1,1,1
8 GPU,9,ed9acd26-0f27-4d33-bb45-8dee7b5bf9bd,21,21,1,1,1,1,1,1,1
8 GPU,9,02829567-aa0d-4c4c-b722-922ed6b8a8f4,34,34,4,1,1,1,1,1,1
8 GPU,9,f41d193b-f379-49af-8086-a24a65c2688c,41,41,4,1,1,1,1,1,1
8 GPU,9,fc76e64d-0109-4869-984e-712fb4b037bc,4,4,2,1,1,1,1,1,1
8 GPU,9,8e3f4ee9-dbfd-48be-b383-7cba7d318c6b,5,5,2,1,1,1,1,1,1
8 GPU,9,ec420e28-2464-4d6c-8995-5f3c1031443f,4,4,2,1,1,1,1,1,1
8 GPU,9,72e0c0e8-b666-4491-acdf-0274a606cbb5,5,5,2,1,1,1,1,1,1
8 GPU,9,87a520b2-2e55-4c01-b490-eeebff7850b3,4,4,1,1,1,1,1,1,1
8 GPU,9,3c2f58ad-bde4-4e30-9933-e13e24b35315,8,8,3,1,1,1,1,1,1
8 GPU,9,41882ea6-f5a9-40cf-834c-3ff5255a07d4,6,6,2,1,1,1,1,1,1
8 GPU,9,b8c5a2b0-e38a-4474-95ce-23cb8d633732,5,5,2,1,1,1,1,1,1
8 GPU,9,4e3fe2b7-026b-4a68-97ae-7f90bced9caf,11,11,1,1,1,1,1,1,1
8 GPU,9,c4cc4bd1-8eac-480c-b43b-0b872551eaf6,6,6,1,1,1,1,1,1,1
8 GPU,9,f3e106ef-5eea-4ac0-8911-367152dcffc0,7,7,1,1,1,1,1,1,1
8 GPU,9,bb10280c-67cc-4b77-9032-6251aa2b1301,5,5,2,1,1,1,1,1,1
8 GPU,9,7fc835be-bb70-4bb1-aeb6-efd2bd97e897,5,5,2,1,1,1,1,1,1
8 GPU,9,a3a1c450-4efe-4c6f-850b-3349a9864266,6,6,1,1,1,1,1,1,1
8 GPU,9,6d6da429-a2ad-43c5-8572-a7c9c2534c15,11,11,3,1,1,1,1,1,1
8 GPU,9,90844282-1401-4b85-ba7a-e2d149d3a331,2,2,2,1,1,1,1,1,1
8 GPU,9,35409e63-236b-4a8f-a8b5-0fceae5ebe25,13,13,7,1,1,1,1,1,1
8 GPU,9,299643cb-d911-4719-a60e-6924cad3668b,20,20,11,1,1,1,1,1,1
8 GPU,9,3927d92f-6691-4919-baab-374b7a67d80e,11,11,8,1,1,1,1,1,1
8 GPU,9,f97f04a1-0e61-43d0-9706-86b7e0529c36,7,7,2,1,1,1,1,1,1
8 GPU,9,2820dd0a-1a8f-4a45-9f5c-cf391d241307,2,2,2,1,1,1,1,1,1
8 GPU,9,d64e8102-98c2-4219-98d3-16b2c9c57e3b,45,45,29,1,1,1,1,1,1
8 GPU,9,7358de01-da3b-4f01-8617-ed41b7eb2174,18,18,10,1,1,1,1,1,1
8 GPU,9,895cf800-6dcd-4daf-bfd7-1a2eb3c2953f,5,5,1,1,1,1,1,1,1
8 GPU,9,5b303a22-b996-4920-b206-13e1d8348b69,7,7,1,1,1,1,1,1,1
8 GPU,9,143f0600-6b69-498d-82d7-e03fa5d30916,4,4,1,1,1,1,1,1,1
8 GPU,9,6d35509c-c296-4d16-9eab-d6df148989ad,5,5,2,1,1,1,1,1,1
8 GPU,9,52ddc275-4b08-4db9-b52c-04d47d3bf2f7,7,7,1,1,1,1,1,1,1
8 GPU,9,08b04c76-229c-42f9-8dfa-9ae71e85d55d,5,5,1,1,1,1,1,1,1
8 GPU,9,cdf91b03-2918-4769-b0c7-cdd37bfde66f,7,7,1,1,1,1,1,1,1
8 GPU,9,618ef407-cc3e-4c02-abbf-34dba8a7688f,8,8,1,1,1,1,1,1,1
8 GPU,9,680bde1a-d0ad-487e-88ee-56d605a4afd1,23,23,4,1,1,1,1,1,1
8 GPU,9,3d151ead-73f8-4860-8fe4-59bf348ca60f,81,81,3,1,1,1,1,1,1
8 GPU,9,c664c079-4392-47fd-b91b-d2f605af8ef9,24,24,11,1,1,1,1,1,1
8 GPU,9,a78e68ee-858c-4a8f-89cc-475623682fff,43,43,12,1,1,1,1,1,1
8 GPU,9,af16376e-4385-4967-8b88-a0e6b129367b,44,44,3,1,1,1,1,1,1
8 GPU,9,57d8f133-5595-4f9f-8ebf-ac8cf7ae1a22,9,9,3,1,1,1,1,1,1
8 GPU,9,127e1015-28d9-4d9a-abc8-41273475830c,33,33,2,1,1,1,1,1,1
8 GPU,9,e0f2a6fd-47c2-4f46-9cdc-ac255fe7f19e,14,14,1,1,1,1,1,1,1
8 GPU,9,8e711518-19a4-479c-b13c-492718638b9b,26,26,1,1,1,1,1,1,1
8 GPU,9,82825be5-d255-47af-912c-30e89ff9193b,41,41,26,1,1,1,1,1,1
8 GPU,9,4ef1e593-6b99-4303-b009-8ab62d247302,14,14,3,1,1,1,1,1,1
8 GPU,9,a0b05917-826c-4983-af93-ba3ed32718a9,17,17,4,1,1,1,1,1,1
8 GPU,9,e0016a48-f7bc-4aaf-8f24-2ce59a78f601,14,14,3,1,1,1,1,1,1
8 GPU,9,5213dd20-88b1-4221-8d14-e16c4caac2bc,14,14,2,1,1,1,1,1,1
8 GPU,9,a7b45d58-a887-4f0e-bb95-7302da6a1fa5,53,53,10,1,1,1,1,1,1
8 GPU,9,38e4da82-786b-48dd-9807-965f7d109f9e,9,9,2,1,1,1,1,1,1
8 GPU,10,332588aa-f6b3-4792-aaf7-1fa4fb3d31bf,38,38,7,1,1,1,1,1,1
8 GPU,10,929589d5-4778-4e3e-a0cd-136f88381877,56,56,37,1,1,1,1,1,1
8 GPU,10,c2e040ba-d03e-4e00-a005-f8ae40f3307a,34,34,3,1,1,1,1,1,1
8 GPU,10,f2c7cdd6-0f8a-4954-8f8e-b711b304983e,6,6,3,1,1,1,1,1,1
8 GPU,10,a4a9df34-fa93-46b3-a85b-bb16d393989a,11,11,5,1,1,1,1,1,1
8 GPU,10,25d5bcd4-9bc8-423f-95ee-54647b65f0a4,36,36,12,1,1,1,1,1,1
8 GPU,10,0936b79f-fbde-495c-8b1b-1f90324393b9,45,45,37,1,1,1,1,1,1
8 GPU,10,82c45a50-8304-448f-894a-69f754685cec,28,28,12,1,1,1,1,1,1
8 GPU,10,f477811f-d10a-444c-bb25-1edb5e4dff12,30,30,11,1,1,1,1,1,1
8 GPU,10,7c00b630-4c69-4033-be6a-7c4258868889,12,12,2,1,1,1,1,1,1
8 GPU,10,b7b93214-b5ea-43b5-8f9b-11d592648059,36,36,6,1,1,1,1,1,1
8 GPU,10,d591b342-9b6d-4c2a-b9d9-3be47f432764,2,2,2,1,1,1,1,1,1
8 GPU,10,99138c83-21b0-46aa-8ca0-17ba6d157255,5,5,2,1,1,1,1,1,1
8 GPU,10,a31864fd-370f-4807-96f5-a7af3ee71af1,6,6,1,1,1,1,1,1,1
8 GPU,10,c5b32209-9eea-433a-8bb0-1127ec9add35,14,14,5,1,1,1,1,1,1
8 GPU,10,b8310ae4-c6e2-4039-849a-106419edf8e1,58,58,21,1,1,1,1,1,1
8 GPU,10,b04fecc2-b264-479f-93f3-dae347c7e5d4,5,5,2,1,1,1,1,1,1
8 GPU,10,506195f7-be86-4cbb-ba29-d479036b3d7a,38,38,3,1,1,1,1,1,1
8 GPU,10,00489b57-f3ce-4933-9142-135b2a8f16ec,5,5,2,1,1,1,1,1,1
8 GPU,10,03c2622c-5bbe-43dc-83f3-f27bc80d8b6c,4,4,2,1,1,1,1,1,1
8 GPU,10,2b623006-8893-46f2-b177-c75aff8cb89a,9,9,2,1,1,1,1,1,1
8 GPU,10,d0d42600-1d8f-4eaf-af8d-322f6cf55824,5,5,2,1,1,1,1,1,1
8 GPU,10,c10a6c8d-9b40-4346-a305-d79a66c65e74,4,4,2,1,1,1,1,1,1
8 GPU,10,d8e2700a-9053-498b-9a5f-de2ab52c22c2,4,4,2,1,1,1,1,1,1
8 GPU,10,0547474a-158f-4ba5-8be2-179cbb622d65,17,17,6,1,1,1,1,1,1
8 GPU,10,e72a9f10-98dc-4992-ab9a-1e0609a934dd,18,18,1,1,1,1,1,1,1
8 GPU,10,880d5e43-ee49-41ff-9092-1d5cf5e5b3f0,10,10,1,1,1,1,1,1,1
8 GPU,10,8bdce172-4dcc-467c-a2b5-87e82f35d4f8,18,18,3,1,1,1,1,1,1
8 GPU,10,38440338-b328-4778-9c70-c7ec51968cd4,38,38,3,2,2,2,1,1,1
8 GPU,10,07610be2-742d-410b-8817-25ec4e71505b,19,19,4,1,1,1,1,1,1
8 GPU,10,5ffb49e7-d49a-4569-876d-69b56950f575,23,23,3,1,1,1,1,1,1
8 GPU,10,dc2bcc9f-9036-40c9-b9a8-21bd9918a9a4,30,30,9,1,1,1,1,1,1
8 GPU,10,e85ceec6-36d2-4cf7-a800-929c4f23bc4d,13,13,4,1,1,1,1,1,1
8 GPU,10,50bd5457-603f-479e-90c0-57cd8e7a0147,10,10,3,1,1,1,1,1,1
8 GPU,10,49a8ca15-c481-4764-afd7-f2f2c911a949,26,26,4,1,1,1,1,1,1
8 GPU,10,bc481120-e12c-4234-b65b-3edf5b76d72a,3,3,2,1,1,1,1,1,1
8 GPU,10,3e8f9abd-4298-4e82-bc42-62147a4800e5,12,12,9,1,1,1,1,1,1
8 GPU,10,e67d24fd-ca60-47b2-8e6e-3a111d211962,4,4,3,1,1,1,1,1,1
8 GPU,10,f338367a-fd0f-49eb-852b-fdf364d68c9a,6,6,4,1,1,1,1,1,1
8 GPU,10,38be5c62-bea3-436b-a20a-36fddef588bb,35,35,9,1,1,1,1,1,1
8 GPU,10,e811ff86-f56c-4c2d-a043-aef3e77be8cf,91,91,24,1,1,1,1,1,1
8 GPU,10,5e45b726-35c7-45f9-9024-c8744d33d34b,26,26,1,1,1,1,1,1,1
8 GPU,10,3d926a35-60a1-46b8-a705-a55c6f334e4a,12,12,1,1,1,1,1,1,1
8 GPU,10,90a4aef3-f118-4ec5-a472-e472bc9f8d5d,23,23,1,1,1,1,1,1,1
8 GPU,10,44cb949c-53a5-40e4-b99f-c1abc13681b3,61,61,2,1,1,1,1,1,1
8 GPU,10,2eea382d-6f36-4601-a754-0cab3fcb41b9,24,24,1,1,1,1,1,1,1
8 GPU,10,ef04948e-394f-452a-8955-d133d3ead89b,18,18,7,1,1,1,1,1,1
8 GPU,10,bede82f2-5a3a-4bb0-bdb5-559043e026d9,25,25,3,1,1,1,1,1,1
8 GPU,10,562723a7-bb6f-435c-a025-7c0cf10297b4,21,21,2,1,1,1,1,1,1
8 GPU,10,6d6a0fc3-eb55-402e-8f39-e98f0d97b7b3,23,23,3,1,1,1,1,1,1
8 GPU,10,83ebd7dd-c26a-4002-8de0-97c04f984edc,23,23,7,1,1,1,1,1,1
8 GPU,10,68610510-4e2c-42b3-b5b2-55092a653a99,36,36,8,1,1,1,1,1,1
8 GPU,10,fab9d297-4d9f-440c-b1df-85068ad4a416,23,23,4,1,1,1,1,1,1
8 GPU,10,8afc2ff6-eb61-4e3f-b716-8899490f7e71,10,10,1,1,1,1,1,1,1
8 GPU,10,63763504-f13b-480e-ac09-59dc6db256cd,37,37,3,1,1,1,1,1,1
8 GPU,10,b18bc008-76a7-4664-8b3f-5f7256a4dff1,14,14,1,1,1,1,1,1,1
8 GPU,10,371887c5-669c-46ef-b2a0-22d80fd29c10,45,45,3,1,1,1,1,1,1
8 GPU,10,f3f39686-caef-4587-a9b2-dfb83c2a9612,26,26,3,1,1,1,1,1,1
8 GPU,10,2e535ac7-589f-45dc-b7a5-cd6e71f36825,18,18,1,1,1,1,1,1,1
8 GPU,10,5603073d-9ca7-4c91-983e-726f02ed29e6,12,12,2,1,1,1,1,1,1
8 GPU,10,e18a3d66-8c8e-4e71-ad0c-243c27310375,35,34,13,1,1,1,1,1,1
8 GPU,10,51a6e70d-47d9-4ec9-9473-4dde202fc8a0,29,29,5,1,1,1,1,1,1
8 GPU,10,af4b5e65-5404-4b2b-bf6d-68504cef9074,17,17,4,1,1,1,1,1,1
8 GPU,10,d5f7aa8d-ce65-4211-a181-1a9939e23a07,23,23,4,1,1,1,1,1,1
8 GPU,10,619e2940-a1d5-4337-9d0a-1d130bbf2a5b,29,29,8,1,1,1,1,1,1
8 GPU,10,60d6f139-45cd-47be-92ae-14c8e3c83694,5,5,2,1,1,1,1,1,1
8 GPU,10,e249297b-2523-492e-bd61-f0b06dc930e8,87,87,2,1,1,1,1,1,1
8 GPU,10,1c7aaff1-6558-4208-8b72-454114b83638,40,40,3,1,1,1,1,1,1
8 GPU,10,529c81a4-5944-43b6-81c4-f8a50d999cc8,31,31,1,1,1,1,1,1,1
8 GPU,10,ae9910bb-26e9-4988-983f-1529d040123e,41,41,5,1,1,1,1,1,1
8 GPU,10,c0bc4fbb-14ad-43e9-9975-13e980f51cb2,8,8,1,1,1,1,1,1,1
8 GPU,10,8c081a54-a6ab-4797-86f0-524091c62a8a,6,6,2,1,1,1,1,1,1
8 GPU,10,eeb8c08b-39e8-4f96-a291-5f49a0137412,22,22,5,1,1,1,1,1,1
8 GPU,10,b2b0b372-56e8-4d57-89ff-9cf8e8f4ad27,16,16,1,1,1,1,1,1,1
8 GPU,10,42e6281e-8611-4bf8-a85a-fc8e269de68b,0,0,0,0,0,0,0,0,0
8 GPU,10,63c7729a-f482-4d62-bd4c-47b4f5e50f5e,47,47,1,1,1,1,1,1,1
8 GPU,10,1fd0fac4-e28d-4e40-bda7-0005b10d7d4f,11,11,3,1,1,1,1,1,1
8 GPU,10,455dcda9-48e8-4dd5-b596-6dbfb9e67dd9,76,76,26,1,1,1,1,1,1
8 GPU,10,f279317a-7152-4eb9-a2cf-2bb63d5230fa,13,13,6,1,1,1,1,1,1
8 GPU,10,3ecbd028-5d14-4916-a7e1-8874e970ac2b,50,50,2,1,1,1,1,1,1
8 GPU,10,4988507b-6f54-412b-8c3f-f9930e109151,27,27,3,1,1,1,1,1,1
8 GPU,10,883a86b0-6908-48cb-b205-a63ad865a34b,22,22,1,1,1,1,1,1,1
8 GPU,10,a575e96b-e6ce-4fe4-a397-05c0c8ab46be,27,27,7,1,1,1,1,1,1
8 GPU,10,c84ff14e-b2bb-4ca6-a32c-8d8b24ddda6b,22,22,1,1,1,1,1,1,1
8 GPU,10,7d1d01dd-84f5-457c-a453-c32c5fc2f215,25,25,1,1,1,1,1,1,1
8 GPU,10,6d9bca13-b8e4-406d-9f45-3f138242279f,14,14,1,1,1,1,1,1,1
8 GPU,10,994ded71-09cc-4324-834c-fe06b0245f98,20,20,2,1,1,1,1,1,1
8 GPU,10,d4c24c1d-5432-4b90-b95a-7f353cf867a9,10,10,1,1,1,1,1,1,1
8 GPU,10,d4467ae0-040d-4cfe-8272-311e0470de64,37,37,7,1,1,1,1,1,1
8 GPU,10,c7f4f414-8971-493d-bb77-0d5597c3a122,19,19,2,1,1,1,1,1,1
8 GPU,10,7d9236fa-33ea-4984-b106-037ccc047572,3,3,2,1,1,1,1,1,1
8 GPU,10,10d521d8-628b-41b6-a559-6b30807d959d,48,48,2,1,1,1,1,1,1
8 GPU,10,ade4af5d-e29d-4837-89d3-2608c1202155,16,16,1,1,1,1,1,1,1
8 GPU,10,e9d588da-cb07-4ff1-95ca-30a02c1ad236,30,30,2,1,1,1,1,1,1
8 GPU,10,8fda507c-f309-48cf-a93f-f8957844042a,30,30,12,1,1,1,1,1,1
8 GPU,10,5c79a569-ce10-4251-b617-8f74b99aa615,35,35,6,1,1,1,1,1,1
8 GPU,10,bc232109-dde8-47dc-a63d-e0e2f0df1ff4,19,19,1,1,1,1,1,1,1
8 GPU,10,632d1900-5284-499a-9475-c5928d2053c4,5,5,1,1,1,1,1,1,1
8 GPU,10,abbb363e-f873-4105-a69e-c49bd215ddb6,9,9,3,1,1,1,1,1,1
8 GPU,10,185af5c3-f095-4878-a0f5-f9eaecd317f2,27,27,13,1,1,1,1,1,1
8 GPU,10,17edbd10-4faa-42e5-9033-6280b8bef0d8,38,38,2,1,1,1,1,1,1
8 GPU,10,415d1c3a-8b03-4202-b795-2ac5576f29c2,7,7,5,1,1,1,1,1,1
8 GPU,10,ac33ab3b-85f0-459f-b646-e00dc5145d09,14,14,6,1,1,1,1,1,1
8 GPU,10,fad602b1-3f35-40db-9f19-4d6ec8fb6930,21,21,4,1,1,1,1,1,1
8 GPU,10,deac72be-e848-47a4-a28b-30854a19859d,45,45,5,1,1,1,1,1,1
8 GPU,10,cc7eca7d-547b-46ab-a0e9-7e1b9f09c381,16,16,3,1,1,1,1,1,1
8 GPU,10,0afc5335-3822-4c14-af4f-a0b43387a34c,13,13,7,1,1,1,1,1,1
8 GPU,10,9e614ab1-17af-4430-920d-0dbf8ca8560a,28,28,10,1,1,1,1,1,1
8 GPU,10,88156f15-6902-4ede-8081-ee10c7d830f8,22,22,6,1,1,1,1,1,1
8 GPU,10,b4c42ce8-3ede-4c47-87a3-a9071f9c0739,55,55,6,1,1,1,1,1,1
8 GPU,10,c6fc4199-423b-4fa1-bf07-0e0d9f1c99f9,3,3,3,1,1,1,1,1,1
8 GPU,10,0d566938-5fc9-4781-a074-6588bc53c412,35,35,7,1,1,1,1,1,1
8 GPU,10,012e9a56-f626-4bcd-8b5d-72f421afcc94,32,32,2,1,1,1,1,1,1
8 GPU,10,1b3aee66-1673-4133-87d5-519a51c258d9,21,21,2,1,1,1,1,1,1
8 GPU,10,dd8ba68d-6fd9-4ee9-b896-60fb84f31494,15,15,1,1,1,1,1,1,1
8 GPU,10,638ad5cd-c15d-49b1-b232-2429275cafb4,14,14,1,1,1,1,1,1,1
8 GPU,10,9748738c-a580-44f9-877e-b8afc5699ffe,41,41,1,1,1,1,1,1,1
8 GPU,10,a1ed6532-4fce-49a6-9452-fe7278c96a11,29,29,1,1,1,1,1,1,1
8 GPU,10,534bf3f8-bcdf-4c64-b2f9-f7920a5c1199,36,36,5,1,1,1,1,1,1
8 GPU,10,1fe5e3ba-f8e5-49f3-8772-58f3e2c89ba5,21,21,1,1,1,1,1,1,1
8 GPU,10,00cc9bea-14f0-4022-92bb-da42779e6ed7,9,9,1,1,1,1,1,1,1
8 GPU,10,697bd9b9-b7d5-41a4-99c4-17a1422ecbb2,6,6,1,1,1,1,1,1,1
8 GPU,10,431c264e-ceaa-4c4d-b79b-86363875d97c,6,6,2,1,1,1,1,1,1
8 GPU,10,2ea21df3-de12-4f7c-9420-348e402de834,27,27,15,1,1,1,1,1,1
8 GPU,10,7f3410ec-9ba5-4c9d-a02b-d1c81184c890,11,11,1,1,1,1,1,1,1
8 GPU,10,91ab3773-3cf0-4334-94c6-36ad90d3214a,18,18,1,1,1,1,1,1,1
8 GPU,10,d7dba6aa-7e51-466f-9bb5-4644129786ed,1,1,1,1,1,1,1,1,1
8 GPU,10,e2cddb62-221e-4a46-be36-a88c015dd0b0,32,32,11,1,1,1,1,1,1
8 GPU,11,fc10b570-d1f9-4caa-90d7-1ac9d6e8f248,61,61,6,1,1,1,1,1,1
8 GPU,11,876c9573-719d-4f93-a418-541d5c81f776,5,5,5,1,1,1,1,1,1
8 GPU,11,47b7377a-1e55-4055-bd2c-77389ed49341,55,55,2,1,1,1,1,1,1
8 GPU,11,e8016726-145d-4a36-922e-2af27c798438,4,4,3,1,1,1,1,1,1
8 GPU,11,7f909394-a9cf-4530-82d6-c47639370bb4,4,4,3,1,1,1,1,1,1
8 GPU,11,7ea9b681-b4f3-49e6-8b75-05b9143cbca1,3,3,3,1,1,1,1,1,1
8 GPU,11,0491c508-a80a-4bf7-9420-be63f47c8b98,48,48,7,1,1,1,1,1,1
8 GPU,11,4c03baa1-dedb-4609-9c0f-e828319a8fb6,7,7,6,1,1,1,1,1,1
8 GPU,11,29a9daa4-d78e-413f-ac18-27686f26156d,10,10,1,1,1,1,1,1,1
8 GPU,11,9a44703d-1f0b-4a81-81af-bcbdb57f371c,4,4,3,1,1,1,1,1,1
8 GPU,11,298683eb-53ed-453e-ba57-da106ff8bb6b,13,13,1,1,1,1,1,1,1
8 GPU,11,0b4a77a6-47b4-45c2-b4bc-e78dee771f4d,9,9,2,1,1,1,1,1,1
8 GPU,11,80b7926d-5f18-47a7-a8d8-43ca23d02aa5,4,4,3,1,1,1,1,1,1
8 GPU,11,b62bdab4-df01-46d2-844c-ab5830c1a23f,36,36,1,1,1,1,1,1,1
8 GPU,11,7891ccd7-97f7-43b0-96e3-b5eab9b48d55,5,5,1,1,1,1,1,1,1
8 GPU,11,0d15813b-5507-4c55-b7b7-b76448808b7f,41,41,3,1,1,1,1,1,1
8 GPU,11,64c6e4fc-3a0d-4a18-8313-8ba24aa497db,29,29,10,1,1,1,1,1,1
8 GPU,11,5a2beb56-442a-4c9e-bd5b-83f687792e84,22,22,2,1,1,2,1,1,1
8 GPU,11,6cf873f7-2edf-4dc2-8203-baed18b8e65e,11,11,5,1,1,1,1,1,1
8 GPU,11,6217f12b-3118-4733-a873-d109a3c15591,55,55,2,1,1,1,1,1,1
8 GPU,11,3d5ced1c-6d74-4bc8-a413-07ceddbed650,21,21,1,1,1,1,1,1,1
8 GPU,11,96e639a6-5f48-4aca-8e4d-14d9cdd6e3f6,38,38,16,1,1,1,1,1,1
8 GPU,11,159f4939-2498-41a2-a0f4-19c53f2e7f9d,18,18,6,1,1,1,1,1,1
8 GPU,11,aa3a10aa-ac02-44d0-8988-0645c033798b,19,19,3,1,1,1,1,1,1
8 GPU,11,1412ae44-0ba7-466d-97d0-1197f56be388,4,4,3,1,1,1,1,1,1
8 GPU,11,8155a48e-d298-4c23-a943-f1c4d210db7d,23,23,4,1,1,1,1,1,1
8 GPU,11,8521b519-d69d-4f76-8118-1f40c91e00f0,2,2,2,1,1,1,1,1,1
8 GPU,11,6f6947cb-5db3-4b89-bd9c-2edcf8811f99,5,5,2,1,1,1,1,1,1
8 GPU,11,e369cd84-c930-4c0d-849e-5a57e5f87f8f,9,9,2,1,1,1,1,1,1
8 GPU,11,99796e67-8582-4a11-bd99-58ffd5e8aa7d,61,61,2,1,1,1,1,1,1
8 GPU,11,f170cd7e-4757-4f5f-85dc-cb067642323e,67,67,5,1,1,1,1,1,1
8 GPU,11,391345f7-1975-4c02-b6bb-464ecf13df4e,23,23,1,1,1,1,1,1,1
8 GPU,11,754c3ccd-8a86-4f84-9fee-8ada469b3736,8,8,4,1,1,1,1,1,1
8 GPU,11,988d5daf-a41e-47c7-8d53-7dac1492d458,15,15,5,1,1,1,1,1,1
8 GPU,11,30643fd2-6534-4d38-9125-94e88c2c4e3d,18,18,9,1,1,1,1,1,1
8 GPU,11,3c82288a-ba2c-454f-b1fe-27446fe323ee,23,23,4,1,1,1,1,1,1
8 GPU,11,94b975fd-52af-4670-abde-1f946e893633,17,17,1,1,1,1,1,1,1
8 GPU,11,4d9d64c9-57e5-4649-8502-71991e25af2c,17,17,5,1,1,1,1,1,1
8 GPU,11,bfcbb5f7-940c-4557-ad03-0494e0f42afe,22,22,5,1,1,1,1,1,1
8 GPU,11,a460d896-9186-4e7a-a049-ccaee61d7e55,8,8,4,1,1,1,1,1,1
8 GPU,11,9a604476-42a6-4bd6-ab9d-e64fd0e30071,5,5,1,1,1,1,1,1,1
8 GPU,11,58111b62-b866-4655-90f0-8fbd2241fc02,8,8,5,1,1,1,1,1,1
8 GPU,11,777c688a-7787-4640-8d7f-1a4380e8332e,25,25,3,1,1,1,1,1,1
8 GPU,11,a361c808-58b6-44d9-bc24-9c6f7305a4cd,7,7,6,1,1,1,1,1,1
8 GPU,11,1b931cf7-c780-48d1-a3ab-440cfcc39c96,45,45,12,1,1,1,1,1,1
8 GPU,11,3f27c132-ab3b-4210-af12-73f62ea02666,40,40,8,1,1,1,1,1,1
8 GPU,11,3fbfc1a5-e660-4099-97f4-26c0e726bc3d,14,14,8,1,1,1,1,1,1
8 GPU,11,ef0001fe-336c-44a0-b67c-1af38d033ae9,17,16,3,1,1,1,1,1,1
8 GPU,11,7510cee7-2538-41b8-8636-59a719bb456e,5,5,4,1,1,1,1,1,1
8 GPU,11,8a364eae-44ff-4b5c-923c-fcd4780757cc,8,8,2,1,1,1,1,1,1
8 GPU,11,5d70fa12-de88-4f3d-94e5-fa674b95a578,38,38,2,1,1,1,1,1,1
8 GPU,11,5b01b4e4-bb89-4898-b773-6e775b95dd54,4,4,3,1,1,1,1,1,1
8 GPU,11,96415428-1359-4e67-803c-bbc87ab7dffc,11,11,10,1,1,1,1,1,1
8 GPU,11,0848b084-ef69-468e-b51f-1a20779431aa,50,50,2,1,1,1,1,1,1
8 GPU,11,3dc6c049-b1d6-436a-afe9-e19ead176d32,71,71,1,1,1,1,1,1,1
8 GPU,11,c2130b9f-45b8-4f84-8d2a-9cc4c7bdbaae,15,15,1,1,1,1,1,1,1
8 GPU,11,879c7d09-4410-48ca-bb0a-a1836955d38d,2,2,2,1,1,1,1,1,1
8 GPU,11,46944aa8-d4a0-4622-bf57-ffd3e27cd8cd,20,20,5,1,1,1,1,1,1
8 GPU,11,3e3fb871-e8a4-4e9a-93e4-6ca56b8ec2ea,3,3,2,1,1,1,1,1,1
8 GPU,11,20ea4e1b-df6a-4786-8405-e93d81bd6a7e,1,1,1,1,1,1,1,1,1
8 GPU,11,a24387a2-b11f-4625-a188-09eacc342ece,4,4,3,1,1,1,1,1,1
8 GPU,11,d435e589-83ed-4814-b8a4-b12eafd96d81,9,9,8,1,1,1,1,1,1
8 GPU,11,f719ecdd-905d-4886-8707-b6acb3013f45,66,66,1,1,1,1,1,1,1
8 GPU,11,b47fdfcb-d5f8-4604-91cb-8cc5bc3d7e9d,20,20,7,1,1,1,1,1,1
8 GPU,11,a2b09eac-72d8-423d-9a66-090838421cb7,5,5,4,1,1,1,1,1,1
8 GPU,11,c3fbeb44-e53b-4f86-a35c-200f40d587de,2,2,2,1,1,1,1,1,1
8 GPU,11,4eb4c529-b45c-46f0-8976-ce46366e7aa1,8,7,6,1,1,1,1,1,1
8 GPU,11,477908d5-fb5e-4047-a78f-75d7eb47f34e,5,5,4,1,1,1,1,1,1
8 GPU,11,8893c9b7-7c93-4ae5-a9c0-a58ddd9ebd7b,1,1,1,1,1,1,1,1,1
8 GPU,11,4628141e-2850-4ca2-8692-2193f074dd2f,41,41,7,1,1,1,1,1,1
8 GPU,11,9a80f5b2-53dc-41e2-9218-92500f0f6093,4,4,3,1,1,1,1,1,1
8 GPU,11,f6ba3f1f-5924-49b6-ab48-16c992c7e3ae,4,4,3,1,1,1,1,1,1
8 GPU,11,a7888bad-441b-4551-bda1-cdbb053315e6,16,16,3,1,1,1,1,1,1
8 GPU,11,dff164bc-7fc9-42b6-b1a1-0a5177911634,41,41,5,1,1,1,1,1,1
8 GPU,11,48bd4e0f-5482-4667-b0a5-a032ae61e6bf,29,29,2,1,1,1,1,1,1
8 GPU,11,a0fe0b6b-7067-4ddf-8321-1cdf7f14988c,29,29,2,1,1,1,1,1,1
8 GPU,11,9664af04-0a16-4ad6-a9c4-096d5d70e2bc,5,5,5,1,1,1,1,1,1
8 GPU,11,635dc83b-7410-4295-b256-06e3326995f3,131,131,1,1,1,1,1,1,1
8 GPU,11,b387a165-fd01-40c2-b829-e3c2ca507472,52,52,10,1,1,1,1,1,1
8 GPU,11,93cd6b33-4e2b-458e-bf64-19a5946a35c5,32,32,4,1,1,1,1,1,1
8 GPU,11,5bb844e9-95b2-4ba1-b1ce-e1c8603052a8,48,48,3,1,1,1,1,1,1
8 GPU,11,edf22d94-852c-426c-80bf-9da965ce7e5b,5,5,2,1,1,1,1,1,1
8 GPU,11,87eaf718-aaaa-49a9-b3ae-f23f0676e271,1,1,1,1,1,1,1,1,1
8 GPU,11,92b2e03c-1ef6-4c4f-8486-35dcee668b4d,12,12,3,1,1,1,1,1,1
8 GPU,11,9c6561c9-583d-42be-9fc3-e6ecdfa47498,3,3,3,1,1,1,1,1,1
8 GPU,11,67598cd3-392c-49ef-8c3e-8770e1e72999,8,8,4,1,1,1,1,1,1
8 GPU,11,d6df247d-cb49-46f9-be31-9431d493d5a2,15,15,1,1,1,1,1,1,1
8 GPU,11,2fad3796-7b16-4bfc-9c86-1a60f916f8cd,1,1,1,1,1,1,1,1,1
8 GPU,11,8237a50b-aba5-4fd7-9ce3-cfb8adc7921d,59,59,5,1,1,1,1,1,1
8 GPU,11,71af5297-fa35-40b6-b231-65c686f5d80b,64,64,10,1,1,1,1,1,1
8 GPU,11,c395e170-b0c5-4632-ac76-9cb3f7625ac7,34,34,3,1,1,1,1,1,1
8 GPU,11,88838be5-c807-47ed-9927-25ae7485648e,4,4,4,1,1,1,1,1,1
8 GPU,11,b67ac202-7027-4a6e-a55c-34ea200540df,46,46,1,1,1,1,1,1,1
8 GPU,11,58abec73-1030-4648-924f-a47833724fd8,54,54,5,1,1,1,1,1,1
8 GPU,11,54adfd27-dcd1-4948-8447-4b37ec17e877,16,16,3,1,1,1,1,1,1
8 GPU,11,06bde439-242e-4f35-9e1a-a8bfc4fe985b,4,4,3,1,1,1,1,1,1
8 GPU,11,dfdc3daa-d306-4175-b32c-2ca017f01c1f,42,42,9,1,1,1,1,1,1
8 GPU,11,36e0ed98-c647-442e-a151-b6b0a25e5963,39,39,1,1,1,1,1,1,1
8 GPU,11,7b7f9f32-f05d-4c43-9dfa-da7267e39b97,64,64,6,1,1,1,1,1,1
8 GPU,11,0479c2f3-bdb3-45ab-98ec-33662df4d01a,35,35,3,1,1,1,1,1,1
8 GPU,11,25187ccb-1d14-4ed7-90b0-44435390edbb,29,29,2,1,1,1,1,1,1
8 GPU,11,1d436fd6-c82b-469d-a130-cee752029e69,17,17,3,1,1,1,1,1,1
8 GPU,11,771b433a-de14-4e66-babb-cd091ab5689f,39,39,1,1,1,1,1,1,1
8 GPU,11,9093a91d-7cc2-44d0-842c-ccd824074b2d,31,31,5,1,1,1,1,1,1
8 GPU,11,dc3d0bfb-5a86-4e6b-b70a-546c2a0a011b,37,37,1,1,1,1,1,1,1
8 GPU,11,367a9d71-502f-43ce-aa3f-cd1cf7849d87,13,13,2,1,1,1,1,1,1
8 GPU,11,450b4327-2d82-4a99-9e58-d5321b061d37,9,9,1,1,1,1,1,1,1
8 GPU,11,6babd0e4-0f58-48c0-a40f-6401be00a757,27,27,2,1,1,1,1,1,1
8 GPU,11,f9bc91f0-196d-473c-9953-0746a8a55eb5,6,6,2,1,1,1,1,1,1
8 GPU,11,50aa000d-98d2-4977-8e9d-47a038ffe7d8,32,32,2,1,1,1,1,1,1
8 GPU,11,2e58ee13-f95d-4af4-bc77-d71bf250446d,8,8,6,1,1,1,1,1,1
8 GPU,11,a1c97f37-34c8-441a-8b2b-0a6f95720d0c,26,26,1,1,1,1,1,1,1
8 GPU,11,55761bd4-aba4-49e5-9a78-961f1e67e45f,57,57,11,1,1,1,1,1,1
8 GPU,11,ec934e60-8561-4faf-a5f2-dd39613ea87c,5,5,4,1,1,1,1,1,1
8 GPU,11,fd68a4af-7f1d-4000-a79d-9dff51ec2fac,4,4,4,1,1,1,1,1,1
8 GPU,11,cf9f4961-367b-4e5b-82ad-00d9aaad41cf,50,50,22,1,1,1,1,1,1
8 GPU,11,c6e1617d-d8c8-4b3c-8ec6-7b78603ac641,20,20,7,1,1,1,1,1,1
8 GPU,11,f8c3119e-f1c3-4197-ab97-39d1f13dcf32,5,5,5,1,1,1,1,1,1
8 GPU,11,39dff661-3981-44e4-a7eb-cd35e296ec9e,41,41,12,1,1,1,1,1,1
8 GPU,11,78c6920e-875a-411a-bd56-14044c155e24,9,9,4,1,1,1,1,1,1
8 GPU,11,b8956660-962b-49bb-b1d6-92b1a6a1306a,38,38,26,1,1,1,1,1,1
8 GPU,11,12a24d08-14c1-4414-950c-10b91d639619,13,13,2,1,1,1,1,1,1
8 GPU,11,de8336ae-bebd-4c8e-ba49-06263745b0ed,15,15,5,1,1,1,1,1,1
8 GPU,11,5e2de317-c0a7-4f37-91f2-bfb948508043,12,12,2,1,1,1,1,1,1
8 GPU,11,44bfe0f9-c083-4c1f-9bae-e69d68e48ce5,5,5,2,1,1,1,1,1,1
8 GPU,11,96a01dcc-b51d-4f8a-aa0a-f58d3b2a578d,3,3,2,1,1,1,1,1,1
8 GPU,11,b095ac26-a21c-4220-b3a9-7bb83d5bbac6,8,8,2,1,1,1,1,1,1
8 GPU,11,306e602f-d7a8-4889-951e-6303a7d4b8cf,74,74,11,1,1,1,1,1,1
8 GPU,12,ebb5b7ec-6519-4e90-b206-ba471379fb84,6,6,5,1,1,1,1,1,1
8 GPU,12,91df38c3-9afa-4889-84f0-58b7ab1d55a3,9,9,7,1,1,1,1,1,1
8 GPU,12,ebf87185-3277-4f2b-bfe1-27fb66e1f20b,4,4,3,1,1,1,1,1,1
8 GPU,12,0d539e31-5b89-40c4-8191-28d344fedb92,16,16,5,1,1,1,1,1,1
8 GPU,12,0a0cbd55-a61e-4a14-ba52-1fd03cfada72,4,4,3,1,1,1,1,1,1
8 GPU,12,dce8547d-6cab-4aa1-bd03-ded8128ece05,25,25,5,1,1,1,1,1,1
8 GPU,12,ee731149-af36-4b18-a216-fa55bf92517f,6,6,6,1,1,1,1,1,1
8 GPU,12,dbb17a49-2ec6-4c99-aa2e-14aec7dfbf9d,5,5,4,1,1,1,1,1,1
8 GPU,12,736fd629-6ea0-48d9-9379-d67899446f65,41,41,1,1,1,1,1,1,1
8 GPU,12,763543dc-3571-40a8-9f1f-933344310aee,20,20,2,1,1,1,1,1,1
8 GPU,12,ce57ce6e-95b6-4ea7-9b04-1ab386d86e47,3,3,2,1,1,1,1,1,1
8 GPU,12,175cc10d-95c8-4508-8fd2-ac388c318337,8,8,1,1,1,1,1,1,1
8 GPU,12,8b9a608b-d7dc-4a3a-bff1-62225205d546,14,14,2,1,1,1,1,1,1
8 GPU,12,20b24ef7-93c2-4f93-ba41-f9bd4f1e6922,25,25,1,1,1,1,1,1,1
8 GPU,12,aabadb3f-bec7-4a09-ad68-aaaeea05a4d3,8,8,2,1,1,1,1,1,1
8 GPU,12,5b25f6c8-d34e-439a-a7a9-ad693fde0c96,5,5,4,1,1,1,1,1,1
8 GPU,12,1d13f0cb-becd-4930-981d-f282c5bc8ad2,52,52,2,1,1,1,1,1,1
8 GPU,12,010049aa-1652-4d25-b62d-efeadf557dfc,6,6,2,1,1,1,1,1,1
8 GPU,12,22bb626f-3697-434d-b034-99ba772411fc,14,14,2,1,1,1,1,1,1
8 GPU,12,b973fcc4-36c4-4c28-89c1-03b21da3036f,16,16,1,1,1,1,1,1,1
8 GPU,12,78ac7dd2-fdd3-4ad7-ab36-81d7f25863fa,19,19,1,1,1,1,1,1,1
8 GPU,12,97cc3e2c-037a-4c24-b19d-fcd741766133,14,14,1,1,1,1,1,1,1
8 GPU,12,07aa3798-6149-49e1-ae61-617b6e28277d,3,3,3,1,1,1,1,1,1
8 GPU,12,a14ed451-6ac8-41e9-89b7-9a3471cde0b4,19,19,1,1,1,1,1,1,1
8 GPU,12,bb0ab3d6-e6e7-427c-a3ab-9dccbf392660,13,13,12,1,1,1,1,1,1
8 GPU,12,6b0784b7-f307-4b74-bf2d-6a43de12f02d,1,0,1,0,0,0,1,1,1
8 GPU,12,b24ab271-cd75-4483-9f91-2e72faef5644,5,5,3,1,1,1,1,1,1
8 GPU,12,a6f11d1c-8f5d-4ea5-bec4-b4a20d20c2ee,4,4,4,1,1,1,1,1,1
8 GPU,12,34a12dd0-a579-409c-9445-e95bad60b01f,6,6,6,1,1,1,1,1,1
8 GPU,12,8e53db33-348d-44bc-ad86-cd4a897a502e,6,6,5,1,1,1,1,1,1
8 GPU,12,bba8ade6-b60c-4fc0-a7ad-194adfed8c53,4,4,3,1,1,1,1,1,1
8 GPU,12,36513a6a-edab-4b8d-8304-f7e90e82bb94,9,9,4,1,1,1,1,1,1
8 GPU,12,37a4b9db-5868-465f-a69e-bd46a60e3be9,59,59,2,1,1,1,1,1,1
8 GPU,12,b5a97ba9-aa19-48d8-979a-8bdf038c4b11,25,25,1,1,1,1,1,1,1
8 GPU,12,e5ae0ccb-ae53-4fcd-83eb-0f2dad87e6c4,12,12,1,1,1,1,1,1,1
8 GPU,12,96e6012f-c154-4680-86b4-fc9220c6b9e0,51,51,1,1,1,1,1,1,1
8 GPU,12,d8bc7bcb-2673-4013-aef3-0cce27195c4a,56,56,4,1,1,1,1,1,1
8 GPU,12,85809e2a-7af0-4fdb-ae5f-fcd2664086c9,21,21,9,1,1,1,1,1,1
8 GPU,12,7a014dd5-9530-40d0-8177-38ac3d579b19,16,16,1,1,1,1,1,1,1
8 GPU,12,f6c90db9-c855-4380-bb78-ddc35e372fab,52,52,1,1,2,2,1,1,1
8 GPU,12,fd87bf70-b95b-4711-917c-fca381056e93,23,23,1,1,1,1,1,1,1
8 GPU,12,261529ed-4b70-4048-bda6-a588e39cab14,15,15,4,1,1,1,1,1,1
8 GPU,12,b72dbdfa-a2c3-4c66-b8e5-a216f7976612,4,4,3,1,1,1,1,1,1
8 GPU,12,87f2864c-61a2-4f65-a974-7e0fb523eefb,4,4,3,1,1,1,1,1,1
8 GPU,12,ee071e9c-0575-480d-b53f-3518ff597580,44,44,3,1,1,1,1,1,1
8 GPU,12,5a97fed0-7ff4-42aa-94f7-55c640b067e6,4,4,3,1,1,1,1,1,1
8 GPU,12,859a4de8-02c0-4c37-968a-c7d0e83dc6c8,32,32,4,1,1,1,1,1,1
8 GPU,12,5de892a1-075a-4fc6-ac1a-d6642fb295da,4,4,3,1,1,1,1,1,1
8 GPU,12,e2588b70-b756-4491-a7eb-2dd8220ee373,4,4,1,1,1,1,1,1,1
8 GPU,12,6b5295c8-b58f-4a27-9c27-9d6d31d7a678,1,1,1,1,1,1,1,1,1
8 GPU,12,a036fbb3-3fb2-44a3-accd-616e6fb1d4f9,4,4,3,1,1,1,1,1,1
8 GPU,12,f1981381-bdca-4acd-aaa9-7a344e2c1105,32,32,1,1,1,1,1,1,1
8 GPU,12,8d831c78-1d57-41e9-afee-6c4a68c0231e,16,16,11,1,1,1,1,1,1
8 GPU,12,6caacfd8-2a91-41f0-b587-58f87f440154,43,43,2,1,1,1,1,1,1
8 GPU,12,a0a0686f-fdd5-4871-8b25-25021a421e0a,13,13,3,1,1,1,1,1,1
8 GPU,12,77323e73-fa38-4c14-beea-c0e249d3f265,42,42,3,1,1,1,1,1,1
8 GPU,12,95eba28d-4a24-4183-a04c-275c1235c184,10,10,4,1,1,1,1,1,1
8 GPU,12,e06fd442-1a08-4f5f-b69b-514cc21bba4c,13,13,12,1,1,1,1,1,1
8 GPU,12,70be742f-608e-4a0c-9649-31c059def018,12,12,1,1,1,1,1,1,1
8 GPU,12,f4b35fa0-1e38-450d-b71a-7777422f6935,16,16,3,1,1,1,1,1,1
8 GPU,12,092ea9c7-3e8a-46f4-80b4-bbd9d8b2ed65,22,22,1,1,1,1,1,1,1
8 GPU,12,e789e6d3-825e-41ef-b1e4-e8944dff592c,29,29,4,1,1,1,1,1,1
8 GPU,12,2a51f500-4495-4984-99f9-3bb53c909071,8,8,2,1,1,1,1,1,1
8 GPU,12,b319850d-c3ee-4afb-901e-09e14567c0d2,13,13,2,1,1,1,1,1,1
8 GPU,12,a4624122-8819-46bf-a169-2ed22280f1a6,5,5,4,1,1,1,1,1,1
8 GPU,12,0d456be1-489a-4848-ba07-f2adb99abf2a,4,4,3,1,1,1,1,1,1
8 GPU,12,0ec9acd1-5049-4dcc-aa67-e27ad8611f61,18,18,8,1,1,1,1,1,1
8 GPU,12,37b7bbd2-2620-45ab-b9d2-35cdc2f63ef8,4,4,3,1,1,1,1,1,1
8 GPU,12,d562540a-7584-490a-bf78-46cb236f604f,6,6,5,1,1,1,1,1,1
8 GPU,12,4df31c7c-7334-4f30-bacf-ee81f57699e9,4,4,4,1,1,1,1,1,1
8 GPU,12,699bc6c5-00b6-4d0b-9ff3-ba15fafb8fb3,10,10,8,1,1,1,1,1,1
8 GPU,12,63c913c1-f478-4974-8769-301ddc0942ef,6,6,5,1,1,1,1,1,1
8 GPU,12,c64a62d5-92c4-495d-8497-ef8a213c3204,11,11,7,1,1,1,1,1,1
8 GPU,12,e6b63251-11a1-4527-87b0-b749f27d1d38,32,32,1,1,1,1,1,1,1
8 GPU,12,a25f5681-34b5-4951-9c6e-efa74e10a521,29,29,7,1,1,1,1,1,1
8 GPU,12,33d59bc2-221a-40d3-adf6-6ac35a5c3526,9,9,1,1,1,1,1,1,1
8 GPU,12,1bc81697-a195-46a6-882b-02ca61ac3325,9,9,2,1,1,1,1,1,1
8 GPU,12,a0685400-ad13-4538-b419-6d4e2f34a2e2,13,13,2,1,1,1,1,1,1
8 GPU,12,9041d38c-a8dc-4811-8fe2-8e25ccfb3f94,14,14,4,1,1,1,1,1,1
8 GPU,12,ec2c8974-b61f-4e46-a6ce-247af3c58633,27,27,1,1,1,1,1,1,1
8 GPU,12,46f3695e-da9e-487f-9357-dc8f47209037,35,35,9,1,1,1,1,1,1
8 GPU,12,5d6870ae-7088-4661-b7c2-5932a7a9ebab,1,1,1,1,1,1,1,1,1
8 GPU,12,242995fb-914d-4006-8cda-02b1e0c74e68,6,6,1,1,1,1,1,1,1
8 GPU,12,860864f1-7421-47a0-b865-6f8da69eb657,30,30,5,1,1,1,1,1,1
8 GPU,12,26111e78-c33a-4fe0-ac00-f151ae406567,45,45,7,1,1,1,1,1,1
8 GPU,12,6957dd61-dbe1-4201-898c-625027520e10,62,62,12,1,1,1,1,1,1
8 GPU,12,5358add4-79e8-4520-81df-186eac320c78,43,43,5,1,1,1,1,1,1
8 GPU,12,6b2a60c6-5b63-4629-88ab-cbfe3be98815,86,86,1,1,1,1,1,1,1
8 GPU,12,b9731769-f38d-4f02-b8be-fffe16959862,4,4,3,1,1,1,1,1,1
8 GPU,12,9f32d89e-7057-4083-b6a0-3ea8f5eabee6,31,31,8,1,1,1,1,1,1
8 GPU,12,879efe16-0dac-4c88-85bc-5afce2901640,89,89,1,1,1,1,1,1,1
8 GPU,12,b5a9ad67-57c6-4764-b646-96cbdc012dca,1,1,1,1,1,1,1,1,1
8 GPU,12,6e3f03ab-7287-44e1-815e-6dbbbcc9c0dc,34,34,1,1,1,1,1,1,1
8 GPU,12,d00f09d4-2be4-4f1d-9559-0fb7846eb101,11,11,1,1,1,1,1,1,1
8 GPU,12,7507be32-69de-47a3-beee-e4fde65936c8,1,1,1,1,1,1,1,1,1
8 GPU,12,9a39f03c-2371-4356-bd39-832f4e1fc34b,24,24,3,1,1,1,1,1,1
8 GPU,12,3b14da93-850a-48aa-943b-7dd51e657689,6,6,2,1,1,1,1,1,1
8 GPU,12,ee3b7641-d8cf-4229-a906-2e418140dde9,35,35,9,1,1,1,1,1,1
8 GPU,12,c9787bf7-7538-41b8-94ab-636931e637d5,13,13,3,1,1,1,1,1,1
8 GPU,12,e3c52d3c-5d79-464c-920f-6e556b72efd2,12,12,2,1,1,1,1,1,1
8 GPU,12,e618a8f6-95fe-412b-a2b5-0648b002d035,46,46,6,1,1,1,1,1,1
8 GPU,12,a76f582a-7e0d-4a23-b86f-14f187668276,7,7,1,1,1,1,1,1,1
8 GPU,12,aca05496-e249-4fbd-b2fa-79fef8079b51,17,17,1,1,1,1,1,1,1
8 GPU,12,ca9d01f8-ab04-46ba-900e-b75e8e9384ea,54,54,1,1,1,1,1,1,1
8 GPU,12,bb1edeb9-a4a3-485c-bc47-162266089353,10,10,6,1,1,1,1,1,1
8 GPU,12,52f8d028-6764-49fc-9aa4-bd4a643ab393,1,1,1,1,1,1,0,0,0
8 GPU,12,41ce9308-64a5-4c8f-8659-45a84c1f0591,16,16,8,1,1,1,1,1,1
8 GPU,12,194f7473-1020-4346-947e-ecc031b740f0,40,40,4,1,1,1,1,1,1
8 GPU,12,81d46748-80c2-4fcf-9132-ff0a9f346cc8,19,19,19,1,1,1,1,1,1
8 GPU,12,9c391c55-1cf9-4787-b655-16108a22d216,9,9,1,1,1,1,1,1,1
8 GPU,12,245ccd8a-5b8f-42ab-904b-22c84ab27576,13,13,9,1,1,1,1,1,1
8 GPU,12,a4ef0c8c-3b73-403c-97b4-1d51fb906ff9,98,98,2,1,1,1,1,1,1
8 GPU,12,226ba55a-e49a-414e-a56d-121f26f815bd,4,4,3,1,1,1,1,1,1
8 GPU,12,343a1660-4602-44be-ac5e-aa050917c308,4,4,3,1,1,1,1,1,1
8 GPU,12,663c0e14-7d0b-4a8a-84a9-4526f792892c,21,21,4,1,1,1,1,1,1
8 GPU,12,66c61881-93f3-43f3-8c55-f204e553d4b7,17,17,1,1,1,1,1,1,1
8 GPU,12,6372ecb9-5d02-4e06-b815-fd92a4fd808e,4,4,3,1,1,1,1,1,1
8 GPU,12,51cb4d67-31ad-4628-8a43-49eddaa0c56c,4,4,3,1,1,1,1,1,1
8 GPU,12,3a9095ae-78c9-4d5f-b4f3-4445d4ec353b,4,4,3,1,1,1,1,1,1
8 GPU,12,bfc01849-377b-493d-a3c1-3deac3c1e0a6,33,33,1,1,1,1,1,1,1
8 GPU,12,b9e891c3-58b4-47df-8335-01cc95cf3c8c,5,5,3,1,1,1,1,1,1
8 GPU,12,bd597b85-e370-47db-8ac2-439bb7960752,9,9,2,1,1,1,1,1,1
8 GPU,12,e09f9993-acb0-4028-a31b-275f3132d5b9,36,36,1,1,1,1,1,1,1
8 GPU,12,87f81dc8-bb20-44b4-9772-8cf74d57eb02,4,4,4,1,1,1,1,1,1
8 GPU,12,13185892-f14c-47f4-825b-1132d5596cba,79,79,3,1,1,1,1,1,1
8 GPU,12,f074c3fa-e388-4f4b-a654-06dd9cfc591c,16,16,2,1,1,1,1,1,1
8 GPU,12,c803a9a0-db46-4e3a-8b7e-e70e8cc289cb,9,9,2,1,1,1,1,1,1
8 GPU,12,2290c88a-44ae-4759-adba-8a1c576ee157,15,15,3,1,1,1,1,1,1
8 GPU,13,f02d3021-e8cd-44cd-b4e4-058fe9cb3c8c,54,54,3,1,1,1,1,1,1
8 GPU,13,e1d17547-9811-4ab8-8560-2490a4cc6efd,16,16,4,1,1,1,1,1,1
8 GPU,13,63a19dc7-13dc-48cd-85f7-bb3979aa0482,92,92,2,1,1,2,1,1,1
8 GPU,13,8eaa8caa-2f0d-44a1-bd31-a7d4512726d4,22,22,2,1,1,1,1,1,1
8 GPU,13,2507dee6-a684-4523-ae8c-d345589e22e4,18,18,3,1,1,1,1,1,1
8 GPU,13,3494eb45-b940-4006-9a40-24ccf9fcd2ec,39,39,15,1,1,1,1,1,1
8 GPU,13,50dfba1b-7af8-4a77-91f9-96afc5a90628,14,14,6,1,1,1,1,1,1
8 GPU,13,5c3f3719-4119-4e36-9393-760d421d4a54,12,12,2,1,1,1,1,1,1
8 GPU,13,5f8a76f4-145b-4921-ab77-d008a910f152,14,14,2,1,1,1,1,1,1
8 GPU,13,9886a04c-4350-4e07-b4ac-20ce843e59df,11,11,9,1,1,1,1,1,1
8 GPU,13,74f90322-1219-4a39-a50d-b4825b5a8e5b,19,19,2,1,1,1,1,1,1
8 GPU,13,adebe322-5a39-4e72-87ad-d9970bff9460,11,11,2,1,1,1,1,1,1
8 GPU,13,994cfd78-8f1e-4cc8-bcc5-1e07e80c1b2e,33,33,19,1,1,1,1,1,1
8 GPU,13,b39c3356-7699-4748-bf2b-22925c682551,42,42,7,1,1,1,1,1,1
8 GPU,13,137121e7-b91e-4eb2-aad4-a717aa9f8464,38,38,11,1,1,1,1,1,1
8 GPU,13,c94dfee6-0831-4a35-a765-7c51024138eb,4,4,3,1,1,1,1,1,1
8 GPU,13,100f228e-614b-4898-9760-aede02c33778,4,4,3,1,1,1,1,1,1
8 GPU,13,45a45427-9108-4bef-b956-74d79e745522,44,44,6,1,1,1,1,1,1
8 GPU,13,da73fc8e-fe47-4dfd-8c3b-c3d4ac904d74,32,32,8,1,1,1,1,1,1
8 GPU,13,26a6a166-1f0c-4767-9655-77af900fdf2f,20,20,5,1,1,1,1,1,1
8 GPU,13,656cce1b-1f71-4d81-a7b7-d917eaa8b206,17,17,2,1,1,1,1,1,1
8 GPU,13,173a59cb-ad4d-42d0-b664-59859fde2509,23,23,11,1,1,1,1,1,1
8 GPU,13,7b13699e-bd3b-42ea-88b3-9e331c51947f,22,22,3,1,1,1,1,1,1
8 GPU,13,ee22f664-d3e8-4fb4-a301-5fac9ad62630,24,24,3,1,1,1,1,1,1
8 GPU,13,35dcf8e5-7c1c-46d1-9e1e-8601e9c5597d,6,6,2,1,1,1,1,1,1
8 GPU,13,de751bd6-8197-421f-8241-7ba3fc202bee,45,45,4,1,1,1,1,1,1
8 GPU,13,5cf19484-b190-4c36-a563-98ddc82b623c,89,89,4,1,1,1,1,1,1
8 GPU,13,a77e4245-2bae-4f64-bb37-41f852a56fce,20,20,5,1,1,1,1,1,1
8 GPU,13,20619e98-ef68-40f9-af9a-45f4e1a4e00f,6,6,1,1,1,1,1,1,1
8 GPU,13,b075c39a-5ab6-4956-8640-db3790d348c4,16,16,2,1,1,1,1,1,1
8 GPU,13,b22deed3-b854-4de9-9f10-a75fa38c1350,23,23,3,1,1,1,1,1,1
8 GPU,13,b5a62e71-b020-457b-b975-c1f384f06e6e,27,27,11,1,1,1,1,1,1
8 GPU,13,699331cf-59d4-40ca-828c-3b6405b5e7e2,4,4,3,1,1,1,1,1,1
8 GPU,13,d6b0948a-8d00-4af8-a3f1-b19923419334,4,4,3,1,1,1,1,1,1
8 GPU,13,7a1e86fb-34d6-43f2-bc1a-04e7ad47362b,4,4,3,1,1,1,1,1,1
8 GPU,13,1943f79a-4ca7-47a6-86ad-2531ebefa758,4,4,3,1,1,1,1,1,1
8 GPU,13,f8431327-b48b-416a-8cc5-e7abbd36a82b,2,2,2,1,1,1,1,1,1
8 GPU,13,2d946f52-a21d-49ae-901e-f40d345bda46,11,11,3,1,1,1,1,1,1
8 GPU,13,e21704ff-65ba-499f-8ec9-9891ebd45c35,52,52,1,1,1,1,1,1,1
8 GPU,13,3c0b3e06-b305-42c3-946b-28483833102b,4,4,3,1,1,1,1,1,1
8 GPU,13,58184f89-a38b-44bb-829a-cb2cc97db671,28,28,3,1,1,1,1,1,1
8 GPU,13,69c08a39-dd94-4b69-bc70-08ea5efa51d3,37,37,1,1,1,1,1,1,1
8 GPU,13,c3212fd9-4f20-4fe8-8778-2e1c294571c4,29,29,2,1,1,1,1,1,1
8 GPU,13,b77f98bd-3358-4b38-ae0f-c4225aad3d0d,52,52,1,1,1,1,1,1,1
8 GPU,13,87d9164b-e610-48fa-8b7f-9303000bc102,45,45,1,1,1,1,1,1,1
8 GPU,13,ff7002bd-aedd-42ed-9d8d-0e0f8a07062b,40,40,1,1,1,1,1,1,1
8 GPU,13,b4b416e0-8b24-420e-9c4f-ac6a9406d5cc,8,8,1,1,1,1,1,1,1
8 GPU,13,790ecf23-fb5a-4bb2-b352-b3c2fd7bc53b,21,21,2,1,1,1,1,1,1
8 GPU,13,ae46cc48-524c-4e26-b716-e7ccdbd79290,14,14,4,1,1,1,1,1,1
8 GPU,13,eb5c60ed-9d0c-4786-8aaf-8afecdc46957,8,8,2,1,1,1,1,1,1
8 GPU,13,9f13fc43-74a7-4ca7-8f11-ef5b073ccc63,57,57,2,1,1,1,1,1,1
8 GPU,13,7c646470-013a-4e82-9a3d-11885705875f,8,8,3,1,1,1,1,1,1
8 GPU,13,49bad0dd-e538-4590-953e-c2f9cf3173de,4,4,3,1,1,1,1,1,1
8 GPU,13,38049530-7491-430c-a43a-e64745e35372,5,5,1,1,1,1,1,1,1
8 GPU,13,656608b9-c0a0-407b-ab66-cd5c51de364e,5,5,2,1,1,1,1,1,1
8 GPU,13,437b6641-a88a-4137-b97e-e501ee8e3f25,13,13,2,1,1,1,1,1,1
8 GPU,13,91f410ba-f0c7-4065-8a8d-f37d9f4855f1,4,4,3,1,1,1,1,1,1
8 GPU,13,648843d4-bc0d-4ce2-a420-37e9bde946e8,79,79,7,1,1,1,1,1,1
8 GPU,13,d81b37c1-b5dc-43f3-9b5a-b716aac95bc3,67,67,2,1,2,2,1,1,1
8 GPU,13,674eb891-643e-4183-adf7-679accedb688,80,80,3,1,1,1,1,1,1
8 GPU,13,44fb588a-321b-4ce9-9d1a-8deeae5a72a7,4,4,3,1,1,1,1,1,1
8 GPU,13,0f737d76-3051-4eee-a14f-3b41a76340b9,4,4,3,1,1,1,1,1,1
8 GPU,13,db597418-d8fe-44d6-ac03-98003a4c1c53,4,4,3,1,1,1,1,1,1
8 GPU,13,780f5ffb-7ebe-407d-a844-b641bb82de6f,4,4,3,1,1,1,1,1,1
8 GPU,13,5314cbf4-f846-4fb5-be69-29407f745130,13,13,1,1,1,1,1,1,1
8 GPU,13,665d7031-95c9-44f1-a2bd-f8f9c4b12a5c,10,10,1,1,1,1,1,1,1
8 GPU,13,083ed3ef-a3bb-4c61-b644-435bc2089da8,10,10,1,1,1,1,1,1,1
8 GPU,13,db7af51b-25b3-4cad-ad6b-045e3e922d2b,9,9,1,1,1,1,1,1,1
8 GPU,13,2366b176-c02f-4ce1-9dd5-615eb6271c74,28,28,1,1,1,1,1,1,1
8 GPU,13,aba07629-cc5d-4ded-8f33-7e85a74bb1cf,83,83,1,1,1,1,1,1,1
8 GPU,13,be891dfe-e3d0-4917-9a4b-71ef76bb4e2b,4,4,3,1,1,1,1,1,1
8 GPU,13,25263697-85b0-40e2-8a42-954fbe62b249,15,15,1,1,1,1,1,1,1
8 GPU,13,85f4661b-6d58-4d03-ac6c-b9301df73b4c,4,4,2,1,1,1,1,1,1
8 GPU,13,e30f3f98-2505-4f26-b917-63d9defe98d3,41,41,11,1,1,1,1,1,1
8 GPU,13,dbba1d7f-7609-4f3d-bcc1-ee4ffae2bff9,13,13,2,1,1,1,1,1,1
8 GPU,13,bf251654-1f11-48fe-9713-4e67fd435c3d,49,49,17,1,1,1,1,1,1
8 GPU,13,4e0d5f2b-34ef-4e02-920b-116d60f895b3,2,2,2,1,1,1,1,1,1
8 GPU,13,11c6d1b9-2283-4293-8177-29341214cc93,44,44,2,1,1,1,1,1,1
8 GPU,13,fc959624-8eb5-450e-8a70-70d9042bc1f6,18,18,2,1,1,1,1,1,1
8 GPU,13,0637c611-3c2a-4692-92c1-13f37b5d8e2e,8,8,7,1,1,1,1,1,1
8 GPU,13,3ace782f-bec4-4fc5-8319-689c9b892c4b,7,7,1,1,1,1,1,1,1
8 GPU,13,c9b97884-c76d-4353-824b-29d251c26aa8,21,21,1,1,1,1,1,1,1
8 GPU,13,535c8bda-0d35-4245-a5b2-032fe0c35840,10,10,1,1,1,1,1,1,1
8 GPU,13,ed617b22-51e7-46c0-8a94-d802889b83d4,18,18,1,1,1,1,1,1,1
8 GPU,13,f6bdfa7b-e3a2-43b3-8afe-ddf53d8c9ed4,19,19,2,1,1,1,1,1,1
8 GPU,13,2c97b1dc-accd-4494-90f3-197276b2a97e,10,10,1,1,1,1,1,1,1
8 GPU,13,122baa59-8851-44fa-b77f-70b654af4ddb,28,28,1,2,2,2,1,1,1
8 GPU,13,bd05b713-f29f-4d91-b328-5e994e2fcca0,4,4,1,1,1,1,1,1,1
8 GPU,13,82878887-1a62-4fc6-b458-96e894fcaeb8,4,4,3,1,1,1,1,1,1
8 GPU,13,2d3cdc60-6a36-4bc6-b873-cba5cbab6224,3,3,3,1,1,1,1,1,1
8 GPU,13,829840fe-d621-4e03-9bdf-1eee6360ef09,4,4,3,1,1,1,1,1,1
8 GPU,13,a2d9cc4c-b0a3-4bbd-9271-e4ca01789757,13,13,1,1,1,1,1,1,1
8 GPU,13,4a92fee9-539e-4afe-b556-e508ba8cdc93,57,57,1,1,1,1,1,1,1
8 GPU,13,d9d933d8-d53b-4741-b597-314d041d9bd2,3,3,3,1,1,1,1,1,1
8 GPU,13,fee6fc87-425d-4d03-a436-af063a78a94f,4,4,3,1,1,1,1,1,1
8 GPU,13,ee163796-b5fb-45ec-af0b-2800fed332f1,4,4,3,1,1,1,1,1,1
8 GPU,13,12a7ba31-ccd1-47f9-b789-b093c64f322a,4,4,3,1,1,1,1,1,1
8 GPU,13,95684f38-e644-4cec-aa13-645d9eb59d3a,76,76,1,1,1,1,1,1,1
8 GPU,13,7994660f-96f1-4cf0-ac2d-a10d8b30b6bb,10,10,9,1,1,1,1,1,1
8 GPU,13,81aa094d-2cbf-400e-a2fc-b00fdb551cc0,51,51,5,1,1,1,1,1,1
8 GPU,13,069b589a-bdaf-4043-bada-246329794e42,2,2,2,1,1,1,1,1,1
8 GPU,13,ea0bef75-1996-4178-b1fe-7f9d96459ecb,4,4,3,1,1,1,1,1,1
8 GPU,13,0b045421-5aab-45de-bcf5-4e325be67bb5,29,29,3,1,1,1,1,1,1
8 GPU,13,d3e48a91-eaea-43cf-b4cd-938eccc7d832,91,91,1,1,1,1,1,1,1
8 GPU,13,e3c0186b-0bf8-402a-9502-9cbddcb58986,5,5,4,1,1,1,1,1,1
8 GPU,13,ecbb902e-58e1-4727-8db4-9b384fe3643d,4,4,3,1,1,1,1,1,1
8 GPU,13,6162e7a7-1ef2-4893-bb04-1c73c7909791,11,11,5,1,1,1,1,1,1
8 GPU,13,5d9c2b25-d9a3-4f38-88ca-6c74cc084ab1,12,12,12,1,1,1,1,1,1
8 GPU,13,04bd459c-65b5-45fb-b00a-179989d56e08,7,7,2,1,1,1,1,1,1
8 GPU,13,e570411b-94d9-4a7e-b494-cfd863d44f5a,2,2,2,1,1,1,1,1,1
8 GPU,13,1945f9b4-e754-4302-8dc0-c0bfc457961b,42,42,8,1,1,1,1,1,1
8 GPU,13,994c2c18-baff-4fe6-b957-d8cea954fa98,19,19,2,1,1,1,1,1,1
8 GPU,13,626ec863-2001-4d43-ba70-edd1dd44377c,6,6,2,1,1,1,1,1,1
8 GPU,13,ee4162d7-77f2-4fc4-80a1-aac421ee1b8d,21,21,3,1,1,1,1,1,1
8 GPU,13,150e868a-dd27-4565-9b50-bdb2348876df,20,20,8,1,1,1,1,1,1
8 GPU,13,3ea7463f-1f62-49ba-86d1-b8049cd4a1fc,3,3,3,1,1,1,1,1,1
8 GPU,13,da6e567f-cd83-4a45-95fd-552d632e43c4,4,4,3,1,1,1,1,1,1
8 GPU,13,f994a8bb-14e5-4314-8227-f9529f420948,4,4,3,1,1,1,1,1,1
8 GPU,13,d4cb96a4-3415-47f3-bb93-351085e45afe,10,10,7,1,1,1,1,1,1
8 GPU,13,584ae737-dd84-44e3-85df-e675a51b091f,2,2,1,1,1,1,1,1,1
8 GPU,13,62eec34e-e95e-4e63-8b8b-732d6e9f399f,4,4,3,1,1,1,1,1,1
8 GPU,13,c4a15ccc-d9cf-4673-932b-933dd92e9b34,31,31,8,1,1,1,1,1,1
8 GPU,13,b30c815c-4817-49a4-968d-11f1179c78ad,3,3,2,1,1,1,1,1,1
8 GPU,13,72bf01fb-5e7d-4047-9d34-25103293c7e5,12,12,3,1,1,1,1,1,1
8 GPU,13,da6e4b69-d296-462c-9792-df15ad5e0fd8,4,4,3,1,1,1,1,1,1
8 GPU,13,560a3815-259e-4fe1-a9e8-ee74e77588b3,21,21,4,1,1,1,1,1,1
8 GPU,13,7bbba401-5449-4002-adc5-82c13516d766,17,17,1,1,1,1,1,1,1
8 GPU,13,732bcbf7-e6c1-4435-8278-cadf427539a0,19,19,1,1,1,1,1,1,1
8 GPU,14,de5db6d4-51d1-4dfb-b5c3-99d113dd910f,4,4,3,1,1,1,1,1,1
8 GPU,14,5a8e5ed9-ae3f-46d8-9e08-bb48375b679f,10,10,9,1,1,1,1,1,1
8 GPU,14,e44162d2-142e-4273-9970-a11c023e11aa,4,4,3,1,1,1,1,1,1
8 GPU,14,afd74a26-c84e-4a2c-8c70-70be822bbd1a,19,19,2,1,1,1,1,1,1
8 GPU,14,00d91373-a6fc-408d-9ae5-1894660aa5df,3,3,3,1,1,1,1,1,1
8 GPU,14,5cc3d264-8157-4572-90b8-38d49a7ddb2d,4,4,3,1,1,1,1,1,1
8 GPU,14,95c78aa2-ffad-4f8a-b968-a01ba7f112f3,3,3,2,1,1,1,1,1,1
8 GPU,14,2539da25-7ac4-40bd-8894-b2fa5802c4b2,4,4,3,1,1,1,1,1,1
8 GPU,14,61566d5a-9fa9-4a0f-8a2a-ca2893cbd0ce,4,4,3,1,1,1,1,1,1
8 GPU,14,8aa658f1-3636-42fc-acb3-99d4dba62ee9,5,5,5,1,1,1,1,1,1
8 GPU,14,40f6cd27-72e8-4610-a131-93f76d24603b,4,4,3,1,1,1,1,1,1
8 GPU,14,6eb9ad83-92eb-4723-a40b-62c6d905437a,4,4,3,1,1,1,1,1,1
8 GPU,14,7395c9e4-b374-4545-8898-a24e07dc8f6f,22,22,5,1,1,1,1,1,1
8 GPU,14,21fc372c-5b35-4a80-bdd8-62c40c51d5ef,8,8,8,1,1,1,1,1,1
8 GPU,14,b205b64d-62a4-4d42-b389-623811610044,22,22,2,1,1,1,1,1,1
8 GPU,14,a115220c-4f65-4782-9788-64d5b8bf4392,4,4,3,1,1,1,1,1,1
8 GPU,14,1432c03b-85a6-4d45-816e-0153a161b79e,13,13,2,1,1,1,1,1,1
8 GPU,14,ee6a7b65-d0d0-41f8-ad84-417ea119eaf4,7,7,6,1,1,1,1,1,1
8 GPU,14,209ba76e-549e-4b6b-86b8-d8196912c8e1,70,70,5,1,1,1,1,1,1
8 GPU,14,74d5a090-c039-4f06-8ac5-c69d07a1c785,11,11,3,1,1,1,1,1,1
8 GPU,14,a5862e38-39e5-45ca-8ce9-96067783c32b,15,15,6,1,1,1,1,1,1
8 GPU,14,7fbb3e4e-3f86-4b80-8f51-daa7af9bc959,5,5,4,1,1,1,1,1,1
8 GPU,14,19a02095-3646-4b26-a005-e536dcb95e65,5,5,4,1,1,1,1,1,1
8 GPU,14,e2f492f7-00d3-4787-af09-32db0eca0c8c,13,13,8,1,1,1,1,1,1
8 GPU,14,5c98f003-21db-46f3-87b6-acd09d83ada2,33,33,5,1,1,1,1,1,1
8 GPU,14,12ba7df1-b74e-4787-a45b-b0587a0ebe15,48,48,2,1,1,1,1,1,1
8 GPU,14,3eb8a9dd-5105-405e-9138-deadca30e3f0,5,5,4,1,1,1,1,1,1
8 GPU,14,241e0cb2-3d6d-4f5c-a833-d8a5029f894e,10,10,4,1,1,1,1,1,1
8 GPU,14,2378fd51-0429-4f61-9d83-adc189de6468,4,4,3,1,1,1,1,1,1
8 GPU,14,ad56f730-de45-441c-b397-3ba3e4c33aa9,1,1,1,1,1,1,1,1,1
8 GPU,14,854443ca-6e05-4045-9bf4-58cb1be4a6ea,24,24,9,1,1,1,1,1,1
8 GPU,14,281472ed-ddc8-4384-b779-c0619531024a,6,6,3,1,1,1,1,1,1
8 GPU,14,439df808-0f1c-4222-b6a4-dfa61fe2e511,9,9,1,1,1,1,1,1,1
8 GPU,14,4603d09f-48d2-4739-9940-79f1fbf16a55,25,25,1,1,1,1,1,1,1
8 GPU,14,8b7d9cc8-4123-4e47-8f1c-4294929075fc,5,5,2,1,1,1,1,1,1
8 GPU,14,f504a11e-f58f-4751-b7fb-d197021338ba,1,1,1,1,1,1,0,0,0
8 GPU,14,d520335b-9d28-491c-b521-c430e6380e04,22,22,7,1,1,1,1,1,1
8 GPU,14,5667985c-d82f-405b-8a4d-db51c063f073,7,7,1,1,1,1,1,1,1
8 GPU,14,f848255f-8d58-4120-b01a-5ac3d32b848f,80,80,3,1,1,1,1,1,1
8 GPU,14,16219886-6b8b-47c9-9df2-b28aeb147194,9,9,1,1,1,1,1,1,1
8 GPU,14,e2c71525-63e8-4b01-87de-e19976051adc,96,96,1,1,1,1,1,1,1
8 GPU,14,ac001f94-055d-409f-ad7c-3dee90630926,25,25,2,1,1,1,1,1,1
8 GPU,14,3a39b951-7ac1-4b28-b8e0-ce88d75dd2c5,4,4,3,1,1,1,1,1,1
8 GPU,14,cbaf8c10-8982-4e1f-ac59-51f916c16d21,1,1,1,1,1,1,1,1,1
8 GPU,14,9918cd0f-6613-4b82-9f26-f547659a0163,1,1,1,1,1,1,0,0,0
8 GPU,14,cf1113a8-7de6-44b2-8612-935c3a62657d,115,115,26,1,1,1,1,1,1
8 GPU,14,3002e3db-d8f5-4b7e-8e96-dd193016eaa9,5,5,4,1,1,1,1,1,1
8 GPU,14,1f4c7cfb-24e1-41d0-92c7-659b59af25ed,1,1,1,1,1,1,1,1,1
8 GPU,14,7d01fa85-3b5d-4678-88b0-18777d75a6b1,6,6,1,1,1,1,1,1,1
8 GPU,14,32ecf964-9f01-41d9-9831-2b7177457757,5,5,1,1,1,1,1,1,1
8 GPU,14,de323d0f-e915-4de4-b644-342e4f8433fd,6,6,2,1,1,1,1,1,1
8 GPU,14,bfc5ccef-a836-49af-b25b-52dffb176cfd,8,8,1,1,1,1,1,1,1
8 GPU,14,3952eecd-15ac-416c-ad90-c6e92a741dbf,12,12,1,1,1,1,1,1,1
8 GPU,14,b287a012-0df2-466d-bf9e-7141348b489e,5,5,1,1,1,1,1,1,1
8 GPU,14,27fb4d0d-ba4f-4a1c-b6ce-e8694b089c75,5,5,1,1,1,1,1,1,1
8 GPU,14,576f3d14-ca56-49fc-96d1-d208b6a84aaf,13,13,1,1,1,1,1,1,1
8 GPU,14,5075050e-9638-4b60-88e5-ed5661be8346,7,7,5,1,1,1,1,1,1
8 GPU,14,227679e7-3064-43c0-888b-b551fe458072,45,45,4,1,1,1,1,1,1
8 GPU,14,25187b8a-f9d7-49ce-aa09-031503a11ae6,90,90,10,1,1,1,1,1,1
8 GPU,14,c5a12db2-e46d-41a7-b7bc-c3d4abc9a728,3,3,2,1,1,1,1,1,1
8 GPU,14,c493922a-cc0c-4e8a-9522-09fc394dd8f5,31,31,10,1,1,1,1,1,1
8 GPU,14,848aaaae-918a-41fd-867e-8c46aa7adae7,60,60,1,1,1,1,1,1,1
8 GPU,14,d768f280-e438-4503-b66c-20b097a6ffc2,1,1,1,1,1,1,1,1,1
8 GPU,14,ad4105e1-ec59-4d6f-89c6-58ff96bf160b,61,61,16,1,1,1,1,1,1
8 GPU,14,0d5f7aa5-29bc-42bd-9c39-de2488351e3e,12,12,1,1,1,1,1,1,1
8 GPU,14,132513e4-bf7e-4845-81f1-e6769e1b5b59,32,32,6,1,1,1,1,1,1
8 GPU,14,bac56a24-1c65-47f2-8e64-bfbce73f1576,38,38,3,1,1,1,1,1,1
8 GPU,14,eb02f484-2ba6-4d5a-828a-99e3d1c4ed4e,17,17,2,1,1,1,1,1,1
8 GPU,14,1484c7dd-19e9-45f9-b787-67ebcb80b300,11,11,2,1,1,1,1,1,1
8 GPU,14,24874f7d-904f-4594-a5de-f16eecb75bb6,53,53,3,1,1,1,1,1,1
8 GPU,14,07e2000b-7416-4a8a-b655-9082e3794317,9,9,2,1,1,1,1,1,1
8 GPU,14,bfb8a57e-5704-4b91-8d99-562a56abf91b,35,35,7,1,1,1,1,1,1
8 GPU,14,7fdab056-7486-4888-8a70-f57243bdfc02,46,46,6,1,1,1,1,1,1
8 GPU,14,d28650c3-b421-4005-9737-5d39a53de2e2,64,64,8,1,1,1,1,1,1
8 GPU,14,ffee38de-6163-4312-882b-521321921fff,13,13,4,1,1,1,1,1,1
8 GPU,14,553e4499-0839-4d98-a4af-f72d462d2ec1,37,37,6,1,1,1,1,1,1
8 GPU,14,ad6fd33f-972d-432f-a0f8-612fde4af7bd,1,1,1,1,1,1,1,1,1
8 GPU,14,7d0cb19a-8413-4994-b89e-06f24601d36a,11,11,2,1,1,1,1,1,1
8 GPU,14,b84ae171-28ca-442e-aeed-d8671dcc285a,45,45,3,11,11,11,1,1,1
8 GPU,14,11e66df1-cb34-44d1-a343-6c70db7dd2f1,14,14,2,1,1,1,1,1,1
8 GPU,14,73cbf99b-ff06-4365-a611-3709da8a51ad,26,26,6,1,1,1,1,1,1
8 GPU,14,a1a9ce08-9145-4d5e-9a7d-4d9524a77ede,40,40,7,1,1,1,1,1,1
8 GPU,14,3a28495f-dc49-4973-80de-99e4ef4653fd,1,1,1,1,1,1,1,1,1
8 GPU,14,b1e621fb-ab05-4338-8c3f-161c03c291a9,44,44,10,1,1,1,1,1,1
8 GPU,14,834c25cb-616a-466a-ac8f-bec289be4888,26,26,3,1,1,1,1,1,1
8 GPU,14,b5f51873-324d-4d4e-adef-6216b88dc771,18,18,3,1,1,1,1,1,1
8 GPU,14,40ef0503-2a82-4d1e-856a-533b34aa4af4,3,3,2,1,1,1,1,1,1
8 GPU,14,7ad73e99-c944-4a74-adc2-89a04357d387,27,27,6,1,1,1,1,1,1
8 GPU,14,018b6bae-7139-486c-b930-e6a8b235cf1d,9,9,3,1,1,1,1,1,1
8 GPU,14,c9a83e85-a9f2-4063-97a8-9756fd8e571e,1,1,1,1,1,1,1,1,1
8 GPU,14,90408ab4-a7b3-449d-ae38-8e8af0baa06c,32,32,1,1,1,1,1,1,1
8 GPU,14,1be8f1ca-8470-48c6-af66-38ccf3ae2e64,4,4,4,1,1,1,1,1,1
8 GPU,14,45adbbae-00c6-40d7-8df9-2cb5ee3c6a29,27,27,1,1,1,1,1,1,1
8 GPU,14,958ee6d3-f67f-4a72-8a6f-d62a5c67db69,14,14,7,1,1,1,1,1,1
8 GPU,14,86e35c31-2f23-4e8b-822a-036f4237ac84,7,7,2,1,1,1,1,1,1
8 GPU,14,8ab10010-6d61-4edd-bf92-c33ea04841f3,21,21,1,1,1,1,1,1,1
8 GPU,14,8045c12e-1b7b-43ba-97ff-4dc365d48023,16,16,1,1,1,1,1,1,1
8 GPU,14,1d2f8335-f16e-464f-b9db-f8ee296c4fe1,13,13,1,1,1,1,1,1,1
8 GPU,14,013171e3-cc0b-4de7-b187-ebe84dbff48f,5,5,1,1,1,1,1,1,1
8 GPU,14,996b52d9-37f0-412a-9628-203e2806fc3b,11,11,2,1,1,1,1,1,1
8 GPU,14,6974eb48-cafe-479e-8f9a-74463d61fdca,23,23,1,1,1,1,1,1,1
8 GPU,14,73b15f8a-86da-4a87-8976-9cc1081ba7ea,22,22,2,1,1,1,1,1,1
8 GPU,14,35c39a6b-d597-4f46-8948-aca05fa4d566,1,1,1,1,1,1,0,0,0
8 GPU,14,93b9f258-db2c-4737-8d6f-820e270ed1b8,25,25,1,1,1,1,1,1,1
8 GPU,14,31fdc722-65b0-412f-aa4d-d59b32b1bbbb,22,22,2,1,1,1,1,1,1
8 GPU,14,0ae28cb9-a1b5-4adf-b91c-03c148f7ba00,22,22,3,1,1,1,1,1,1
8 GPU,14,88b0efa5-2e54-4a84-9db6-045df4b3910f,48,48,21,1,1,1,1,1,1
8 GPU,14,7752e4b8-97e8-4198-9db5-8fa304ab7308,8,8,2,1,1,1,1,1,1
8 GPU,14,2d55c03a-aee5-4444-8e93-ff85ad33f05f,34,34,3,1,1,1,1,1,1
8 GPU,14,16a71f4d-a368-456c-a801-0de9283bc893,27,27,7,1,1,1,1,1,1
8 GPU,14,3f4641f3-fab5-4e96-9420-847f4bc7ccde,5,5,2,1,1,1,1,1,1
8 GPU,14,f61c2471-1f36-4c8b-b68a-42daad6bfb32,40,40,6,1,1,1,1,1,1
8 GPU,14,4476c679-5293-46b6-b7aa-efeb5844f49b,11,11,3,1,1,1,1,1,1
8 GPU,14,f99cbba2-b7cf-4dd7-b764-e4037c978cc3,0,0,0,0,0,0,0,0,0
8 GPU,14,30e177f6-ef19-45ac-8891-be360f5c3910,17,17,2,1,1,1,1,1,1
8 GPU,14,b27a2f94-d89a-4a87-8dfc-46f75416e9fd,1,1,1,1,1,1,0,0,0
8 GPU,14,1d254d5c-55fb-4b3f-a057-3bb665341e8c,24,24,3,1,1,1,1,1,1
8 GPU,14,befe839d-0fc7-4cac-8aa0-3a0cf7a6decc,13,13,1,1,1,1,1,1,1
8 GPU,14,a4b1f970-7452-4b67-9b31-86abb2b5c0aa,13,13,3,1,1,1,1,1,1
8 GPU,14,b98ff231-5b11-4c1a-9b97-e956d2d836a8,68,68,3,1,1,1,1,1,1
8 GPU,14,d50f95f4-9246-48b3-8e23-1bb7e37cf810,6,6,2,1,1,1,1,1,1
8 GPU,14,e3a1c7b9-53fe-4a40-8d56-48ce6ece665c,8,8,2,1,1,1,1,1,1
8 GPU,14,ef9c08b4-eb07-4914-93d0-a161cb61029e,17,17,5,1,1,1,1,1,1
8 GPU,14,34420443-f999-4aa8-9eea-e33bfbf46098,19,19,1,1,1,1,1,1,1
8 GPU,14,35ba67ec-22fb-40a2-82a1-b4eca466843a,4,4,1,1,1,1,1,1,1
8 GPU,14,0ad38383-daf6-4d95-a30c-b5fc8953c0f7,9,9,2,1,1,1,1,1,1
8 GPU,14,04934bac-fcac-48ad-a855-1f21b4f16f71,9,9,1,1,1,1,1,1,1
8 GPU,14,2a523932-e350-4176-92a9-d16d55359486,21,21,2,1,1,1,1,1,1
8 GPU,15,848af903-1b88-4147-90d4-53674415d911,12,12,1,1,1,1,1,1,1
8 GPU,15,b247457e-a949-4be3-af62-66c8ea8c98cc,20,20,2,1,1,1,1,1,1
8 GPU,15,2a347f7f-eeab-48e4-898b-7cdcd01fb0e4,3,3,2,1,1,1,1,1,1
8 GPU,15,eee7490b-8aa5-4826-a3a9-06f7d617ebe7,16,16,1,1,1,1,1,1,1
8 GPU,15,d528d852-7e02-433a-9bde-a5384b7d4690,8,8,1,1,1,1,1,1,1
8 GPU,15,e276931a-7b2f-4fa4-8bea-c9f069c34173,14,14,1,1,1,1,1,1,1
8 GPU,15,0093214e-16b6-4ff1-80b2-6fd6c8d97dc5,13,13,3,1,1,1,1,1,1
8 GPU,15,50c21ad1-ec62-45a3-937c-0ace68e0f188,15,15,1,1,1,1,1,1,1
8 GPU,15,fd84ec81-549a-465d-80ab-444fe34ca6da,5,5,2,1,1,1,1,1,1
8 GPU,15,f2937eff-9ef9-4119-a738-144b403b8b53,5,5,1,1,1,1,1,1,1
8 GPU,15,456e60a2-91e7-4702-983f-ce54001a3491,1,1,1,1,1,1,1,1,1
8 GPU,15,9ab6049d-79f5-4fd5-a863-4a757c26aacb,12,12,3,1,1,1,1,1,1
8 GPU,15,148af437-f947-4158-98c5-0f014d75d945,25,25,1,1,1,1,1,1,1
8 GPU,15,64eab7ce-6684-4f1a-a486-bb00cbe7fdb7,6,6,2,1,1,1,1,1,1
8 GPU,15,bfe63216-08c1-4918-b1d6-a18a5a49870b,7,7,2,1,1,1,1,1,1
8 GPU,15,0040ce9e-6f40-494f-b273-bc13e667cf3a,19,19,2,1,1,1,1,1,1
8 GPU,15,ad68c397-97bf-4a4c-a95d-822d4559ec77,5,5,1,1,1,1,1,1,1
8 GPU,15,85464304-92f8-43cb-8ea4-221272f8b90a,7,7,1,1,1,1,1,1,1
8 GPU,15,d53d4e41-b63a-4c64-9280-ec03dcf134df,9,9,1,1,1,1,1,1,1
8 GPU,15,f5686f8f-1c4d-48d7-b129-b14858082f84,15,15,2,1,1,1,1,1,1
8 GPU,15,a87cd9cb-b58d-48c7-beea-d09013af6127,7,7,2,1,1,1,1,1,1
8 GPU,15,3677e768-6c7d-4bdc-a50d-c15fd4faeac9,10,10,1,1,1,1,1,1,1
8 GPU,15,256a5667-ebc5-4bd3-9e86-f269d18ec976,11,11,2,1,1,1,1,1,1
8 GPU,15,8206317c-a377-48f7-b202-4f739d7e951e,7,7,1,1,1,1,1,1,1
8 GPU,15,6b4220dd-7d8f-4664-b854-a554974c6fd7,8,8,1,1,1,1,1,1,1
8 GPU,15,828982f9-448b-4c86-b582-51168eb5abb8,5,5,2,1,1,1,1,1,1
8 GPU,15,1811bc8e-0e1c-4a44-9ff0-e1651373742a,4,4,1,1,1,1,1,1,1
8 GPU,15,e0c48ed1-2aca-4168-a26f-7f1800536a52,7,7,2,1,1,1,1,1,1
8 GPU,15,f91978f2-4c8d-47a5-a767-47dd3a771ac0,8,8,1,1,1,1,1,1,1
8 GPU,15,a500a8c5-27b4-4726-8b81-cd09346fff65,9,9,1,1,1,1,1,1,1
8 GPU,15,a706cd1f-78e0-45f5-827a-409209cdc074,5,5,2,1,1,1,1,1,1
8 GPU,15,510419a5-eb29-4d05-8645-3bbda344b58a,7,7,1,1,1,1,1,1,1
8 GPU,15,6a0d4d9e-d32b-4ceb-8786-7602ccde3b82,7,7,1,1,1,1,1,1,1
8 GPU,15,998d1a3d-e2cc-4366-a6dd-625ab723ce24,15,15,2,1,1,1,1,1,1
8 GPU,15,6fdc890e-4d68-44f9-882e-2d98de77d994,13,13,3,1,1,1,1,1,1
8 GPU,15,1fcb5c76-3011-4481-b276-4a66d1ba08f5,10,10,2,1,1,1,1,1,1
8 GPU,15,d1cf1725-850d-422e-ace5-51c4d3f6954f,22,22,1,1,1,1,1,1,1
8 GPU,15,b0fbd922-432c-4bd4-b402-90b9315c8116,7,7,2,1,1,1,1,1,1
8 GPU,15,f2537d13-4903-4621-a3a6-2966e80f6c65,31,31,9,1,1,1,1,1,1
8 GPU,15,4caf44ae-f1b5-4ef7-a4de-95077dad95f3,6,6,1,1,1,1,1,1,1
8 GPU,15,e631f787-bf0c-4c3f-8f5e-475df4fc92bc,10,10,1,1,1,1,1,1,1
8 GPU,15,9a978ad5-4b87-4f6b-a07d-584e185c61ee,5,5,1,1,1,1,1,1,1
8 GPU,15,43cab635-64a7-45f8-9340-177151165c3b,5,5,1,1,1,1,1,1,1
8 GPU,15,7c336208-fb81-4efe-a72c-5f14d2269a5c,4,4,1,1,1,1,0,0,0
8 GPU,15,b2b1e63a-dc92-4268-ba6b-e545b0a4fca0,5,5,1,1,1,1,1,1,1
8 GPU,15,23a07357-406b-4be5-800f-63a51fc5dbe5,5,5,1,1,1,1,1,1,1
8 GPU,15,db47ddf1-d10f-4522-a23d-86bd0fa294c2,5,5,1,1,1,1,1,1,1
8 GPU,15,5082fd94-e079-45be-b8c2-51e2a81eb917,10,10,1,1,1,1,1,1,1
8 GPU,15,e8f2a034-d0e2-441a-b19f-7dec0b417d9c,9,9,1,1,1,1,1,1,1
8 GPU,15,84258f4f-995d-4f5a-82f1-3a27b96ea634,7,7,1,1,1,1,1,1,1
8 GPU,15,d533d95f-2763-451b-9d29-c848b961ef7a,6,6,1,1,1,1,1,1,1
8 GPU,15,aceb9b1b-95b5-412c-925f-2c570a66eaf0,8,8,1,1,1,1,1,1,1
8 GPU,15,4a5821d0-4a79-40f3-93d0-f4b49262b5c8,6,6,1,1,1,1,1,1,1
8 GPU,15,ada597d8-6078-4001-9b8d-c346976fd2de,11,11,1,1,1,1,1,1,1
8 GPU,15,cf8f155c-1141-4f20-9ad2-e6c72a969255,8,8,1,1,1,1,1,1,1
8 GPU,15,eacb8d5e-bd4c-4b5f-a14e-75076486f402,4,4,3,1,1,1,1,1,1
8 GPU,15,576c167a-f109-48db-8a85-4fd5b83f4479,56,56,4,1,1,1,1,1,1
8 GPU,15,77783ddf-ce32-44cc-a0f2-7c2f7feebabc,44,44,13,1,1,1,1,1,1
8 GPU,15,7c012d37-6e04-4eb1-a44d-575912de7532,17,17,3,1,1,1,1,1,1
8 GPU,15,847ceacf-cc1a-47bd-a2af-aa1fe4cb8392,19,19,1,1,1,1,1,1,1
8 GPU,15,0aeda115-676a-418e-97ca-3bff63c8fe58,26,26,6,1,1,1,1,1,1
8 GPU,15,0d0b57f3-bfb6-42a8-87d3-57ac2c6eb638,17,17,2,1,1,1,1,1,1
8 GPU,15,ebf6e317-67b2-4a6d-8ba9-dbeb129e6ac3,36,36,3,1,1,1,1,1,1
8 GPU,15,5cab6de2-0691-47f0-80fb-639087836ba2,56,56,12,1,1,1,1,1,1
8 GPU,15,dd7abb34-3d4d-46e7-b905-db52f031dee9,12,12,3,1,1,1,1,1,1
8 GPU,15,1682ad10-d7ba-49f9-b278-8c32e188f77c,10,10,1,1,1,1,1,1,1
8 GPU,15,795042a8-d2db-4aff-8a70-f4272921ba42,14,14,1,1,1,1,1,1,1
8 GPU,15,a64b38da-d84b-490d-8ff1-4699fb006995,8,8,1,1,1,1,1,1,1
8 GPU,15,17f783e8-6923-4651-865d-1f2db1028e13,9,9,1,1,1,1,1,1,1
8 GPU,15,399ad57f-61a9-47f0-85a5-5ea263feb8fb,5,5,1,1,1,1,1,1,1
8 GPU,15,5a457f3a-1105-4c4f-aca3-63941e12b216,1,1,1,1,1,1,0,0,0
8 GPU,15,bb8afe40-ee97-44f1-8b66-9a8c7a5ace4e,10,10,1,1,1,1,1,1,1
8 GPU,15,825fbd3e-2e67-4de5-bb4d-ee5193a5c6e1,11,11,2,1,1,1,1,1,1
8 GPU,15,080882dc-bb6d-42a1-8626-8f9fec355d16,4,4,3,1,1,1,1,1,1
8 GPU,15,49f0c163-176a-4ace-b33d-bcb811e48eb3,15,15,3,1,1,1,1,1,1
8 GPU,15,520e7875-8e2f-4878-aae5-0f66cd2ba913,83,83,20,1,1,1,1,1,1
8 GPU,15,463e8545-06c2-4a7e-87be-bec0c8b5ce3a,17,17,5,1,1,1,1,1,1
8 GPU,15,5c4b8203-ecc4-46ba-b4c4-283c021d7dd7,21,21,8,1,1,1,1,1,1
8 GPU,15,5b1520d7-313f-472b-a01e-9153ebea0c3d,29,29,1,1,1,1,1,1,1
8 GPU,15,5cfe3725-f2b7-48d3-8827-f289ec63c8b0,23,23,11,1,1,1,1,1,1
8 GPU,15,fe44754f-c876-4a16-94b1-41ae4015fe32,4,4,3,1,1,1,1,1,1
8 GPU,15,fefc23a1-7caf-486d-8dc7-94307270f0e1,7,7,2,1,1,1,1,1,1
8 GPU,15,bb224f0c-bead-403a-8286-26b53320f42d,17,17,2,1,1,1,1,1,1
8 GPU,15,dc6d3d28-3d03-4dbc-91e3-48857a7a248b,39,39,3,1,1,1,1,1,1
8 GPU,15,1d6cc9b2-e8b9-419f-a1ee-031077459f1c,17,17,2,1,1,1,1,1,1
8 GPU,15,54f3803c-8307-4e89-94d9-9b8834163490,2,2,2,1,1,1,1,1,1
8 GPU,15,e2f1e033-28b6-4c10-add3-920e61d7502b,4,4,3,1,1,1,1,1,1
8 GPU,15,fcd8e454-3dfe-4266-8cfb-78abb0d18894,4,4,3,1,1,1,1,1,1
8 GPU,15,469ba915-ac29-4712-964c-22dae2bca1c9,11,11,1,1,1,1,1,1,1
8 GPU,15,125af681-49c4-4d32-9f77-09e0e40f005e,15,15,2,1,1,1,1,1,1
8 GPU,15,8b79bae0-c1cf-4396-ae43-6775f78e1154,1,1,1,1,1,1,0,0,0
8 GPU,15,9563bce1-8060-4aad-ba96-2128c0f0c852,1,1,1,1,1,1,1,1,1
8 GPU,15,38e16b62-1260-46d0-8437-231c1ad41ea2,16,16,2,1,1,1,1,1,1
8 GPU,15,f9544256-4e3a-4b3b-ad6a-bbc4e21a2df7,16,16,2,1,1,1,1,1,1
8 GPU,15,62c42a02-0ad7-43f0-9dd0-c7f43f1c6633,8,8,2,1,1,1,1,1,1
8 GPU,15,c019ca2d-775a-47d4-ae1c-315526679bf0,9,9,1,1,1,1,1,1,1
8 GPU,15,8d65b377-65c1-4dc3-9479-3e73213a8c41,9,9,1,1,1,1,1,1,1
8 GPU,15,267bd1ee-8954-4c24-9f6e-c5a218ce9d09,9,9,1,1,1,1,1,1,1
8 GPU,15,eb475ce3-b821-41a4-8c7f-68070fb672a7,8,8,1,1,1,1,1,1,1
8 GPU,15,a001709d-c43c-4b23-b256-b9099dc15536,19,19,1,1,1,1,1,1,1
8 GPU,15,c74e30d9-cb28-4919-874c-b44d78d36fc3,8,8,1,1,1,1,1,1,1
8 GPU,15,9293055f-55ee-449e-89c6-867b18d19995,17,17,3,1,1,1,1,1,1
8 GPU,15,d08fc284-62b7-4220-a08d-0b9a85957777,21,21,1,1,1,1,1,1,1
8 GPU,15,e212e774-c320-4023-b5c8-4051aec86d8f,10,10,2,1,1,1,1,1,1
8 GPU,15,eda8debe-5854-44a8-bd47-50f04384caad,6,6,1,1,1,1,1,1,1
8 GPU,15,248fc6f0-f98a-4199-88c3-79fcfb78efe6,7,7,1,1,1,1,1,1,1
8 GPU,15,ff873331-7606-46e2-b988-cfdb01fabebd,17,17,1,1,1,1,1,1,1
8 GPU,15,ffdd59af-3685-4e2a-a347-362c0a8c0dab,10,10,1,1,1,1,1,1,1
8 GPU,15,72e446de-ffa4-44c6-a1f1-a97f77a47961,2,2,2,1,1,1,1,1,1
8 GPU,15,1a1cf04c-5915-4e3c-ade0-4795e55c956f,6,6,2,1,1,1,1,1,1
8 GPU,15,79e15b75-25b9-4074-aef8-1350b25e0c94,7,7,1,1,1,1,1,1,1
8 GPU,15,f304e7b5-c275-4207-aa78-0055a4821260,1,1,1,1,1,1,0,0,0
8 GPU,15,95c9c793-dc0d-4794-b7e7-9a517baa67c6,7,7,1,1,1,1,1,1,1
8 GPU,15,3558ea68-0238-422a-953e-699c09728a9c,1,1,1,1,1,1,0,0,0
8 GPU,15,36dc0f97-15e7-41bd-90d1-22e745ce556e,7,7,1,1,1,1,1,1,1
8 GPU,15,fa98a577-8341-4ca4-84fc-b5ef3cc01a1e,8,8,1,1,1,1,1,1,1
8 GPU,15,7a84476d-ee38-4ccf-a972-2915a7d32009,38,38,1,1,1,1,1,1,1
8 GPU,15,25f4c5e8-a321-4806-8032-ce555abfe6f3,8,8,1,1,1,1,1,1,1
8 GPU,15,4f074927-435c-4936-bfc0-7a1ba7dbe029,9,9,2,1,1,1,1,1,1
8 GPU,15,1913c362-9e1d-4572-a5ab-9dae3941275f,11,11,1,1,1,1,1,1,1
8 GPU,15,7843fbb2-eff6-40c8-8445-3712446f89e1,5,5,1,1,1,1,1,1,1
8 GPU,15,69279551-ee07-4040-906c-18b9dac26055,12,12,1,1,1,1,1,1,1
8 GPU,15,b18eace0-f357-4c8d-85e5-5896169bb162,6,6,1,1,1,1,1,1,1
8 GPU,15,4a971adf-f0c7-4d9f-bdb5-b6fb4c24f3e1,13,13,5,1,1,1,1,1,1
8 GPU,15,096118a1-6728-4aca-8a99-c748b6824920,9,9,1,1,1,1,1,1,1
8 GPU,15,5d2a4d67-ea28-4760-bd87-793a762f14c6,23,23,4,1,1,1,1,1,1
8 GPU,15,efdb9224-94ed-44c4-90c2-0bd00570b1c7,8,8,1,1,1,1,1,1,1
8 GPU,15,78e70ec7-535c-4d81-8ac9-15fa0908b0bb,8,8,1,1,1,1,1,1,1
8 GPU,16,cc49cc3a-3a8e-43ff-92d5-5385a9d35348,12,12,1,1,1,1,1,1,1
8 GPU,16,9576ecc5-113f-4a5f-b7c7-e5e5a8eb9f7d,12,12,1,1,1,1,1,1,1
8 GPU,16,f9ea744d-f223-40bf-af45-5cc110fa2c31,7,7,1,1,1,1,1,1,1
8 GPU,16,b90b6028-fcf4-40f2-a77a-9fab996ac6c4,7,7,1,1,1,1,0,0,0
8 GPU,16,4d8374eb-bbc9-42dc-a38d-4ec54b18be2d,13,13,1,1,1,1,1,1,1
8 GPU,16,c435527a-4394-49c8-af9e-1e82b3d54545,13,13,1,1,1,1,0,0,0
8 GPU,16,d044485a-d5ab-4833-a0f5-ca1e957771c0,7,7,1,1,1,1,1,1,1
8 GPU,16,d5cb6a26-6735-44e8-b15b-d97c7ae917d8,22,22,3,1,1,1,1,1,1
8 GPU,16,129eb9e8-9a9b-4349-b155-8381f283ea74,30,30,2,1,1,1,1,1,1
8 GPU,16,3a3c92b1-c27e-4884-a03d-362cf1dc71d0,11,11,1,1,1,1,1,1,1
8 GPU,16,e6a4e1d4-f66e-42d6-8ca1-38fb29b3f2d3,14,14,4,1,1,1,1,1,1
8 GPU,16,42a11a66-33d8-47e9-8c9e-590f16e30aba,23,23,2,1,1,1,1,1,1
8 GPU,16,d7db9e25-276f-44e7-b5c3-040423bb2b39,35,35,12,1,1,1,1,1,1
8 GPU,16,85fed3e8-8d1e-4146-8970-a9220e9d709a,34,34,8,1,1,1,1,1,1
8 GPU,16,3fee54ad-9fa6-4971-b0a6-1b279270d014,26,26,11,1,1,1,1,1,1
8 GPU,16,3af7d4dc-66f2-4aa2-a1c6-82e5788d2096,34,34,2,1,1,1,1,1,1
8 GPU,16,de659af0-0158-4193-ab8d-cb9c199c523f,9,9,3,1,1,1,1,1,1
8 GPU,16,d35e8732-54c3-46ac-86ce-3abe821b3976,9,9,1,1,1,1,1,1,1
8 GPU,16,234264f3-214e-4ee4-831c-44b74eb0106a,20,20,1,1,1,1,1,1,1
8 GPU,16,e9a57928-2d63-4d58-86d7-7ab5c1e1aa46,27,27,7,1,1,1,1,1,1
8 GPU,16,bac33cbc-ca35-4b93-84bd-b73aaa91a534,17,17,5,1,1,1,1,1,1
8 GPU,16,a099d46c-5fda-4799-adf5-d25455bb41d8,7,7,2,1,1,1,1,1,1
8 GPU,16,6c2b0695-b771-4719-a800-f3c2fdb621be,13,13,1,1,1,1,1,1,1
8 GPU,16,9e907e9a-ae9b-4f30-aa79-6cc142e2a289,38,38,27,1,1,1,1,1,1
8 GPU,16,a31bd2f7-cb43-4a54-b9f2-d48a32dc9241,14,14,6,1,1,1,1,1,1
8 GPU,16,62e42819-4fb8-4490-a2e5-1efc120993c2,22,22,3,1,1,1,1,1,1
8 GPU,16,74d780ec-cad3-4774-ab75-fd4c8114af9f,13,13,3,1,1,1,1,1,1
8 GPU,16,a20c19a6-3e2e-4556-be51-078461ebb851,14,14,5,1,1,1,1,1,1
8 GPU,16,99581f73-541d-4621-b929-4c0fe71456e6,37,37,7,1,1,1,1,1,1
8 GPU,16,3c92c1b4-6f07-43b6-bc66-4b1117757ea4,16,16,2,1,1,1,1,1,1
8 GPU,16,3ec23d01-ce3e-4640-99e1-8e7315bf6016,18,18,3,1,1,1,1,1,1
8 GPU,16,a5d5534a-4e05-44b6-86db-2fe53ead9e88,27,27,2,1,1,1,1,1,1
8 GPU,16,7b6903ea-4d56-4313-a828-d1b2939dc536,3,3,3,1,1,1,1,1,1
8 GPU,16,71e285e6-88ce-4c2a-a690-3c8437c26c95,17,17,1,1,1,1,1,1,1
8 GPU,16,6ae30add-3c93-45b0-8de2-2c039cf93811,4,4,3,1,1,1,1,1,1
8 GPU,16,3b804316-513e-4376-bef7-7213db1823be,6,6,1,1,1,1,1,1,1
8 GPU,16,1cfe81eb-cd1f-4d38-bab9-8b966ff11c99,8,8,7,1,1,1,1,1,1
8 GPU,16,42a57632-0c3b-44a0-8356-e403402e6a31,4,4,3,1,1,1,1,1,1
8 GPU,16,0a06d539-056d-43df-9f7d-a2761c05acb7,6,6,2,1,1,1,1,1,1
8 GPU,16,9277dd6a-278b-414a-bbb9-b7f2adc7e1f1,5,5,4,1,1,1,1,1,1
8 GPU,16,5530b779-3bfd-4b80-94f0-fcddccee2960,4,4,3,1,1,1,1,1,1
8 GPU,16,56b785e1-4c79-4feb-8a16-e14cc54de47d,4,4,3,1,1,1,1,1,1
8 GPU,16,82e580af-d798-4746-9d5a-a10a8717baf8,83,83,10,1,1,1,1,1,1
8 GPU,16,1f144b3d-006f-4977-8c5b-d4cb73079dd3,10,10,2,1,1,1,1,1,1
8 GPU,16,db8b1a44-0142-456c-90dc-6710e1e661f7,4,4,3,1,1,1,1,1,1
8 GPU,16,f6380734-5b23-44d4-bf0e-7bd0cef5d294,4,4,3,1,1,1,1,1,1
8 GPU,16,787cbada-d1eb-4f42-a186-63596d5de3f4,7,7,4,1,1,1,1,1,1
8 GPU,16,c6c4d02b-f07d-44c5-874f-66dc361e5478,7,7,3,1,1,1,1,1,1
8 GPU,16,9f4af2cf-70b1-4a9d-8f23-f42ae905867e,26,26,8,1,1,1,1,1,1
8 GPU,16,1aebf6f0-2eeb-4b0f-b84f-dc79fa0eb053,4,4,3,1,1,1,1,1,1
8 GPU,16,17cbe9f6-9dcc-482d-9c22-32e62539eb77,4,4,3,1,1,1,1,1,1
8 GPU,16,daa3dad1-4f2f-447c-ab7f-b9f768087ceb,4,4,3,1,1,1,1,1,1
8 GPU,16,bf1b3d80-6ee8-4d41-a10b-3426ea8db196,4,4,3,1,1,1,1,1,1
8 GPU,16,3f572bab-9d7e-46ea-847a-0b7d0416255f,4,4,3,1,1,1,1,1,1
8 GPU,16,1a7c5c63-9e8c-4993-86a4-defbd863416e,5,5,4,1,1,1,1,1,1
8 GPU,16,fc4bfabb-4bc8-46ad-ac70-1b850c50f26b,4,4,3,1,1,1,1,1,1
8 GPU,16,df3cec59-39f1-4c69-8d57-6bc785fc7a44,16,16,2,1,1,1,1,1,1
8 GPU,16,653f7868-7de4-4999-97ba-02467e078a20,8,8,1,1,1,1,1,1,1
8 GPU,16,3501296e-638a-4179-8b2a-922768f4b0df,15,15,1,1,1,1,1,1,1
8 GPU,16,15d16781-ec8c-43be-b984-4dbdbdc7ffd4,16,16,2,1,1,1,1,1,1
8 GPU,16,04988051-3f8c-44e2-bc38-2d21e5d2a788,1,1,0,1,1,1,0,0,0
8 GPU,16,f787aaaf-955a-4464-928c-acd8f585f533,22,22,1,1,1,1,1,1,1
8 GPU,16,1ad9032d-7e99-442c-a36b-9d78cc5f7fe7,27,27,5,1,1,1,1,1,1
8 GPU,16,c3831b52-bd25-4d1a-9bbf-a992fce5b8dc,12,12,2,1,1,1,1,1,1
8 GPU,16,124dc79f-9932-4a48-8e9d-0be7d2b97d52,10,10,2,1,1,1,1,1,1
8 GPU,16,625452f0-6465-4227-ad53-24229ccf349e,9,9,2,1,1,1,1,1,1
8 GPU,16,0608f111-c31b-4c49-8288-49c27ea8fcd1,8,8,7,1,1,1,1,1,1
8 GPU,16,4e4fa09d-ffce-403e-8737-1e58fda34c0e,9,9,2,1,1,1,1,1,1
8 GPU,16,058697f1-7949-414b-8c83-35418d0ca131,11,11,3,1,1,1,1,1,1
8 GPU,16,e0f9344c-5d15-46b0-a33b-91242f1d7a8f,7,7,2,1,1,1,1,1,1
8 GPU,16,4a7b05b7-881a-4b35-b1a8-00691ef983d1,16,16,4,1,1,1,1,1,1
8 GPU,16,64c2f9b8-47e9-496d-bede-50f37663366b,37,37,6,1,1,1,1,1,1
8 GPU,16,9ba03c7e-3815-4c88-be16-1ddf43a2ff7d,7,7,1,1,1,1,0,0,0
8 GPU,16,caac357d-1681-4f1c-94bb-ae15309716fa,5,5,1,1,1,1,0,0,0
8 GPU,16,134c5f59-4f4f-4891-9fcb-cb5f594e3e0c,9,9,2,1,1,1,1,1,1
8 GPU,16,5e228b73-d8d8-4d42-b4c9-c130d0c7b28e,9,9,1,1,1,1,1,1,1
8 GPU,16,9605a726-62ee-4f34-a7cd-a2dc675e2892,8,8,1,1,1,1,1,1,1
8 GPU,16,7d531bbf-d8fe-4395-a666-6728c9f95c28,7,7,1,1,1,1,1,1,1
8 GPU,16,ef077bb3-5d36-4fcf-803a-c2720be9b0e2,6,6,2,1,1,1,1,1,1
8 GPU,16,c209c92f-cbfa-421a-bd42-512b2c3f03d5,5,5,1,1,1,1,0,0,0
8 GPU,16,bb0c566c-c156-40a2-a87a-d1df24abf916,11,11,1,1,1,1,1,1,1
8 GPU,16,644ea562-d30f-4f11-ba7d-d1a450b7f3c0,11,11,2,1,1,1,1,1,1
8 GPU,16,0f41d540-ed51-4bf2-bf4b-040f1491ba60,14,14,2,1,1,1,1,1,1
8 GPU,16,142fcf9f-9606-456b-837b-6c6b27c51b1f,12,12,1,1,1,1,1,1,1
8 GPU,16,ed271b07-7492-4528-bff8-006ace14ae34,16,16,4,1,1,1,1,1,1
8 GPU,16,0ee9f105-ff43-42f0-af36-bdf4725a3536,16,16,1,1,1,1,1,1,1
8 GPU,16,e8a08a84-b201-48ca-b36e-7d3e2268c1e8,7,7,1,1,1,1,1,1,1
8 GPU,16,04223b10-da7c-4bcc-857c-2f5821b2bcdc,23,23,2,1,1,1,1,1,1
8 GPU,16,dbbda1a1-0647-4947-83e3-a4ec118c883f,18,18,1,1,1,1,1,1,1
8 GPU,16,4a25f705-fef3-40e6-9a4f-8c84351fc128,26,26,6,1,1,1,1,1,1
8 GPU,16,a345fd0a-ee91-43c7-9e8f-a5700fffa552,52,52,10,1,1,1,1,1,1
8 GPU,16,2194c35c-a700-4d57-8ba6-21361d969325,2,2,2,1,1,1,1,1,1
8 GPU,16,fa42f671-6285-48b9-9f54-ac698e6388d3,11,11,1,1,1,1,1,1,1
8 GPU,16,78593483-94de-4631-a312-a5cd902fb303,4,4,2,1,1,1,1,1,1
8 GPU,16,64221cc6-fead-48f6-a1cf-0391ed1ace07,9,9,1,1,1,1,1,1,1
8 GPU,16,06456afc-bbb4-41f9-a519-09e88dd4fb18,1,1,0,1,1,1,0,0,0
8 GPU,16,74ed27cd-3a08-46fa-8c9f-951bdf4e69d1,4,4,3,1,1,1,1,1,1
8 GPU,16,ff158ac0-b6da-4a33-a215-d1f6c0ed7261,3,3,1,1,1,1,1,1,1
8 GPU,16,1689e5ab-6604-481d-8ffa-adbfa2d9a420,5,5,2,1,1,1,1,1,1
8 GPU,16,d9bdeb5b-00ea-4550-8b80-db2bcc606ae6,4,4,3,1,1,1,1,1,1
8 GPU,16,cea271e4-2400-4df6-b25a-89f7502fd215,19,19,3,1,1,1,1,1,1
8 GPU,16,3eb9766a-72f4-4a98-9e24-0a2a409cf1b3,4,4,3,1,1,1,1,1,1
8 GPU,16,56f382cb-1428-4d5d-8679-cc87c20e189f,4,4,3,1,1,1,1,1,1
8 GPU,16,022e6bdf-8caa-4614-9997-47e51c7bb3d6,4,4,2,1,1,1,1,1,1
8 GPU,16,cfb04dd2-16e9-4d09-8a15-faccbdc71fd7,1,1,1,1,1,1,1,1,1
8 GPU,16,15c6d57c-5f19-42f0-bc5d-f3f5d4ce86aa,19,19,2,1,1,1,1,1,1
8 GPU,16,2a28de34-fd10-4a3d-bf92-dffc389bcc68,6,6,1,1,1,1,1,1,1
8 GPU,16,3783efd7-2506-419a-9d84-c37dfe9d794e,18,18,3,1,1,1,1,1,1
8 GPU,16,125ca88d-152a-42de-8795-b1cd5576a4e0,11,11,4,1,1,1,1,1,1
8 GPU,16,fab7db54-2e7f-4cf1-9f46-b3ebbf83c990,27,27,2,1,1,1,1,1,1
8 GPU,16,c5092b29-b1e9-40a0-addc-aa26e07f1ad4,9,9,2,1,1,1,1,1,1
8 GPU,16,84b60604-15ee-42d8-992e-b1c9c2fd491e,24,24,7,1,1,1,1,1,1
8 GPU,16,33dce5ea-f146-4120-9e80-b69086e2a2fe,7,7,2,1,1,1,1,1,1
8 GPU,16,2d5b4251-26fb-41fd-8311-3ab0a2b57864,9,9,1,1,1,1,0,0,0
8 GPU,16,f3fe55ac-017d-4ea0-ab39-65422eeef917,10,10,5,1,1,1,1,1,1
8 GPU,16,9c4bba25-0d9f-4dd0-9dcf-d62e04885644,7,7,1,1,1,1,1,1,1
8 GPU,16,95863387-a346-47d2-b900-a57c59080577,5,5,3,1,1,1,1,1,1
8 GPU,16,efa194e0-971e-41d2-83d1-743c0972923a,8,8,2,1,1,1,1,1,1
8 GPU,16,f67862ec-def6-4c0e-b029-2fc5887ca4e5,16,16,5,1,1,1,1,1,1
8 GPU,16,b0c3caca-a6b7-4106-bc76-850bd775ba5b,7,7,2,1,1,1,1,1,1
8 GPU,16,ee05c8d1-3044-4672-8df7-bc9023fa62d7,4,4,4,1,1,1,1,1,1
8 GPU,16,687f84cf-6315-4094-a478-e96325ef1b83,4,4,3,1,1,1,1,1,1
8 GPU,16,faae3868-74f7-412b-97bc-c87ff9bff207,4,4,3,1,1,1,1,1,1
8 GPU,16,086916e0-c21a-4be6-8691-4bee671a70e8,4,4,3,1,1,1,1,1,1
8 GPU,16,a6f6ff44-92a5-4840-8ac6-1f2c23a209da,4,4,3,1,1,1,1,1,1
8 GPU,16,20f651cc-48c3-4e1f-9a1d-c49a410e8433,4,4,3,1,1,1,1,1,1
8 GPU,16,7b09132d-345d-41ce-a0b2-3215c2a78a55,4,4,3,1,1,1,1,1,1
8 GPU,16,b306aaa3-70e3-4817-852f-aa8ae479222a,4,4,3,1,1,1,1,1,1
8 GPU,17,78a8b388-5557-40ac-883f-f27f3766c2ba,4,4,3,1,1,1,1,1,1
8 GPU,17,9495259d-d6b2-4e11-87e7-d0ab9cd6cce6,4,4,3,1,1,1,1,1,1
8 GPU,17,5b5742a3-3b7e-47b3-8e1d-588edf4686c1,3,3,3,1,1,1,1,1,1
8 GPU,17,c406d646-bab8-4438-8632-2b6b5b256b73,4,4,3,1,1,1,1,1,1
8 GPU,17,bcd224f5-ca3f-4a11-abee-15dd1eb508b0,4,4,3,1,1,1,1,1,1
8 GPU,17,59abcfe5-593c-4989-9ce1-d803dccbac54,3,3,3,1,1,1,1,1,1
8 GPU,17,e847d0fd-7130-405e-b3fd-7979ddbd7f38,4,4,3,1,1,1,1,1,1
8 GPU,17,f9b8024c-acef-466a-a7ba-7b99eda9b4eb,4,4,3,1,1,1,1,1,1
8 GPU,17,82f5ed60-f4c1-42f6-bc33-2efc313cfbe1,7,7,1,1,1,1,1,1,1
8 GPU,17,338b04ff-c550-4a32-83ec-0d3b4ef112a3,15,15,5,1,1,1,1,1,1
8 GPU,17,aa6eb02e-2e27-4dbd-962c-112d551b8a8e,31,31,8,1,1,1,1,1,1
8 GPU,17,9511ea85-acbb-4d32-8ce6-f9e7b340ce94,16,16,1,1,1,1,1,1,1
8 GPU,17,4be3c92f-7b60-4c78-90a9-9467f692a2fb,62,62,13,1,1,1,1,1,1
8 GPU,17,627c91a4-74fc-4f8e-8b85-76fe8927c3d6,14,14,2,1,1,1,1,1,1
8 GPU,17,90f23e17-4d32-4780-bb4a-631a13f01a3b,32,32,7,1,1,1,1,1,1
8 GPU,17,431f4128-40c2-47cc-8040-238fd8538d90,14,14,2,1,1,1,1,1,1
8 GPU,17,f6ba65f8-f0be-4067-8aa6-ed45dbdcce23,21,21,4,1,1,1,1,1,1
8 GPU,17,26cd9f45-2f23-4148-95a0-08f3f8d35fdc,6,6,2,1,1,1,1,1,1
8 GPU,17,5a949cd1-762e-4ac6-90d3-df3cd30bd53b,11,11,1,1,1,1,1,1,1
8 GPU,17,e95fb8f1-3b44-410d-8704-bc06ecaae8d8,4,4,3,1,1,1,1,1,1
8 GPU,17,13444374-9630-4340-96c2-4fdc03e83f5e,57,57,11,1,1,1,1,1,1
8 GPU,17,aab3737f-59ec-491b-ab4b-33d04fe75216,11,11,1,1,1,1,1,1,1
8 GPU,17,edf7c5aa-01bc-42ac-a12d-f0332b75b8b8,23,23,4,1,1,1,1,1,1
8 GPU,17,2d77aca5-dc5b-4643-9674-1299a4b085ce,4,4,1,1,1,1,1,1,1
8 GPU,17,79f15751-f32f-4c09-89b9-90b4ff930ad1,16,16,3,1,1,1,1,1,1
8 GPU,17,6e64c9e1-002a-476e-af5f-d88f8d740c2a,63,63,11,1,1,1,1,1,1
8 GPU,17,0a1ec927-9392-4966-9215-5fb4266d2b9e,42,42,1,1,1,1,1,1,1
8 GPU,17,1e567a20-0bdb-4e74-9088-99f5ebe9e05c,56,56,13,1,1,1,1,1,1
8 GPU,17,a55afbf9-943e-45f8-a052-760d786e7c81,42,42,4,1,1,1,1,1,1
8 GPU,17,72bb44cf-c33e-4b2c-a5db-558a6c93d72d,38,38,7,1,1,1,1,1,1
8 GPU,17,90cb794d-71e7-49a2-9b7d-546aaba293d0,6,6,1,1,1,1,1,1,1
8 GPU,17,13d7a64c-ac9b-4d98-b66e-63b3dc7f3dda,28,28,8,1,1,1,1,1,1
8 GPU,17,001049c3-89cc-4fa3-a079-3307fc3c985b,16,16,0,1,1,1,0,0,0
8 GPU,17,cec43a6f-0bc2-46f4-8ab5-c57121f7aeb1,16,16,3,1,1,1,1,1,1
8 GPU,17,680a1bf0-1b98-45b6-a0c6-05d7a61ac224,8,8,0,1,1,1,0,0,0
8 GPU,17,2fd5e08a-566f-408b-96a9-09d3850b3291,22,22,2,1,1,1,1,1,1
8 GPU,17,b020120f-2c94-40f2-aa38-0246a2159ec9,12,12,0,1,1,1,0,0,0
8 GPU,17,722e6450-a97a-43ad-bcd1-5087e05bcd13,18,18,1,1,1,1,1,1,1
8 GPU,17,1730c02c-7d2c-47c9-9f07-0a5f58bbad90,33,33,14,1,1,1,1,1,1
8 GPU,17,1074ca46-10d0-4dd6-8b9e-403c557b33d0,4,4,2,1,1,1,1,1,1
8 GPU,17,0b4ba698-699d-4d34-ad38-c9cd03459f6f,11,11,3,1,1,1,1,1,1
8 GPU,17,fa44ce73-0a39-430f-b4d5-59bef028eebd,25,25,11,1,1,1,1,1,1
8 GPU,17,5f9be060-34a4-4158-9d48-dde1a1b9c03c,30,30,3,1,1,1,1,1,1
8 GPU,17,ccf8c5ee-3c6b-4be6-bdec-efc53cced728,29,29,17,1,1,1,1,1,1
8 GPU,17,e6396952-a78c-4117-a9fe-10738e4c4223,25,25,11,1,1,1,1,1,1
8 GPU,17,80504b6d-c693-4817-82a9-e5c0e2c4c7ae,21,21,9,1,1,1,1,1,1
8 GPU,17,6760c399-735f-446f-827d-c8a7bb69765b,21,21,1,1,1,1,1,1,1
8 GPU,17,7888f0ea-f0ea-420e-b9f2-7424619c03f7,44,44,0,1,1,1,0,0,0
8 GPU,17,fca5dbfb-2f31-40e3-bff0-95b5fd9b069e,7,7,0,1,1,1,0,0,0
8 GPU,17,40e4080d-a892-4daf-aa1d-76d0b90e1717,5,5,1,1,1,1,1,1,1
8 GPU,17,97ff2bdf-537d-4e28-90d8-04c18eff74e7,11,11,2,1,1,1,1,1,1
8 GPU,17,19e89a1a-f1b1-4c46-8055-144e988ba505,14,14,0,1,1,1,0,0,0
8 GPU,17,7c18f62a-99d4-40a9-84e9-70dae14b0b1b,8,8,0,1,1,1,0,0,0
8 GPU,17,4312e8a3-f406-44a3-bd27-f7998f3f21fa,10,10,1,1,1,1,1,1,1
8 GPU,17,63ab5604-c7ba-40fa-833c-9190016e0a3b,6,6,0,1,1,1,0,0,0
8 GPU,17,02e4d8fd-91a0-4a6a-98e2-6ffe604cd77c,11,11,1,1,1,1,1,1,1
8 GPU,17,f35721cf-cf1e-4d8a-bc03-248571dfc13d,7,7,0,1,1,1,0,0,0
8 GPU,17,d52d9660-c6e3-4eaf-831e-b1dfc8481905,7,7,0,1,1,1,0,0,0
8 GPU,17,ccc40215-a15d-4c29-ac48-8307e4921939,7,7,0,1,1,1,0,0,0
8 GPU,17,79fa802a-29a3-4cc5-a1bf-04cd09a1f858,8,8,1,1,1,1,1,1,1
8 GPU,17,4e8b4699-bb03-41ad-8ce9-5ea5e05a21b2,7,7,0,1,1,1,0,0,0
8 GPU,17,0a618988-4a01-4487-a68d-41d36612d45e,9,9,0,1,1,1,0,0,0
8 GPU,17,bb340321-a387-483b-a298-5c195b8c0582,8,8,0,1,1,1,0,0,0
8 GPU,17,2614b22c-70ea-4975-bbcb-c6667de31b7c,5,5,1,1,1,1,1,1,1
8 GPU,17,40826c93-634d-4240-867b-670dc4294020,6,6,2,1,1,1,1,1,1
8 GPU,17,8a83f72e-77d8-462a-87b3-840b6034c975,16,16,2,1,1,1,1,1,1
8 GPU,17,9fc8135f-35c7-4dbd-bf23-09ece1551458,8,8,0,1,1,1,0,0,0
8 GPU,17,3ca80149-60ad-418b-8568-4f48af1658a5,23,23,0,1,1,1,0,0,0
8 GPU,17,98d33d95-2845-4a6d-a09b-d907a0e8a7e1,11,11,0,1,1,1,0,0,0
8 GPU,17,040a3a15-f87d-4c69-99d2-25e4cd009c8b,5,5,0,1,1,1,0,0,0
8 GPU,17,dfcb1006-1c10-464c-a928-a1acc96dd116,6,6,0,1,1,1,0,0,0
8 GPU,17,dfe8b5dd-53f1-4e60-8d14-6c40aa701409,9,9,0,1,1,1,0,0,0
8 GPU,17,da5147b4-cb94-4503-963b-ed2e8f872066,4,4,2,1,1,1,1,1,1
8 GPU,17,ecaf7ae8-bf2b-427f-a8f7-b3fe27b10415,3,3,3,1,1,1,1,1,1
8 GPU,17,e7660413-c65e-4560-bcc7-2abd46bff7f7,5,5,2,1,1,1,1,1,1
8 GPU,17,8cc50937-f501-4f9a-8ff5-dc9e289b466f,30,30,1,2,2,2,1,1,1
8 GPU,17,eec40a3a-3d01-4d25-9f70-7e5620053452,4,4,1,1,1,1,1,1,1
8 GPU,17,89bce547-4b0a-4fd6-b086-d3bf829c6e8a,31,31,1,1,1,1,1,1,1
8 GPU,17,2766a6e5-f1d0-4ccf-ad74-458d310fcb9b,4,4,1,1,1,1,1,1,1
8 GPU,17,0a44a1c9-63ef-45f8-b91f-c88922093fbb,5,5,2,1,1,1,1,1,1
8 GPU,17,877ad5d6-7a01-4456-bae5-2f0984781da3,8,8,0,1,1,1,0,0,0
8 GPU,17,61a6f68a-00b9-4948-ac0c-02a57b61d629,15,15,0,1,1,1,0,0,0
8 GPU,17,a5c15fd0-471a-441d-ab8e-939fc0eb6b15,14,14,2,1,1,1,1,1,1
8 GPU,17,312f5d08-8320-433b-af2c-4bf1031d5eb8,7,7,1,1,1,1,1,1,1
8 GPU,17,28636f11-806e-471b-940d-406b3c6d8392,8,8,2,1,1,1,1,1,1
8 GPU,17,844b721b-cf47-4504-9a24-be984093675c,13,13,1,1,1,1,1,1,1
8 GPU,17,47ff2618-456d-4ec0-be50-b637c01852af,8,8,2,1,1,1,1,1,1
8 GPU,17,80c59bd4-5246-44da-ad9b-7f1d6accd00a,10,10,0,1,1,1,0,0,0
8 GPU,17,abfd880a-48d8-4d2f-89a9-53a43307d8f6,19,19,0,1,1,1,0,0,0
8 GPU,17,917929bf-bcf8-46d6-919e-a6b1c8153c58,38,38,3,1,1,1,1,1,1
8 GPU,17,38ac5f0c-35ae-4fc8-83e7-0172ffafc787,1,1,0,1,1,1,0,0,0
8 GPU,17,002562c9-0f10-45d7-adf7-0c13512335e1,16,16,0,1,1,1,0,0,0
8 GPU,17,fa651dc7-d042-418f-9019-f9d4e6a0430f,39,39,16,1,1,1,1,1,1
8 GPU,17,dad3d0fd-788b-4eae-8c6d-6515253a3532,8,8,0,1,1,1,0,0,0
8 GPU,17,ad4eaaca-67cd-4271-8e08-8cc34ca4f15b,4,4,2,1,1,1,1,1,1
8 GPU,17,10d71c27-9b78-451e-8a99-02cf346972ce,29,29,0,1,1,1,0,0,0
8 GPU,17,f71be212-8fc1-4deb-99e4-f9aa87cb8373,11,11,0,1,1,1,0,0,0
8 GPU,17,202795e1-a81c-462f-89c1-56dcdb901efc,14,14,0,1,1,1,0,0,0
8 GPU,17,f6b112a6-f466-4eee-b2a4-7312f617ef0f,19,19,5,1,1,1,1,1,1
8 GPU,17,b74e6a91-005c-4d05-a04c-ef01d17b2034,30,30,0,1,1,1,0,0,0
8 GPU,17,0f0bdce0-02ec-402d-ab99-bf0dbcbb9098,16,16,0,1,1,1,0,0,0
8 GPU,17,00580b32-39f1-46bf-9c40-0280e0237132,11,11,0,1,1,1,0,0,0
8 GPU,17,8e880f83-173d-4747-949c-fbb6d362b454,28,28,0,1,1,1,0,0,0
8 GPU,17,e8b8f41a-9469-4bc4-ac56-aced61f93cb3,25,25,3,1,1,1,1,1,1
8 GPU,17,b95a337f-6a96-4728-8036-6af6fa2b93a0,1,1,0,1,1,1,0,0,0
8 GPU,17,c068f8f1-c4df-4dee-a627-94801599f7f5,37,37,2,1,1,1,1,1,1
8 GPU,17,19b15bea-0379-4347-9f90-d3c79ee9c63c,26,26,3,1,1,1,1,1,1
8 GPU,17,3793e473-8ab1-476d-afd9-602fed374f7b,8,8,1,1,1,1,1,1,1
8 GPU,17,90d7d611-e8f8-44f7-a11f-7437a839988d,1,1,0,1,1,1,0,0,0
8 GPU,17,c3f210cc-4fc8-4e25-8c18-b8253cd378cc,5,5,3,1,1,1,1,1,1
8 GPU,17,b04e8dbf-aa2e-4ec9-9bc7-749472252537,1,1,0,1,1,1,0,0,0
8 GPU,17,98f93ce2-4230-45fa-ae5c-f4c92b508748,9,9,3,1,1,1,1,1,1
8 GPU,17,862e2f10-0493-46e9-a4f4-51d0c465e189,13,13,1,1,1,1,1,1,1
8 GPU,17,0d3876cb-1c1a-4a0c-9066-406e54eaf810,7,7,2,1,1,1,1,1,1
8 GPU,17,cf243643-8081-4120-a0b1-71b154404cb2,10,10,2,1,1,1,1,1,1
8 GPU,17,7506fbdf-e112-4b42-9450-2b9be65a7581,6,6,3,1,1,1,1,1,1
8 GPU,17,cf79bfb7-4ac5-49c2-b113-77c0c1913df2,8,8,0,1,1,1,0,0,0
8 GPU,17,f81d284d-3e30-4727-8151-dcfa86abc62e,15,15,6,1,1,1,1,1,1
8 GPU,17,e24f1dce-e7f3-4084-926e-718fd683f4c5,16,16,7,1,1,1,1,1,1
8 GPU,17,fafbff4e-2ac7-445d-96fd-08d024f48965,14,14,2,1,1,1,1,1,1
8 GPU,17,fc55e8ce-8b68-4119-a792-9232d18f70f3,10,10,0,1,1,1,0,0,0
8 GPU,17,259d0a0d-f14c-457b-855e-6040100af71e,15,15,0,1,1,1,0,0,0
8 GPU,17,beed917c-44d5-41d9-93cc-9ff237664e9d,7,7,0,1,1,1,0,0,0
8 GPU,17,f835c49d-451a-4122-aed5-c9c0522064fd,26,26,0,1,1,1,0,0,0
8 GPU,17,a4569972-92d5-41fe-ba8b-684c2540ac5f,20,20,5,1,1,1,1,1,1
8 GPU,17,0ef1d2f6-65da-4928-bb5a-d1c4ac19fba7,20,19,3,1,1,1,1,1,1
8 GPU,17,c2663bc8-f665-4fab-bcac-2df18762b892,14,14,0,1,1,1,0,0,0
8 GPU,17,5a334aea-47ce-40ef-899c-a99cdc5d618f,15,15,2,1,1,1,1,1,1
8 GPU,18,b20d5fd7-04cd-44c0-80a5-e1698d6f50b8,4,4,3,1,1,1,1,1,1
8 GPU,18,c97a7d93-6e83-41eb-b020-23258bf45ac0,4,4,3,1,1,1,1,1,1
8 GPU,18,2bd77169-09fe-4259-9b10-9bdce90ff6af,14,14,1,1,1,1,1,1,1
8 GPU,18,30d967c8-56cc-4a0f-90c0-d7103dd7a473,26,26,7,1,1,1,1,1,1
8 GPU,18,60f55644-068b-4eb8-bacf-9beaa74551c1,31,31,2,1,1,1,1,1,1
8 GPU,18,946ba473-1497-4200-a2fe-d3397178f8f9,21,21,3,1,1,1,1,1,1
8 GPU,18,74c71dd6-0904-4581-8a18-8d652e813912,19,19,3,1,1,1,1,1,1
8 GPU,18,b66601b2-c32f-492e-8d35-1709000f34af,4,4,4,1,1,1,1,1,1
8 GPU,18,27fb9ffd-9f5b-4d10-9644-333e5ff3a67e,7,7,0,1,1,1,0,0,0
8 GPU,18,80e20ac2-15ea-495c-8d94-8126ba0eea9f,8,8,0,1,1,1,0,0,0
8 GPU,18,bcaee8bf-1236-486f-8b7d-a5d658d6bc8f,10,10,0,1,1,1,0,0,0
8 GPU,18,cd2644fb-499e-4839-bb7d-7e724749ce08,5,5,0,1,1,1,0,0,0
8 GPU,18,9354cadd-84f0-4eba-85d7-83f3e7f97dcd,13,13,0,1,1,1,0,0,0
8 GPU,18,00debee2-8caf-4f15-a907-c45bb9e340ad,6,6,0,1,1,1,0,0,0
8 GPU,18,7a7f5b21-fd39-49ee-96e4-22dd5788711a,6,6,0,1,1,1,0,0,0
8 GPU,18,6ed4b1fe-6365-4052-8c6c-34db002b7092,5,5,0,1,1,1,0,0,0
8 GPU,18,0dc978b4-d765-4b82-9863-0df02f96d8cb,15,15,2,1,1,1,1,1,1
8 GPU,18,ec6ab26e-43f0-4e76-a0ba-b26cebb8432e,1,1,0,1,1,1,0,0,0
8 GPU,18,dd17d5df-9063-4889-8b59-e871ff420eaf,14,14,3,1,1,1,1,1,1
8 GPU,18,5d642758-a7d1-4ba5-8ba5-aec5457d724e,16,16,1,1,1,1,1,1,1
8 GPU,18,05b43a30-af9f-4f52-9419-e599b2e428e2,15,15,1,1,1,1,1,1,1
8 GPU,18,cc136223-d612-4348-9989-0279a33bebef,18,18,0,1,1,1,0,0,0
8 GPU,18,12fd8876-cffe-44f3-8527-b0409f39d04d,1,1,0,1,1,1,0,0,0
8 GPU,18,8dd1b17b-1ad5-4ac3-b5de-db67b598599d,38,38,4,1,1,1,1,1,1
8 GPU,18,1cc0e870-5ea4-46cb-8d07-67568b4f93b9,3,3,2,1,1,1,1,1,1
8 GPU,18,67eb9b4c-8661-480a-83d2-13099f3374d1,5,5,5,1,1,1,1,1,1
8 GPU,18,2841d9bf-f4ed-4b68-a143-99daec772c5a,4,4,3,1,1,1,1,1,1
8 GPU,18,1e7fc933-fd9f-471c-8a8c-6316a4f2ae35,4,4,3,1,1,1,1,1,1
8 GPU,18,3c5b9f2a-6afa-46c8-9841-71aa9a1c119e,5,5,4,1,1,1,1,1,1
8 GPU,18,575a8327-8fd6-4d81-a9e0-b3e16562f02c,38,38,11,1,1,1,1,1,1
8 GPU,18,08da13f2-ae20-47ca-99a5-b2ca52cf842f,4,4,3,1,1,1,1,1,1
8 GPU,18,c9ecd617-2cca-4ecf-aeb3-ca785e0cd15d,3,3,2,1,1,1,1,1,1
8 GPU,18,9f026959-7dd2-4dd2-83be-4e6e3a435e11,4,4,3,1,1,1,1,1,1
8 GPU,18,ddf0758f-3923-4159-9389-e7fd7c7f3a1a,4,4,3,1,1,1,1,1,1
8 GPU,18,99929dd0-e6ef-493c-b11e-2d09b660c4b0,4,4,3,1,1,1,1,1,1
8 GPU,18,2c49d3ca-2f8c-42bb-bb06-80889ee85d0c,3,3,2,1,1,1,1,1,1
8 GPU,18,68a42342-25ec-4869-8982-8c8085655921,4,4,3,1,1,1,1,1,1
8 GPU,18,41458d31-f259-411d-ba84-9b80448be7e2,22,22,5,1,1,1,1,1,1
8 GPU,18,a5363b88-aec5-4c02-b8b7-e92931d7031d,13,13,1,1,1,1,1,1,1
8 GPU,18,4d406054-76ca-4e04-b6b0-e575e778e937,14,14,3,1,1,1,1,1,1
8 GPU,18,63a57cbd-7799-444a-9d8d-7fe095423ede,0,0,0,0,0,0,0,0,0
8 GPU,18,49d32c52-b2d0-463b-bac2-742158039f56,4,4,2,1,1,1,1,1,1
8 GPU,18,52fa0b8d-6cb5-4dfb-9927-eece6ab6ca41,5,5,1,1,1,1,1,1,1
8 GPU,18,8db9f11c-33c3-4dc6-bd49-2261010c662c,3,3,1,1,1,1,1,1,1
8 GPU,18,37cb236e-8323-4111-a42f-d83a057c176c,0,0,0,0,0,0,0,0,0
8 GPU,18,db06f5b4-95fd-4003-bcad-1cd80b3d050e,1,1,0,1,1,1,0,0,0
8 GPU,18,10b56d71-9fa4-41bf-a82b-a92381be4979,6,6,1,1,1,1,1,1,1
8 GPU,18,c61f6d5e-6beb-4787-9a47-65905e1fe44a,12,12,2,1,1,1,1,1,1
8 GPU,18,c64a2ef5-38d1-465d-80a1-a894916456d5,28,28,3,1,1,1,1,1,1
8 GPU,18,65d077bd-a500-4e15-9db6-05de194bdecd,13,13,3,1,1,1,1,1,1
8 GPU,18,bf139aea-02ec-4ca6-9ddc-946b361ba06d,26,26,6,1,1,1,1,1,1
8 GPU,18,78a2fa2f-da43-488a-83c7-cb01a5936253,21,21,5,1,1,1,1,1,1
8 GPU,18,d24053c0-a5b8-465a-a4be-a8f2eec79471,4,4,1,1,1,1,1,1,1
8 GPU,18,4be0845d-f217-4fe5-97ec-3dfdb1b3c9f5,17,17,4,1,1,1,1,1,1
8 GPU,18,e755efc4-7713-4d1b-afb4-8f52a85da3b4,1,1,0,1,1,1,0,0,0
8 GPU,18,4b5f4459-1ec5-4b07-90d8-55aa4ca215dd,8,8,1,1,1,1,1,1,1
8 GPU,18,a1977b04-77a9-46cb-be20-43a9e500905d,27,26,3,1,1,1,1,1,1
8 GPU,18,94f3676d-ade3-4def-bde3-58e8cefd009a,33,33,3,1,1,1,1,1,1
8 GPU,18,0c32470e-77e4-48c6-b51d-2b2d902bdc5e,19,19,2,1,1,1,1,1,1
8 GPU,18,ec6f0a16-8f89-49a2-8e10-61f447623e3e,14,14,0,1,1,1,0,0,0
8 GPU,18,1b54b95c-59ae-4c10-9747-5b6128e64310,1,1,0,1,1,1,0,0,0
8 GPU,18,76044d8c-3317-4e1c-80c4-b8ae28aa280c,22,22,0,1,1,1,0,0,0
8 GPU,18,78b9dac2-ea7b-4637-903b-2fcf6912cdf4,14,14,0,1,1,1,0,0,0
8 GPU,18,82434b5e-30c5-45a9-89e2-b869afc9e475,11,11,1,1,1,1,1,1,1
8 GPU,18,2af662c0-8b1b-4818-933c-de8bce155355,25,25,4,1,1,1,1,1,1
8 GPU,18,fad0e0c0-29c5-4ba8-a74f-fade9c8368ac,13,13,1,1,1,1,0,0,0
8 GPU,18,81ae2f13-1760-4dc7-bc16-80fdcce8c6b0,26,26,2,1,1,1,1,1,1
8 GPU,18,055c130a-c417-4194-b4dc-53474276ffc8,11,11,2,1,1,1,1,1,1
8 GPU,18,196aeb1c-7d0d-431d-864c-183828f5ba3c,15,15,3,1,1,1,1,1,1
8 GPU,18,725bff10-cc22-457f-92f2-658a35eaba2e,30,30,2,1,1,1,1,1,1
8 GPU,18,93508c9c-9299-472e-ad81-7f9c09bd0a0c,21,21,5,1,1,1,1,1,1
8 GPU,18,bc8628bf-a722-4ec8-be1d-ca143c9ce787,14,14,1,1,1,1,1,1,1
8 GPU,18,af277e6c-8ab2-465a-94a2-59756ab63ff3,35,34,2,1,1,1,1,1,1
8 GPU,18,76b9acaa-dfa2-41b5-8dea-bc6c7c925ced,18,18,2,1,1,1,1,1,1
8 GPU,18,bffe7eaa-2f85-4789-9cab-d7960676a171,26,26,1,1,1,1,1,1,1
8 GPU,18,d891e7ad-35c4-45d3-b37e-c8797ee4a0cc,24,24,2,1,1,1,1,1,1
8 GPU,18,13988f13-76ba-47c6-93e6-3364030d6d4d,37,37,7,1,1,1,1,1,1
8 GPU,18,66103e99-16bb-4443-947e-89875e295400,37,37,7,1,1,1,1,1,1
8 GPU,18,4adac08f-57d5-4378-be21-20be4229c05d,16,16,1,1,1,1,1,1,1
8 GPU,18,1c58703f-8b8d-4088-b117-a33c5eaaf6d8,16,16,5,1,1,1,1,1,1
8 GPU,18,4c94141d-f797-4740-8deb-ccdf9d4896d7,11,11,1,1,1,1,1,1,1
8 GPU,18,79bb02d9-3364-4c68-9ee3-5a5babcf60e5,16,16,1,1,1,1,1,1,1
8 GPU,18,f7f9b017-2ae3-4bbd-8cf1-6e32a101f9c3,11,11,0,1,1,1,0,0,0
8 GPU,18,595454fe-2ae3-4f38-9a09-d631cffdffa2,22,22,0,1,1,1,0,0,0
8 GPU,18,a3848fbb-54f0-409a-ac28-a42a684ed230,10,10,1,1,1,1,1,1,1
8 GPU,18,bf7c79b4-6485-4cd9-b358-e9008a40f03e,21,21,0,1,1,1,0,0,0
8 GPU,18,841e6652-a191-4f14-b4c7-18956f7a7fba,2,2,0,1,1,1,0,0,0
8 GPU,18,c3ab9089-622d-4436-b07e-1456ab1b130b,10,10,0,1,1,1,0,0,0
8 GPU,18,0fdbb9e5-e8c4-4f5a-b73a-c4d95df5e6e6,13,13,1,1,1,1,1,1,1
8 GPU,18,4a651a30-fa7e-4f8a-8ce1-c9ed7902acd2,10,10,2,1,1,1,1,1,1
8 GPU,18,71da29c0-7bda-40a4-bf6e-399f4e63d821,22,22,7,1,1,1,1,1,1
8 GPU,18,43685fb4-07fc-452a-8b77-b0ca2fce55e7,19,19,4,1,1,1,1,1,1
8 GPU,18,c83b3102-dd35-483d-ba3e-8640eaff0233,7,7,2,1,1,1,1,1,1
8 GPU,18,91ee532d-76ce-4b2f-bb3f-681704e33a87,16,16,0,1,1,1,0,0,0
8 GPU,18,c65d7582-ae3b-4ce1-8239-0cba66347b51,9,9,2,1,1,1,1,1,1
8 GPU,18,db582806-e123-4286-bbed-165b1aa49ec1,7,7,2,1,1,1,1,1,1
8 GPU,18,7b050c83-4e84-4eae-a185-00d2b2348bbb,7,7,0,1,1,1,0,0,0
8 GPU,18,f1741577-d214-4397-b49a-03db6c96298b,7,7,0,1,1,1,0,0,0
8 GPU,18,52ec9a55-2984-407b-9ee4-a0aa32125e26,5,5,0,1,1,1,0,0,0
8 GPU,18,73b3112b-410d-4a8a-9b1b-e4ae1962a9c8,20,20,1,1,1,1,1,1,1
8 GPU,18,827945d9-346f-4592-ae19-9eaccfeb19a5,5,5,0,1,1,1,0,0,0
8 GPU,18,cc95eb98-3fb5-4fad-8b06-647e417254f9,7,7,0,1,1,1,0,0,0
8 GPU,18,69ae57c6-761a-4e65-a769-a4ab0e6bf8ed,9,9,1,1,1,1,0,0,0
8 GPU,18,2dd7a907-c5e2-49da-8db6-e19f9a606724,7,7,0,1,1,1,0,0,0
8 GPU,18,4fc14208-c838-445e-895f-999b55698fde,25,25,1,1,1,1,1,1,1
8 GPU,18,8d95d9ca-3959-488c-abc1-c888a0ed30cc,13,13,0,1,1,1,0,0,0
8 GPU,18,9123b6f5-1dfe-48c6-b2e2-33602d4b4223,10,10,0,1,1,1,0,0,0
8 GPU,18,56c50df7-4a4a-4ddc-bc50-45d9eaf62205,12,12,0,1,1,1,0,0,0
8 GPU,18,41b9b0f5-ade8-4388-9298-8f86dcdf6c8a,6,6,0,1,1,1,0,0,0
8 GPU,18,32738a03-18f6-4d6e-8b58-0da8fe7eb3b7,17,17,4,1,1,1,1,1,1
8 GPU,18,49305fa6-0ab7-4ff8-aed5-26527d32d179,42,42,21,1,1,1,1,1,1
8 GPU,18,df5e116a-d7eb-4af0-999f-a5f838a909f2,48,48,12,1,1,1,1,1,1
8 GPU,18,4da444dc-1fbb-47fe-9a6b-40c6806443ba,24,24,1,1,1,1,1,1,1
8 GPU,18,86dd698c-c36f-4671-ab60-482f37d9d42a,4,4,2,1,1,1,1,1,1
8 GPU,18,8025cf4c-60db-4039-bea4-c930185f7b75,13,13,2,1,1,1,1,1,1
8 GPU,18,950f74a5-84af-449f-91a1-9ee20c18431b,7,7,0,1,1,1,0,0,0
8 GPU,18,6733c64c-05db-4ded-ade4-f04400b66f1e,8,8,0,1,1,1,0,0,0
8 GPU,18,565d8faf-eb2d-486b-a4df-86ca0254e3f1,13,13,0,1,1,1,0,0,0
8 GPU,18,7ed6d493-2a66-412b-ac9d-492b995d9949,16,16,0,1,1,1,0,0,0
8 GPU,18,2fa379f9-8b69-4867-a0e7-0a763baa6ec1,7,7,0,1,1,1,0,0,0
8 GPU,18,e86b4b5b-6c5e-4666-b295-a2aef4a26584,1,1,0,1,1,1,0,0,0
8 GPU,18,b1835b4a-7a6d-4112-bfba-674ee816fc5d,13,13,2,1,1,1,1,1,1
8 GPU,18,898525b1-7088-44b2-aed4-68afeb2cafc4,8,8,1,1,1,1,1,1,1
8 GPU,18,e8c328b0-53f6-42fd-9f3a-8c7bb0a0d4b8,8,8,0,1,1,1,0,0,0
8 GPU,18,45f5824a-99da-46a7-b69f-2a7530f5184c,6,6,1,1,1,1,1,1,1
8 GPU,18,6e03ed2a-6f62-4e8e-b0d0-b66306d6e48f,9,9,0,1,1,1,0,0,0
8 GPU,18,28ac1eb5-22ca-41a0-892c-a3a048b4f7a1,14,14,0,1,1,1,0,0,0
8 GPU,18,9407f0ad-a9e7-4052-9bf8-6625c2e9397d,13,13,1,1,1,1,1,1,1
8 GPU,19,f4ab291a-69a0-440d-adf9-72b15c504474,2,2,1,1,1,1,1,1,1
8 GPU,19,34369f50-f02a-4d28-b3ba-8484dd7ff8bf,9,9,5,1,1,1,1,1,1
8 GPU,19,4ffc9a94-98d5-4b1f-af61-1db408cda633,2,2,1,1,1,1,1,1,1
8 GPU,19,bd5c274c-2e25-4f06-8234-8df9e9136645,9,9,1,1,1,1,1,1,1
8 GPU,19,599851ed-fff0-4c9e-8790-f5630834d0fe,30,30,11,1,1,1,1,1,1
8 GPU,19,287be100-a648-44e9-bff3-4aa4506f99de,1,1,0,1,1,1,0,0,0
8 GPU,19,aee2feef-55bb-49ef-957a-9670b52d2e11,79,79,21,1,1,1,1,1,1
8 GPU,19,31b828f7-050d-4ddf-ab71-dc2fef237db7,19,19,5,1,1,1,1,1,1
8 GPU,19,70fa2788-b5ac-4fe1-9410-55542e0694a5,1,1,0,1,1,1,0,0,0
8 GPU,19,d9241f6c-a65e-42db-a1bd-912a282c3b3b,4,4,3,1,1,1,1,1,1
8 GPU,19,83c1ffae-adc3-4b78-9263-e4bdc747eae3,27,27,0,1,1,1,0,0,0
8 GPU,19,41d3e378-a2d4-4309-874e-b9266683de41,3,3,1,1,1,1,1,1,1
8 GPU,19,49c62889-d2f8-4f79-bccb-08496aaeb1d4,57,57,0,1,1,1,0,0,0
8 GPU,19,a5d48a94-2da3-425d-b903-4e5b04c608c7,37,37,3,1,1,1,1,1,1
8 GPU,19,31a99a4e-74eb-4450-9cee-24083d9ddcc9,29,29,3,1,1,1,1,1,1
8 GPU,19,c9d289db-ce81-41da-9a49-75cf9f950226,18,18,3,1,1,1,1,1,1
8 GPU,19,d2c52659-d687-4f39-a2f9-091f5fcf65cd,36,36,2,1,1,1,1,1,1
8 GPU,19,6fd763fb-61c7-4e10-9b6b-2f8f534d4eeb,10,10,0,1,1,1,0,0,0
8 GPU,19,e71c0b10-589c-45dd-aa32-1cb0241d6ae3,9,9,1,1,1,1,1,1,1
8 GPU,19,adacc169-2269-4124-94db-5d362dfc3e7b,7,7,1,1,1,1,1,1,1
8 GPU,19,446ba224-8b87-4536-b49c-559da4d46e27,4,4,1,1,1,1,1,1,1
8 GPU,19,a087bf05-e8a6-4c5a-a27e-ba1240b78673,13,13,1,2,2,2,1,1,1
8 GPU,19,21135409-e499-4893-98d0-7c1820f00b84,16,16,2,1,1,1,1,1,1
8 GPU,19,b75535c7-c7a0-4d91-a52e-837764e45624,1,1,0,1,1,1,0,0,0
8 GPU,19,0aec0da9-0fe9-4230-a941-8441fae4fb81,32,32,16,1,1,1,1,1,1
8 GPU,19,1485eae0-1774-46ad-9210-cf28f6da93e8,42,42,14,1,1,1,1,1,1
8 GPU,19,22d472af-440a-4194-a33b-e5f6c68feb64,11,11,2,1,1,1,1,1,1
8 GPU,19,12b7da52-a4a3-4027-ad5d-c14b910c8034,7,7,1,1,1,1,1,1,1
8 GPU,19,de17a60f-7ed7-45b9-82d1-6c92e9a7c659,10,10,1,1,1,1,1,1,1
8 GPU,19,06c5f318-e8ca-4a02-aadb-f41c4ecdf924,22,21,6,1,1,1,1,1,1
8 GPU,19,b1e9ecf1-e0b7-4ce5-b13d-ec5bdfbbfed9,16,15,6,1,1,1,1,1,1
8 GPU,19,7480ab65-691e-498b-828f-7f91173db649,12,12,1,1,1,1,1,1,1
8 GPU,19,fedfc868-32db-401b-95d5-3246c8bac079,8,8,0,1,1,1,0,0,0
8 GPU,19,1a6aa33d-e52d-450a-aa1c-e57fc9900390,9,9,1,1,1,1,1,1,1
8 GPU,19,411f02a4-5f2d-46ce-8ace-cd9a1a98881e,12,12,0,1,1,1,0,0,0
8 GPU,19,f61a5d3c-8f53-44a0-801d-66e7f8a48923,8,8,0,1,1,1,0,0,0
8 GPU,19,b913f025-8ed0-49dd-87bb-ef233bb30279,5,5,0,1,1,1,0,0,0
8 GPU,19,67cfe648-bcef-4a37-9322-effefbdfac59,18,18,1,1,1,1,1,1,1
8 GPU,19,9711cdf1-6967-428c-9599-ca85d6af248f,34,34,5,1,1,1,1,1,1
8 GPU,19,d6abea53-b57c-45c5-b2d1-ae2567791a01,4,4,0,1,1,1,0,0,0
8 GPU,19,4a28f7f3-972d-4bd8-9f0f-84ae3d107a8f,45,45,9,1,1,1,1,1,1
8 GPU,19,b18efbe5-5c9e-452b-9049-0acb43ae24a0,37,37,7,1,1,1,1,1,1
8 GPU,19,60c1d02d-1c91-4c1c-b1e7-7bef8e26beee,10,10,2,1,1,1,1,1,1
8 GPU,19,34024e80-8efc-444c-8323-19e798f2d250,54,54,6,1,1,1,1,1,1
8 GPU,19,dc26b838-46cf-48b4-83f9-6f222c7cb1df,44,44,17,1,1,1,1,1,1
8 GPU,19,b2792d17-b6da-4e78-840c-eaa0a1b96a44,15,15,2,1,1,1,1,1,1
8 GPU,19,f2befc00-025d-4d25-9433-99ff16baca54,77,77,14,1,1,1,1,1,1
8 GPU,19,788ebf30-5d71-43ff-abd2-492dcf34a6d6,36,36,14,1,1,1,1,1,1
8 GPU,19,c17dcf65-09e0-419b-bb3d-7382dbbd9a4e,6,6,4,1,1,1,1,1,1
8 GPU,19,d3be92b4-c92a-4d29-be2d-8ad6244a5ebf,4,4,4,1,1,1,1,1,1
8 GPU,19,f092bb37-f22c-4de9-9052-c96b325dda01,3,3,3,1,1,1,1,1,1
8 GPU,19,37658949-d0fb-42e9-b80d-bdc76a0f8859,5,5,4,1,1,1,1,1,1
8 GPU,19,69760efd-b19e-41db-8817-b4bd48da9985,5,5,4,1,1,1,1,1,1
8 GPU,19,ae24d1da-9204-46ef-92be-6bb4bf5f8cab,4,4,3,1,1,1,1,1,1
8 GPU,19,3461b054-a202-4050-b08f-8496aaf4c19e,4,4,3,1,1,1,1,1,1
8 GPU,19,8ae23618-5ad4-4d62-903e-d7fd7020f295,2,2,2,1,1,1,1,1,1
8 GPU,19,bf01669b-8dff-40cf-907f-424e9a77ab70,8,8,0,1,1,1,0,0,0
8 GPU,19,5fa22380-d788-4949-8b5a-c977a2ddc718,8,8,1,1,1,1,1,1,1
8 GPU,19,c76add70-31e7-4b51-80de-04c876520bcb,24,24,1,1,1,1,1,1,1
8 GPU,19,2e5194da-40c7-41ce-97a5-3e910709857c,11,11,2,1,1,1,1,1,1
8 GPU,19,4a03f6ed-affa-45cc-821e-0f1fc6e245fe,11,11,3,1,1,1,1,1,1
8 GPU,19,ed0dbedb-7b46-4216-9b47-03673374f6bd,15,14,3,1,1,1,1,1,1
8 GPU,19,4aa67615-6e61-4489-bde0-d199fa72009f,9,9,2,1,1,1,1,1,1
8 GPU,19,0c6938e4-c0bb-4a51-8ff8-c9f0c6729472,10,10,2,1,1,1,1,1,1
8 GPU,19,35bfad4f-3395-462a-9b07-2c40a1b0b980,17,17,4,1,1,1,1,1,1
8 GPU,19,4112a349-41a0-420f-a016-0caeb4390d57,1,1,0,1,1,1,0,0,0
8 GPU,19,27c6942f-9826-447c-b295-737062775e9e,14,14,1,1,1,1,1,1,1
8 GPU,19,d0f5e856-065e-448e-85a3-dafc8718d674,47,47,6,1,1,1,1,1,1
8 GPU,19,62688e86-6c04-4311-bac3-b4d02c1c6d1d,8,8,0,1,1,1,0,0,0
8 GPU,19,344f1a4c-ae1c-4a51-af2d-5f8e65d0291f,7,7,0,1,1,1,0,0,0
8 GPU,19,261dcd6d-8209-4f30-b188-baeec5ed8238,25,25,0,1,1,1,0,0,0
8 GPU,19,22434ea9-a822-4c51-96e9-1238aa6077e4,40,40,7,1,1,1,1,1,1
8 GPU,19,6b770e94-ddd0-4b0a-8ed8-45f4d5044a4f,48,48,7,1,1,1,1,1,1
8 GPU,19,a0913ba4-3c98-4562-aff4-0a3956bdab6e,31,31,12,1,1,1,1,1,1
8 GPU,19,d2c6b1c6-891f-44d7-b357-13e13b7c10b6,20,20,3,1,1,1,1,1,1
8 GPU,19,4649e9fe-5877-4a86-809d-caafb1fdc032,31,31,15,1,1,1,1,1,1
8 GPU,19,11618c64-7c7c-4fec-b739-7ff3fca26036,10,10,1,1,1,1,0,0,0
8 GPU,19,b2c0720c-978d-40ef-acf7-a76f280b3374,17,17,2,1,1,1,1,1,1
8 GPU,19,68ea2932-8104-425e-b3cb-0944dcce4857,4,4,1,1,1,1,1,1,1
8 GPU,19,030141a6-9a09-4c5d-8d40-79897686d70f,25,25,3,1,1,1,1,1,1
8 GPU,19,875c1b9f-db6a-4b8e-8135-144a1236aa18,12,12,0,1,1,1,0,0,0
8 GPU,19,15a97264-7404-4010-aa43-b627b6862d5e,3,3,2,1,1,1,1,1,1
8 GPU,19,d626d044-b069-40f6-b31a-d691d55cc310,11,11,1,1,1,1,1,1,1
8 GPU,19,38d4ec03-5cba-4e3d-bf16-5aea506f7334,19,19,2,1,1,1,1,1,1
8 GPU,19,07510c58-e2f8-49ca-a6e9-6822c000e56d,18,18,5,1,1,1,1,1,1
8 GPU,19,bc80921d-2840-4639-b049-016a0ccdfcc6,12,12,0,1,1,1,0,0,0
8 GPU,19,01b025ea-fc88-4ba1-b060-38471c52e0ac,20,20,0,1,1,1,0,0,0
8 GPU,19,37222c76-5efe-4117-a419-0dab1dd5ef47,8,8,1,1,1,1,1,1,1
8 GPU,19,e2b1ec96-1910-4acc-ab42-64f69099f869,9,9,2,1,1,1,1,1,1
8 GPU,19,1f917986-dfa9-4eab-977f-1143d7147e11,14,14,4,1,1,1,1,1,1
8 GPU,19,7b17a25d-de08-4925-9b01-dde0631119ad,18,18,3,1,1,1,1,1,1
8 GPU,19,e0040072-b4a3-43e4-aabf-1e7e89e7f823,8,8,6,1,1,1,1,1,1
8 GPU,19,a6430d6b-274f-46ac-9839-fba848e7495d,28,28,11,1,1,1,1,1,1
8 GPU,19,3059c5e9-6c57-4068-b2ca-0614aeaf8129,42,42,3,1,1,1,1,1,1
8 GPU,19,b0a14032-e402-4d1f-b675-c4160770fc9e,16,16,3,1,1,1,1,1,1
8 GPU,19,2cc3fdac-3fb2-4bdf-9bcb-62cc2f743926,7,7,1,1,1,1,1,1,1
8 GPU,19,9553e07a-6c6e-4d66-8e9e-f07ef15a0840,12,12,4,1,1,1,1,1,1
8 GPU,19,7f93f627-7068-4755-8b1a-a06c03d9cebe,31,31,8,1,1,1,1,1,1
8 GPU,19,86d53ad3-2880-4fb5-96b7-f7239fc6391b,43,43,13,1,1,1,1,1,1
8 GPU,19,e7a72c88-feda-4222-b41a-795afd6b3aa1,15,15,1,1,1,1,1,1,1
8 GPU,19,a2c88367-5dbc-497e-a9ae-dd34398ca289,38,38,7,1,1,1,1,1,1
8 GPU,19,377a3d65-5f03-4f25-b0f0-9892ca7a443f,48,48,16,1,1,1,1,1,1
8 GPU,19,0027a8ff-9550-4306-9501-736868bfdaf5,42,42,7,1,1,1,1,1,1
8 GPU,19,61d7caed-58db-4b05-b0a8-46ed2f11610c,24,24,5,1,1,1,1,1,1
8 GPU,19,9179ae86-0abc-4414-bb27-67039c954f98,12,12,0,1,1,1,0,0,0
8 GPU,19,13371774-5f73-4912-ad52-57e41a6d5a24,13,13,1,1,1,1,1,1,1
8 GPU,19,db8c3d76-ab05-44b4-ba95-f95cdb5b2487,9,9,2,1,1,1,1,1,1
8 GPU,19,f3279bbb-c0fe-464b-af7e-1508388edad0,19,19,0,1,1,1,0,0,0
8 GPU,19,a40ef86e-9419-481b-974d-ddf62adf8a31,14,14,0,1,1,1,0,0,0
8 GPU,19,ffaf78e7-f04c-42cc-b79d-a8f9ef6cf49c,11,11,0,1,1,1,0,0,0
8 GPU,19,1b3a7e12-e545-494a-bbd8-1bd4e83b399e,31,31,5,1,1,1,1,1,1
8 GPU,19,1860b94f-7b82-409c-aa01-a14295dc321f,41,41,1,1,1,1,1,1,1
8 GPU,19,3fe70863-c1db-45f8-b87d-dd89d7504b3e,5,5,0,1,1,1,0,0,0
8 GPU,19,d33fb93d-0da5-4b5b-930b-55b5c9d86b98,8,8,1,1,1,1,1,1,1
8 GPU,19,7735c142-c120-4c91-bc6d-0e7dc2534c99,29,29,1,1,1,1,1,1,1
8 GPU,19,a3779290-4d06-49b2-84d8-4d872a4fc425,9,9,0,1,1,1,0,0,0
8 GPU,19,80bde157-cc84-4949-946b-0ffa02349ce8,11,11,1,1,1,1,1,1,1
8 GPU,19,e62ce17b-629f-4ead-943c-e955a6bcaa51,11,11,1,1,1,1,1,1,1
8 GPU,19,3e9ec5ed-4287-49f5-a6fa-198bfbfe059f,10,10,2,1,1,1,1,1,1
8 GPU,19,26576a92-cf3b-4efd-be18-aa3fc2e175aa,17,17,0,1,1,1,0,0,0
8 GPU,19,59fb80b0-e56f-4b7b-a91a-8cec510a832b,1,1,1,1,1,1,1,1,1
8 GPU,19,2a0778c4-8ecc-478c-bddd-c8586e431ad2,3,3,3,1,1,1,1,1,1
8 GPU,19,6b239624-4fa4-4cd6-894a-c727bd0c8f93,4,4,3,1,1,1,1,1,1
8 GPU,19,7a5b893d-1315-442d-8a18-3a073c6f8831,36,36,5,1,1,1,1,1,1
8 GPU,19,ea35fae7-888e-42a8-9dc4-131018d17199,4,4,3,1,1,1,1,1,1
8 GPU,19,ba690f3b-51db-43bf-a1b3-a5310afbcadc,3,3,0,1,1,1,0,0,0
8 GPU,19,b114faa2-81fc-4749-ab01-7121a89c711e,25,25,2,1,1,1,1,1,1
8 GPU,19,4ec746d6-cad7-4754-8505-19d83b83bbd1,9,9,8,1,1,1,1,1,1
8 GPU,20,e31358e9-f439-490c-8378-c72b65584f49,19,19,2,1,1,1,1,1,1
8 GPU,20,d6389328-e4d8-47a7-84db-2e3f441e7a86,3,3,1,1,1,1,1,1,1
8 GPU,20,172e36db-5c07-4926-bfd9-2897990d41d8,22,22,4,1,1,1,1,1,1
8 GPU,20,1130dd14-74d2-4b95-bd93-9dc401e0fd44,23,23,3,1,1,1,1,1,1
8 GPU,20,5d2f8fc1-28b7-4a5a-9182-3f9114f1a9f2,5,5,3,1,1,1,1,1,1
8 GPU,20,ce1bc3b5-32ef-42a6-b495-af4da9fcf180,4,4,3,1,1,1,1,1,1
8 GPU,20,cfc5171f-7267-4609-81d8-a64ad75aac07,4,4,4,1,1,1,1,1,1
8 GPU,20,06f0becf-a1b4-4be5-9761-7db347da4781,4,4,4,1,1,1,1,1,1
8 GPU,20,2f96d4b8-8190-4671-9a03-87f780bd1a94,27,27,4,1,1,1,1,1,1
8 GPU,20,dcf34d9e-a271-4d9f-b7a8-811dcab7e1a4,53,52,24,1,1,1,1,1,1
8 GPU,20,27a849f6-ea86-4176-b8b7-335acee96866,2,2,1,1,1,1,1,1,1
8 GPU,20,86949026-59b1-4543-b989-4c6caed945da,4,4,4,1,1,1,1,1,1
8 GPU,20,4e1027bc-7eb5-48f4-bff5-389ead92758d,1,1,0,1,1,1,0,0,0
8 GPU,20,1fb2512c-4e6b-49b2-a0b7-a36982015d36,4,4,3,1,1,1,1,1,1
8 GPU,20,43d0b7f3-5036-4441-91f5-01e6a946718e,38,38,10,1,1,1,1,1,1
8 GPU,20,e770ce8f-fe9c-4a96-886d-f168d60ba0ab,27,27,8,1,1,1,1,1,1
8 GPU,20,5578bea6-92b7-4440-a394-5d8823fb3649,2,2,1,1,1,1,1,1,1
8 GPU,20,3bf8d3e8-7c73-49c2-8335-5193a814db51,5,5,2,1,1,1,1,1,1
8 GPU,20,012a4e2d-a27f-4483-93c2-ead4e6084ddd,4,4,3,1,1,1,1,1,1
8 GPU,20,c802418b-c328-4ff9-8733-7d5ae0e86bd8,4,4,3,1,1,1,1,1,1
8 GPU,20,59170b4b-7271-4403-9e65-1379a0e66e07,58,58,5,1,1,1,1,1,1
8 GPU,20,e113900e-9dff-425f-b38a-c8c017b56cab,27,27,4,1,1,1,1,1,1
8 GPU,20,cef194f9-9512-4f57-a6e1-d02a02baf9dc,13,13,2,1,1,1,1,1,1
8 GPU,20,4346290f-31a6-4332-8582-d6a34ef94feb,20,20,2,1,1,1,1,1,1
8 GPU,20,a1c1bb2f-ebb5-486c-9b6f-94873aaea656,60,60,6,1,1,1,1,1,1
8 GPU,20,03431eda-2c68-4c13-903f-b8d7e9e69e82,4,4,3,1,1,1,1,1,1
8 GPU,20,b76e5f3e-40b6-4f97-aed2-de6a64886b14,4,4,3,1,1,1,1,1,1
8 GPU,20,ceacdc38-0014-4472-aba9-c82e590ac6f1,6,6,5,1,1,1,1,1,1
8 GPU,20,cabd4451-7d4f-4f1e-a0dc-c18545950006,8,8,7,1,1,1,1,1,1
8 GPU,20,0d53d740-fea0-48b4-8ffd-17164b7978e6,4,4,3,1,1,1,1,1,1
8 GPU,20,511c00c0-6dd8-40c7-9f16-0908ee2787cf,1,1,1,1,1,1,1,1,1
8 GPU,20,01e7b469-4ad0-4c5e-bf01-9511e7daf52e,5,5,4,1,1,1,1,1,1
8 GPU,20,e1ca314c-38fe-48b6-97af-57b5ca962aba,0,0,0,0,0,0,0,0,0
8 GPU,20,9aa78c13-7b56-4728-b723-8558370aae85,7,7,6,1,1,1,1,1,1
8 GPU,20,abf19998-5d09-46a3-9704-90506aa374da,2,2,2,1,1,1,1,1,1
8 GPU,20,1a83cb1e-2565-47f6-901e-a213004501fb,4,4,3,1,1,1,1,1,1
8 GPU,20,85a06b83-21db-46ef-bb65-98b41582ad8a,17,17,4,1,1,1,1,1,1
8 GPU,20,66790073-7649-4a04-90d8-690aeb59b6f0,12,12,6,1,1,1,1,1,1
8 GPU,20,0a4bef43-6313-4bb8-8e42-ac332cc8877a,3,3,1,1,1,1,1,1,1
8 GPU,20,cbbe43db-fd08-4f4f-bb33-14164fed8fc3,16,16,5,1,1,1,1,1,1
8 GPU,20,30c0f7a1-24be-4626-8f92-ee37cc19f502,13,13,2,1,1,1,1,1,1
8 GPU,20,7b260c71-1c00-43b8-9212-90a33d376437,17,17,0,1,1,1,0,0,0
8 GPU,20,53b293c3-1eb9-4943-92e9-2ebc87536af7,6,6,0,1,1,1,0,0,0
8 GPU,20,aa1553b7-2313-4937-9804-21c89c6db8a1,27,27,5,1,1,1,1,1,1
8 GPU,20,caf0a716-5e21-493f-b0f3-fbcb1679a6ce,11,11,0,1,1,1,0,0,0
8 GPU,20,d4223e7b-9007-43db-aac4-b08036408c62,9,9,3,1,1,1,1,1,1
8 GPU,20,d5349cf5-0251-4589-a5b0-feaf160b5a09,22,22,2,1,1,1,1,1,1
8 GPU,20,dc100a21-15b5-4b04-8a0e-d8a624d49ee2,26,26,0,1,1,1,0,0,0
8 GPU,20,994b6e8f-625d-443f-869d-7afd46914b41,32,32,5,1,1,1,1,1,1
8 GPU,20,bc1d11c6-e005-4588-89f9-503f093a1c46,5,5,2,1,1,1,1,1,1
8 GPU,20,ecd2b72d-d84b-4eb0-98e7-1295ec67462a,1,1,0,1,1,1,0,0,0
8 GPU,20,f49753e2-4aa8-4922-ab11-b1aad13c855e,19,19,5,1,1,1,1,1,1
8 GPU,20,83a130a9-77a2-435f-837b-42c1ca385b27,20,20,2,1,1,1,1,1,1
8 GPU,20,8cd86f2c-97f1-4f5c-a986-85a678572703,9,8,2,1,1,1,1,1,1
8 GPU,20,d541499a-7b53-449a-a3ed-a4b1e27f00c5,18,17,3,1,1,1,1,1,1
8 GPU,20,626ad101-b661-4745-8357-c0f393375fe0,2,2,1,1,1,1,1,1,1
8 GPU,20,46dd6f18-27d9-45cd-9c71-26022e0c93c1,1,1,0,1,1,1,0,0,0
8 GPU,20,b3017b3c-b365-46f8-999b-d8a1d03aab76,25,25,3,1,1,1,1,1,1
8 GPU,20,af4978d3-d5d5-4b89-b4ae-b989f6841bf2,11,11,0,1,1,1,0,0,0
8 GPU,20,24bc99d4-904c-4651-bc5c-739bddb02a7b,3,3,1,1,1,1,1,1,1
8 GPU,20,c3eedc54-8cb4-432f-9d4f-550cb0354eed,9,9,0,1,1,1,0,0,0
8 GPU,20,13f17ca4-524c-4539-a92a-837e0ac7e732,12,12,1,1,1,1,1,1,1
8 GPU,20,4e7582fb-8041-4a64-a9bb-8a80453bdaee,18,18,3,1,1,1,1,1,1
8 GPU,20,2d352cbf-84a7-4bad-a287-ede2fd72834b,21,21,4,1,1,1,1,1,1
8 GPU,20,f95e7670-c7f4-437f-baed-79c678fd9e7f,4,4,3,1,1,1,1,1,1
8 GPU,20,52e350ee-b403-4598-9ad6-26451e2d5b1e,30,30,11,1,1,1,1,1,1
8 GPU,20,2e2c6f4f-111e-4eda-a29e-fbd01bd5d953,6,6,5,1,1,1,1,1,1
8 GPU,20,4fa5efbf-55b8-4bc4-b585-ad7e4d601304,13,13,12,1,1,1,1,1,1
8 GPU,20,cef510fd-3650-4d5d-90a2-7357f171e812,6,6,3,1,1,1,1,1,1
8 GPU,20,95d601d3-9dc6-49bb-a21c-39f406e83883,4,4,3,1,1,1,1,1,1
8 GPU,20,5287ce5b-b823-4f9a-ad5f-ded7663fb29a,6,6,3,1,1,1,1,1,1
8 GPU,20,20f0829a-7d5b-4295-88c0-7b41a3016e0a,16,16,0,1,1,1,0,0,0
8 GPU,20,bc38fcc9-e2e8-4863-971d-e1f2c414de12,14,14,0,1,1,1,0,0,0
8 GPU,20,7ab1a001-d77f-419a-a684-5af1540f17cb,18,18,1,1,1,1,1,1,1
8 GPU,20,5ac99c09-0dde-4d4f-b101-c7c3a4fffd41,11,11,0,1,1,1,0,0,0
8 GPU,20,37393ccc-327f-40a8-b354-f9b2136e18d2,12,12,3,1,1,1,1,1,1
8 GPU,20,b5ceb865-6f47-47b2-948d-df4240dfc4d2,7,7,0,1,1,1,0,0,0
8 GPU,20,4533680a-7e3c-431d-89dc-eb5e22ed1882,12,12,2,1,1,1,1,1,1
8 GPU,20,543c63af-fb90-4fce-9ed5-cfd4a05a39b1,16,16,1,1,1,1,1,1,1
8 GPU,20,447691da-6a2e-4e51-9254-e8d0f6ec3101,12,12,2,1,1,1,1,1,1
8 GPU,20,9ddcbd34-c1d0-49bc-9be4-6f5dafece742,11,11,3,1,1,1,1,1,1
8 GPU,20,9b1867b9-7ac6-479a-8313-2285ecec3cb1,2,2,2,1,1,1,1,1,1
8 GPU,20,ed1ba9a7-9fbc-4a64-830d-2e186ee1a704,4,4,3,1,1,1,1,1,1
8 GPU,20,e02865dc-1704-463a-9e93-e9337b5f7c64,4,4,3,1,1,1,1,1,1
8 GPU,20,5d32ad34-0339-4487-89d5-612db96f2845,3,3,3,1,1,1,1,1,1
8 GPU,20,c9746b3a-87bf-4528-aa7c-05db2125de67,14,14,1,1,1,1,1,1,1
8 GPU,20,768ca053-e229-4773-b69b-eeaf325455a5,4,4,3,1,1,1,1,1,1
8 GPU,20,17859198-06be-4ca6-aa07-4f47d0ef91e0,7,7,4,1,1,1,1,1,1
8 GPU,20,868c31ee-1d17-40ed-a38c-34a85ab3d728,4,4,3,1,1,1,1,1,1
8 GPU,20,f7317ae3-d6bd-4089-951b-f0c433775602,60,60,13,1,1,1,1,1,1
8 GPU,20,c1698b78-a5b8-48ff-be8c-5a9d4ce80111,24,24,7,1,1,1,1,1,1
8 GPU,20,fa297b75-713e-4a39-b2bd-a3f480de234a,53,53,22,1,1,1,1,1,1
8 GPU,20,b72aad2e-4994-4792-857b-123030c67367,43,43,5,1,1,1,1,1,1
8 GPU,20,bbafdb8e-48b8-4d47-9861-b48adad3791b,3,3,2,1,1,1,1,1,1
8 GPU,20,055fb4ce-90ee-4820-9067-887ef595738b,32,32,9,1,1,1,1,1,1
8 GPU,20,13ba3d69-a7d6-48d4-85be-bf40200a9ae9,29,29,10,1,1,1,1,1,1
8 GPU,20,bc89374e-8013-4ec8-998a-b90baec84883,15,15,0,1,1,1,0,0,0
8 GPU,20,484a49fc-85cb-4f3b-9f21-01a88005a6ef,1,1,0,1,1,1,0,0,0
8 GPU,20,d3e72bfc-ead4-422b-b77a-f7556e580073,41,41,7,1,1,1,1,1,1
8 GPU,20,e35a1ca5-3713-43e0-b6da-0ea436045cd9,18,18,0,1,1,1,0,0,0
8 GPU,20,9a2d9db9-e1d8-482f-ae16-f0b90e04f52c,59,59,24,1,1,1,1,1,1
8 GPU,20,958a5b34-f131-4f32-b694-58549ef555af,33,33,12,1,1,1,1,1,1
8 GPU,20,d2597d0a-44ce-48a3-9dd0-6fa7a8aee1a3,33,33,10,1,1,1,1,1,1
8 GPU,20,bd667057-417f-4d3a-81f0-89cf46bddf68,42,42,2,1,1,1,1,1,1
8 GPU,20,9c5f1aea-c6cf-4ba8-80d7-87523c318121,10,10,3,1,1,1,1,1,1
8 GPU,20,02161d20-ba99-4edf-8591-a6763a9a5f52,28,28,2,1,1,1,1,1,1
8 GPU,20,3858d0f2-f213-4269-8bb5-646840666b39,7,7,1,1,1,1,1,1,1
8 GPU,20,00ad4e0a-03f7-455f-ab82-bc27eec634fe,22,22,7,1,1,1,1,1,1
8 GPU,20,91a87633-2361-408e-84ae-121b98d9aa6f,25,25,4,1,1,1,1,1,1
8 GPU,20,905054bb-e483-4e64-8009-8acaa52a7c64,33,33,3,1,1,1,1,1,1
8 GPU,20,06832533-c158-4bdd-b7c9-06b606bd4992,1,1,0,1,1,1,0,0,0
8 GPU,20,f8e6bc05-377e-45a0-a94d-0ceb08b40b94,2,2,0,1,1,1,0,0,0
8 GPU,20,7412a0c5-29f3-45d2-9609-02d5ac90a29e,1,1,1,1,1,1,1,1,1
8 GPU,20,4a602ad1-5a51-4d24-ba98-7797dd8cd02a,24,24,4,1,1,1,1,1,1
8 GPU,20,01807896-7531-4ae1-811e-ddf207877c1c,54,54,7,1,1,1,1,1,1
8 GPU,20,2598e630-1343-40d9-abf1-1893afcda2ac,20,20,2,1,1,1,1,1,1
8 GPU,20,5d171793-be35-47e5-96e5-dab0e4090879,18,18,3,1,1,1,1,1,1
8 GPU,20,20899d01-222a-4521-88bd-9918d4225496,23,23,12,1,1,1,1,1,1
8 GPU,20,143a4c45-c32f-453c-a31c-4842fe3ab792,45,44,15,1,1,1,1,1,1
8 GPU,20,3a1d22ad-952a-48c0-afbc-b0ae834124f8,18,18,0,1,1,1,0,0,0
8 GPU,20,bd1106e4-4ddc-4439-aff0-aa24b386d036,23,23,4,1,1,1,1,1,1
8 GPU,20,ee7bd605-8780-4fbe-b4d7-ba63e2e2035c,2,2,0,1,1,1,0,0,0
8 GPU,20,bd38c00f-4220-4f74-af0a-c9eacb66d373,4,4,0,1,1,1,0,0,0
8 GPU,20,08821225-2fe3-44cb-8ecb-5ad0054fc5f9,57,57,24,1,1,1,1,1,1
8 GPU,20,625fff7f-ad67-4cb9-8e20-b43ac8f79596,1,1,0,1,1,1,0,0,0
8 GPU,20,a0907250-a2e0-4906-8baa-ff713a46ba6f,24,24,0,1,1,1,0,0,0
8 GPU,20,2706146a-ebae-4b08-8ee7-462a84b12140,8,8,2,1,1,1,1,1,1
8 GPU,20,6b8fddfd-798a-40ae-ae66-ccccbc0b6591,30,30,2,1,1,1,1,1,1
8 GPU,21,995ab96d-5a0a-4310-abb3-06bcff34c7b7,10,10,0,1,1,1,0,0,0
8 GPU,21,a8616afb-f265-4acb-8ba9-7c322544ba36,46,46,2,1,1,1,1,1,1
8 GPU,21,d7ca4b6e-2582-41f4-afb4-357a8787e56c,18,18,2,1,1,1,1,1,1
8 GPU,21,2d15e875-9276-49f4-8767-2aa2904cf97c,4,4,3,1,1,1,1,1,1
8 GPU,21,54240170-162d-4d2c-a8af-f6c63a121eff,1,1,0,1,1,1,0,0,0
8 GPU,21,fdcd72e3-3e3e-4db8-9dcd-b348a3e5505b,2,2,0,1,1,1,0,0,0
8 GPU,21,d2b30e44-ff17-4506-9c04-6739a4cfae72,4,4,3,1,1,1,1,1,1
8 GPU,21,171603a0-6786-41fc-9397-7e0cc8c45785,1,1,0,1,1,1,0,0,0
8 GPU,21,e60eb994-e681-4874-8585-98620a5811a3,1,1,0,1,1,1,0,0,0
8 GPU,21,76d0e6a7-581c-4043-99db-30c500b2d756,19,19,2,1,1,1,1,1,1
8 GPU,21,555593f6-ddb0-4c1e-9293-2e96cb0e2228,8,8,4,1,1,1,1,1,1
8 GPU,21,2647e776-6b39-4dd4-ad57-03d54c9a4ff1,4,4,3,1,1,1,1,1,1
8 GPU,21,9e56cf79-70aa-45f1-9fad-a783beac7016,10,10,8,1,1,1,1,1,1
8 GPU,21,c7baa5a8-cb48-4b9f-b63f-c64ff815ae38,17,17,6,1,1,1,1,1,1
8 GPU,21,fdb2b995-c80f-4ec8-a967-0a73a5404c4d,4,4,3,1,1,1,1,1,1
8 GPU,21,cb7429ea-9c4c-46fc-afab-bc6052bc8d8f,80,80,7,1,1,1,1,1,1
8 GPU,21,5ae34127-091e-41c6-b3d4-22504884be93,46,46,18,1,1,1,1,1,1
8 GPU,21,da5c1742-9f9b-4f42-825a-6b631990b6c3,1,1,0,1,1,1,0,0,0
8 GPU,21,8bc4482f-0416-4c23-9087-32762a01d1ec,26,26,0,1,1,1,0,0,0
8 GPU,21,9ed7d86e-2d2e-4dc8-84a7-e205c4b18fd9,10,10,0,1,1,1,0,0,0
8 GPU,21,474b83bb-0db2-4355-807a-dc3a02cf4566,20,20,15,1,1,1,1,1,1
8 GPU,21,b0834d24-aefa-457f-a3b2-f449a8f5a33e,12,12,0,1,1,1,0,0,0
8 GPU,21,496168f3-9eb4-4253-9e98-6760e5a519f4,35,35,8,1,1,1,1,1,1
8 GPU,21,de05bb78-0e10-498f-911d-b0e0e7a1dbfa,11,11,4,1,1,1,1,1,1
8 GPU,21,48adc29b-1ac2-4487-8037-ed84983fca39,25,25,0,1,1,1,0,0,0
8 GPU,21,7f63cb40-c0e2-4fa3-ae17-cc4ffd187f8b,1,1,0,1,1,1,0,0,0
8 GPU,21,5f1ed052-bd7c-48ef-aff2-1fdbc0cdd9fe,3,3,0,1,1,1,0,0,0
8 GPU,21,3df9dd9b-e36d-40a9-86da-bf43b534de87,2,2,0,1,1,1,0,0,0
8 GPU,21,a04b0429-b94b-4760-a590-42f433086e31,2,2,1,1,1,1,1,1,1
8 GPU,21,5e3306fa-7050-45d1-b295-0e778b061b20,2,2,2,1,1,1,1,1,1
8 GPU,21,33909763-aff0-40ef-a837-741d1bfb99dd,67,67,7,1,1,1,1,1,1
8 GPU,21,8152d17c-be68-481e-8a50-3bb77ba52032,17,17,1,1,1,1,1,1,1
8 GPU,21,9ab05353-61d6-43a2-a741-38a8bbf36776,21,21,10,1,1,1,1,1,1
8 GPU,21,8dd1b355-c221-43d1-b81d-22c44306ef79,41,41,2,1,1,1,1,1,1
8 GPU,21,d70d4c07-5c2b-41da-b8c3-8e8fb792c247,16,16,0,1,1,1,0,0,0
8 GPU,21,a389ace1-3b4d-45e3-9811-175d835ca028,28,28,1,1,1,1,1,1,1
8 GPU,21,84e627c1-41fd-4de7-8e61-e3d32ac96e7f,73,72,3,1,1,1,1,1,1
8 GPU,21,64d7bdce-e13d-49f8-a8bd-7c51ad0a94a7,4,4,2,1,1,1,1,1,1
8 GPU,21,bbf08d52-74ab-4b30-823f-feb5f0e150f1,2,2,0,1,1,1,0,0,0
8 GPU,21,e8722bb5-8fa2-4910-9af9-66054d107353,21,21,5,1,1,1,1,1,1
8 GPU,21,d5de9129-b9a7-47e7-8b2d-650525e3a5ff,3,3,1,1,1,1,1,1,1
8 GPU,21,ad686f3b-81cd-4ce5-aad9-95539f02c7b0,48,48,4,1,1,1,1,1,1
8 GPU,21,046bcf29-d3b9-4178-bbb0-05afe4145ce0,5,5,2,1,1,1,1,1,1
8 GPU,21,0eb2fd58-2ab0-49dd-8a44-62232c494df2,16,16,0,1,1,1,0,0,0
8 GPU,21,b1fd7c7f-af7b-4c1c-8a6f-55de998cf84c,34,34,4,1,1,1,1,1,1
8 GPU,21,efd9e7bc-689a-4776-bba2-40f6994d17c9,25,25,4,1,1,1,1,1,1
8 GPU,21,17446efe-4393-448c-9415-c7ff6c56e5aa,2,2,0,1,1,1,0,0,0
8 GPU,21,727d229f-2bb6-4e89-87c9-ecc345b138ce,26,26,4,1,1,1,1,1,1
8 GPU,21,fb5f090b-70d1-4af9-83e7-658138d0d5bb,66,66,9,1,1,1,1,1,1
8 GPU,21,2522449b-4a3f-4527-93cc-b684cca34294,1,1,0,1,1,1,0,0,0
8 GPU,21,5359dc5d-c09a-4d86-b6c0-8750ea3d056a,2,2,0,1,1,1,0,0,0
8 GPU,21,61fd7c1c-57b2-420d-8e67-fdf851c944cf,17,17,3,1,1,1,1,1,1
8 GPU,21,9d54c85f-0251-427f-8cb7-7cd73a04c50f,20,20,2,1,1,1,1,1,1
8 GPU,21,d30b92e4-188b-4ddc-bf0b-4a3034c2e6bb,2,2,1,1,1,1,1,1,1
8 GPU,21,a1dd131a-7149-4343-8bdd-c79e2d8c18e0,29,29,6,1,1,1,1,1,1
8 GPU,21,c125c744-9c9b-40df-a85d-93aa0dc9cc19,42,42,1,1,1,1,1,1,1
8 GPU,21,4a7c6f6d-6b29-42b0-ba63-caf0728eb95b,24,24,0,1,1,1,0,0,0
8 GPU,21,16c38cc0-516a-43e5-859e-d5fbec72ca9c,3,3,0,1,1,1,0,0,0
8 GPU,21,7a26e27b-91fa-44ed-833c-fda98497b1e8,22,22,4,1,1,1,1,1,1
8 GPU,21,107ce92a-5888-43eb-913f-c94b2875e1a7,9,9,0,1,1,1,0,0,0
8 GPU,21,8830026d-0235-4a4b-a411-ff164b7284bd,2,2,1,1,1,1,1,1,1
8 GPU,21,09a56a62-d088-4103-94ca-37726bfa0eb2,7,7,0,1,1,1,0,0,0
8 GPU,21,06098aef-fb77-4bed-a274-8bd91b04585d,13,13,2,1,1,1,1,1,1
8 GPU,21,24da54fb-81e7-445e-91bf-653b4feb849d,9,9,1,1,1,1,1,1,1
8 GPU,21,bc995be7-ad3c-409c-a71b-3f65c998840b,28,28,2,1,1,1,1,1,1
8 GPU,21,154eecce-1fc6-43af-bf78-ed4607414648,1,1,0,1,1,1,0,0,0
8 GPU,21,aa14f5e6-128b-4953-8717-fb048fe24cb6,36,36,6,1,1,1,1,1,1
8 GPU,21,ad1e2f93-ff5d-4c52-809b-96eae1fb0f25,15,15,1,1,1,1,1,1,1
8 GPU,21,8849551e-f997-40c9-9330-004971188917,49,49,4,1,1,1,1,1,1
8 GPU,21,8b9aa952-4bcd-46de-b941-8acbd8b4b33a,1,1,0,1,1,1,0,0,0
8 GPU,21,aec2a3b6-87cf-4b29-88af-e7600f8cce83,1,1,0,1,1,1,0,0,0
8 GPU,21,f4fd5943-8337-4e3c-9f7f-55daa180d1ea,19,19,0,1,1,1,0,0,0
8 GPU,21,3e9e13f8-f6ea-4309-a86c-12717b42a7c4,29,28,2,1,1,1,1,1,1
8 GPU,21,db299410-be24-4f64-a10b-392497bfe5aa,43,43,3,1,1,1,1,1,1
8 GPU,21,2de8801a-493a-40dc-a2a2-6ad6c2ab47e7,78,78,10,1,1,1,1,1,1
8 GPU,21,fe9224d1-5137-4bfd-b963-48fa7238bec2,24,24,2,1,1,1,1,1,1
8 GPU,21,1e1eb1ce-fd92-464f-a3e3-06f22a6b0949,1,1,0,1,1,1,0,0,0
8 GPU,21,52d5ff7f-b241-46a2-902a-a2b78ae18981,1,1,0,1,1,1,0,0,0
8 GPU,21,a1ab4fa6-bed0-4c82-90d2-f479386f2f29,5,5,0,1,1,1,0,0,0
8 GPU,21,2de2ede3-d90b-4119-8bad-5b01605c98e5,24,24,5,1,1,1,1,1,1
8 GPU,21,b51848ca-37ab-4db4-8165-ea7d7cf5b591,61,61,14,1,1,1,1,1,1
8 GPU,21,9bb9778c-7a2d-4c67-903e-35dd718640f0,20,20,1,1,1,1,1,1,1
8 GPU,21,6e901990-53c2-4e79-8d60-7a95d3607589,30,30,5,1,1,1,1,1,1
8 GPU,21,2e125d31-509c-48d8-9603-62706b3b53e5,53,53,9,1,1,1,1,1,1
8 GPU,21,fbc39de0-2628-4e9f-89ed-1c4360d9d7bc,66,66,12,1,1,1,1,1,1
8 GPU,21,08f5df89-8b77-4a26-a2ed-5954d897f957,7,7,2,1,1,1,1,1,1
8 GPU,21,9c2c84c6-0781-4d28-b93a-49bc37d20219,2,2,1,1,1,1,1,1,1
8 GPU,21,c8e3908a-0342-48db-88b8-0c920f1cd570,2,2,0,1,1,1,0,0,0
8 GPU,21,f7093421-d9fb-4aeb-b71e-788a0f6cf913,2,2,0,1,1,1,0,0,0
8 GPU,21,3779fd45-335d-4b63-a6c0-37b8063302ba,1,1,0,1,1,1,0,0,0
8 GPU,21,d701dd0a-f601-4e19-a607-9e5e6e46f322,14,14,0,1,1,1,0,0,0
8 GPU,21,1fe39727-e639-492c-9ed2-02cbe4956d46,21,21,0,1,1,1,0,0,0
8 GPU,21,59c225e2-ad49-41ee-a24e-0b8fc32b9128,1,1,0,1,1,1,0,0,0
8 GPU,21,4bc0d18b-3f3d-4e0c-879c-cda956eb50d4,21,21,0,1,1,1,0,0,0
8 GPU,21,ca86e4e3-e001-46db-8638-765c94656545,14,14,0,1,1,1,0,0,0
8 GPU,21,fa1bd578-9b9a-4418-a5fa-227d34b049d0,1,1,1,1,1,1,1,1,1
8 GPU,21,08628d11-2c04-4dff-bf46-b361fbd17dde,19,19,3,1,1,1,1,1,1
8 GPU,21,a73e33f3-5d11-4ee5-a485-f7428c0966af,15,15,3,1,1,1,1,1,1
8 GPU,21,1c492227-2011-4986-a986-6f97d8532e0a,44,44,2,1,1,1,1,1,1
8 GPU,21,208113e0-8f9a-4a4a-9d33-cd52fcb2e885,23,23,0,1,1,1,0,0,0
8 GPU,21,8f293b5d-822a-49f2-8fd2-77cbf1194b0f,35,35,4,1,1,1,1,1,1
8 GPU,21,a4b15aa7-5ab3-40ec-beda-08217220d92a,23,23,1,1,1,1,1,1,1
8 GPU,21,208b1980-3d20-42be-8fde-9f74258c244d,9,9,1,1,1,1,1,1,1
8 GPU,21,244da936-1da4-4bd6-b64d-f09dc24e1507,34,34,14,1,1,1,1,1,1
8 GPU,21,2d64c1f7-0f87-468c-b25f-8b88dd5315e0,5,5,0,1,1,1,0,0,0
8 GPU,21,4867f8d2-ac22-446b-9be0-403099b3b335,8,8,1,1,1,1,1,1,1
8 GPU,21,a4f48346-872b-464a-814a-3ff85ed93a03,8,8,0,1,1,1,0,0,0
8 GPU,21,3fdfbcff-2ef2-41d1-91e1-99d675f8e05c,45,45,1,1,1,1,1,1,1
8 GPU,21,72c2304a-c6f7-42af-95f0-ecf8e40aa0fc,53,53,9,1,1,1,1,1,1
8 GPU,21,c57883d1-4f9f-4802-b22d-233520284978,11,11,0,1,1,1,0,0,0
8 GPU,21,1a6760a4-af3d-4581-b609-a561d3abbf91,2,2,1,1,1,1,1,1,1
8 GPU,21,353088ec-a472-42ce-bdf9-f07ac4f52f86,6,6,1,1,1,1,1,1,1
8 GPU,21,3270fedd-b2e7-4f17-98a7-092cc13647b0,6,6,3,1,1,1,1,1,1
8 GPU,21,f46bbf54-f705-406b-86d7-f9eef197ddd3,8,8,2,1,1,1,1,1,1
8 GPU,21,de711929-2843-41fb-b22e-03f5a84f97d2,6,6,2,1,1,1,1,1,1
8 GPU,21,04bd4d4d-24fd-438e-956a-87d311880556,4,4,2,1,1,1,1,1,1
8 GPU,21,511515ba-1c7a-4a3a-92a5-a9385664ae9d,6,6,2,1,1,1,1,1,1
8 GPU,21,3ef66ef8-7b30-4dbb-a460-b940939ef20d,51,51,12,1,1,1,1,1,1
8 GPU,21,c52dd7fa-c310-4c74-9130-cb95d1f5c4f8,5,4,3,1,1,1,1,1,1
8 GPU,21,eb050cd2-8baa-4efc-8f40-953096c9ee5e,17,17,1,1,1,1,1,1,1
8 GPU,21,fc5577aa-5b41-4988-960b-cc78c7ece8ac,4,4,3,1,1,1,1,1,1
8 GPU,21,85e0634a-46b7-492d-9adf-bd9688f9437e,6,6,3,1,1,1,1,1,1
8 GPU,21,6edb4ffd-d1e1-4277-bf4f-987f883f8aa6,14,14,5,1,1,1,1,1,1
8 GPU,21,71f94a02-30a4-42dd-bc39-1b74371b2cd7,5,5,4,1,1,1,1,1,1
8 GPU,21,3014790a-7269-4941-8d55-902d07bf5fe6,32,32,2,1,1,1,1,1,1
8 GPU,21,2c5b491d-2cc3-4965-a38b-ca51b676b61c,19,19,3,1,1,1,1,1,1
8 GPU,21,32adbfec-2994-498e-8549-8524eb229c2b,8,8,7,1,1,1,1,1,1
8 GPU,21,9366ffb0-1fa5-42c7-b569-77481d3378e7,4,4,3,1,1,1,1,1,1
16 GPU,0,a59bee1a-d541-4efe-913b-1146ef3a181e,19,19,7,1,1,1,1,1,1
16 GPU,0,67bcca6f-c8ba-419e-9a2c-eb0910ff8a0d,9,9,9,1,1,1,1,1,1
16 GPU,0,1a1415b4-0725-466a-b1c2-e3ad6297fbcb,5,5,5,1,1,1,1,1,1
16 GPU,0,d8719345-b646-4a9f-8e72-4bd6929635bc,6,6,6,1,1,1,1,1,1
16 GPU,0,05771a2b-4d60-493a-b811-675b1de8f8ce,11,11,4,1,1,1,1,1,1
16 GPU,0,abfae79d-db53-4c08-864b-77d36bd330ca,18,18,9,1,1,1,1,1,1
16 GPU,0,d41fc2ba-a5d4-4a59-9f97-042ff5325861,71,71,20,1,1,1,1,1,1
16 GPU,0,cdffd14c-76bf-4515-959d-e8b3bac14aad,99,99,11,2,2,4,1,1,1
16 GPU,0,f6632a0b-a649-4db4-9963-9c9d40fc2a1a,4,4,3,1,1,1,1,1,1
16 GPU,0,281edfa7-17ca-457f-bff9-c52b994f0912,5,5,4,1,1,1,1,1,1
16 GPU,0,1916ffbc-bbda-4f94-8ff0-2d1a2033b489,45,45,5,1,1,1,1,1,1
16 GPU,0,ccb9bb5b-3dab-497e-a2f6-523fd4283182,4,4,3,1,1,1,1,1,1
16 GPU,0,60728f3c-0b0c-4d0d-9048-3e21ad3304a7,4,4,4,1,1,1,1,1,1
16 GPU,0,525235a1-7087-4171-969e-464bdfd1d6a1,4,4,3,1,1,1,1,1,1
16 GPU,0,9c5ae3b5-0ccb-42b1-b22d-f162d6d73946,3,3,3,1,1,1,1,1,1
16 GPU,0,290b2f62-9742-48b7-890a-aa5e3f1bbfb5,2,2,2,1,1,1,1,1,1
16 GPU,0,0d0520d0-c8e4-43b0-ba46-3594852425f1,60,60,1,1,1,2,1,1,1
16 GPU,0,6c83faeb-7d03-46bd-864a-4f8dc49d11a3,9,9,5,1,1,1,1,1,1
16 GPU,0,e0e84b79-5152-4f77-96bb-f4af31024b39,5,5,5,1,1,1,1,1,1
16 GPU,0,8aefca7a-2518-4c62-a84c-f1a76409207e,4,4,2,1,1,1,1,1,1
16 GPU,0,1ce59ae1-57a5-47a0-a687-3ec293494905,38,38,22,1,1,1,1,1,1
16 GPU,0,26e297a4-c334-410b-8c68-7faabfe541ed,73,73,23,1,1,1,1,1,1
16 GPU,0,c8be782f-dd2a-42dd-b283-1f429acb1baf,7,7,5,1,1,1,1,1,1
16 GPU,0,66afa5cd-e0b0-4c2b-b9b4-c98e31f4eae2,65,65,22,1,1,1,1,1,1
16 GPU,0,0f3c2a81-c28f-438d-8a71-40c58c30b5c6,20,20,9,1,1,1,1,1,1
16 GPU,0,ac9b456a-e3d9-45a8-8e07-8f1672c4015f,49,49,16,1,1,1,1,1,1
16 GPU,0,e5744e62-50f9-4a6e-a1e7-8f97eee570fc,20,20,12,1,1,1,1,1,1
16 GPU,0,adc7c6d0-77e3-4f51-80e4-4d61db26361c,22,22,11,1,1,1,1,1,1
16 GPU,0,eb1ef269-61b8-47e2-b7be-e459fcb1e6c2,32,32,10,1,1,1,1,1,1
16 GPU,0,04899dfd-8f88-4b72-907b-06fcf35cecef,2,2,1,1,1,1,1,1,1
16 GPU,0,50a7ec8e-fb06-423b-b27f-ce540d6f276d,4,4,3,1,1,1,1,1,1
16 GPU,0,cf5608b9-d6e0-49fc-b40d-05389d13e3ef,16,16,6,1,1,1,1,1,1
16 GPU,0,12fdfe5a-e670-40bd-8364-aef023f4f3df,54,54,20,1,1,1,1,1,1
16 GPU,0,0a363ca9-40fc-4b9d-9739-cdbb15991439,38,38,11,1,1,1,1,1,1
16 GPU,0,b9cca3ce-5376-45b9-a3a5-84fb77709368,17,17,5,1,1,1,1,1,1
16 GPU,0,98d74080-85d9-49ef-8fec-ac115f707ed0,9,9,6,1,1,1,1,1,1
16 GPU,0,ba45856e-8784-41d4-be55-cb8a613e291f,10,10,4,1,1,1,1,1,1
16 GPU,0,e7a46920-901e-42d3-ab24-51780e2edd29,32,32,18,1,1,1,1,1,1
16 GPU,0,37bfef4b-c84d-4089-826c-d766b0e59a2f,1,1,1,1,1,1,1,1,1
16 GPU,0,aa35d816-4806-445e-b108-973b1bec5d87,3,3,3,1,1,1,1,1,1
16 GPU,0,aa8aac32-61eb-4e23-b29b-302724a35053,10,10,2,1,1,1,1,1,1
16 GPU,0,d81fbc0b-1f59-4090-ae2a-5a1263f9d383,15,15,5,1,1,1,1,1,1
16 GPU,0,1c4c0ff2-e990-4bbd-ae3a-d36885ee24cc,18,18,6,1,1,1,1,1,1
16 GPU,0,86f09b75-a696-4f0f-a466-38124a1c1f2d,7,7,3,1,1,1,1,1,1
16 GPU,0,5c83eddb-e3e7-4679-a973-74a70b5aa478,8,8,3,1,1,1,1,1,1
16 GPU,0,1c817704-548c-40db-bcdf-459bc84a041d,6,6,2,1,1,1,1,1,1
16 GPU,0,6dce324b-559c-4d32-850f-704479c5d392,5,5,3,1,1,1,1,1,1
16 GPU,0,51abb2f0-6264-409b-a25f-242a520d6706,10,10,5,1,1,1,1,1,1
16 GPU,0,8ea6be5f-9d2b-437a-9eab-ee3c5b60a74c,17,17,5,1,1,1,1,1,1
16 GPU,0,6023d37f-8d4e-489e-9f24-b30ec5601fac,11,11,5,1,1,1,1,1,1
16 GPU,0,ba8de58d-1a70-4d75-a283-3b93d34bc800,10,10,4,1,1,1,1,1,1
16 GPU,0,96894ab1-9e83-4d5f-bb17-5146412bbd3f,10,10,4,1,1,1,1,1,1
16 GPU,0,f31b2dbb-f945-4806-a2cc-80a1d6cb0535,64,64,10,1,1,1,1,1,1
16 GPU,0,d839b0b5-3f82-4b55-a59f-804fa2d6f44a,6,6,4,1,1,1,1,1,1
16 GPU,0,4fad9d61-1607-46c5-8eb6-50046ca9ffb4,4,4,4,1,2,2,2,2,2
16 GPU,0,6d42a56a-1919-454a-86f7-d5da8d1dcc88,3,3,1,1,1,1,1,1,1
16 GPU,0,95e0fee6-0e7c-46c9-ae96-e975914540c3,10,10,6,1,1,1,1,1,1
16 GPU,0,5da56d87-7b52-4d93-aea4-cf44ea0db3c2,17,17,7,1,1,1,1,1,1
16 GPU,0,de2ede37-6302-417b-ac3d-3c32cd448a70,31,31,16,1,1,1,1,1,1
16 GPU,0,216df7b9-b09d-4719-8e54-ccbf8a9ae6ee,7,7,3,1,1,1,1,1,1
16 GPU,0,56e3a920-e1fe-4acb-ab88-ccad2e907409,11,11,4,1,1,1,1,1,1
16 GPU,0,32037ac4-d669-4a99-875a-c4f391e9138a,12,12,5,1,1,1,1,1,1
16 GPU,0,8451e2d7-b6a5-49b3-b94b-e952e518c265,0,0,0,0,0,0,0,0,0
16 GPU,0,3760a8d9-f230-4b16-a4b3-f441786a9d8c,49,49,15,1,1,1,1,1,1
16 GPU,0,4a08c86f-968a-48e4-b94f-9b369cf62662,94,94,30,1,1,1,1,1,1
16 GPU,0,ceb4867e-5d05-4357-b0ca-02898ef63729,47,47,19,1,1,1,1,1,1
16 GPU,0,344a6075-9d1a-40f2-b185-d6cc04ff2c02,4,4,4,1,1,1,1,1,1
16 GPU,0,04af9b5e-ef4f-411d-be69-5c90cf1bf3c0,18,18,13,1,1,1,1,1,1
16 GPU,0,a3cd5ce5-6e21-40b5-b51b-bffaabbeb400,1,1,1,1,1,1,1,1,1
16 GPU,0,97cdbeed-3599-45b6-b497-2d1b45e7b195,35,35,8,1,1,1,1,1,1
16 GPU,0,624b89c5-ae08-4970-852b-b2c875dcdfdb,38,38,14,1,1,1,1,1,1
16 GPU,0,2209e89b-5bcd-440b-acbe-eb0830ba13b7,23,23,11,1,1,1,1,1,1
16 GPU,0,ed3deb40-5c5b-4dde-a4d7-61a54f5b0e51,15,15,6,1,1,1,1,1,1
16 GPU,0,dcfd7d83-8a1d-4470-8771-e54a99eb3244,8,8,2,1,1,1,1,1,1
16 GPU,0,bf24d101-5958-439e-9cd0-58c7ccdce40c,11,11,2,1,1,1,1,1,1
16 GPU,0,c5d195b1-6808-40de-a887-bfca0f076055,19,19,8,1,1,1,1,1,1
16 GPU,0,0d75ffe8-cba9-4a0e-bb11-771ee06eb5f9,12,12,4,1,1,1,1,1,1
16 GPU,0,d8141136-ec42-4af8-a4b8-37705a9ab3c7,15,15,5,1,1,1,1,1,1
16 GPU,0,80e91597-82d0-4ec3-a407-b1e340831afd,28,28,3,1,1,1,1,1,1
16 GPU,0,fadab329-b651-450b-859c-7315a05bfd96,20,20,5,1,1,1,1,1,1
16 GPU,0,2f0cf7da-c3c2-43e3-a8cd-9ad9970d4bc6,7,7,6,1,1,1,1,1,1
16 GPU,0,4fbff507-de42-45e7-a549-0926352a375e,7,7,5,1,1,1,1,1,1
16 GPU,0,eb1ef14b-6d85-49ed-a213-18c59e227866,24,24,8,1,1,1,1,1,1
16 GPU,0,78cb4e5c-945c-4632-9c93-d210502c15c8,14,14,13,1,1,1,1,1,1
16 GPU,0,e77f835a-73f1-4a1a-a989-bb35ac260295,23,23,10,1,1,1,1,1,1
16 GPU,0,f8cce00b-c8d9-48db-b38c-8fd3bb83c2bb,16,16,6,1,1,1,1,1,1
16 GPU,0,a7fbb47c-5957-48ee-9cf4-23b404e03ee8,5,5,2,1,1,1,1,1,1
16 GPU,0,2c869e0b-b9cb-4141-a0dc-662754c59f75,58,58,13,1,1,1,1,1,1
16 GPU,0,4be338b0-5802-4498-93f0-00022908ffe2,8,8,4,1,1,1,1,1,1
16 GPU,0,1307669a-1ba8-4369-9679-ecea4636b13b,4,4,1,1,1,1,1,1,1
16 GPU,0,0c32356c-31fe-431d-bf77-9011287e4988,4,4,2,1,1,1,1,1,1
16 GPU,0,fab29128-825a-4e88-a934-f361ae4019f6,4,4,2,1,1,1,1,1,1
16 GPU,0,af536f1f-7705-493a-a371-f302e25a5c02,4,4,2,1,1,1,1,1,1
16 GPU,0,6e53a61f-123d-41d5-abda-e8ec22033aab,44,44,22,1,1,1,1,1,1
16 GPU,0,eda0797e-96cd-47ad-ba10-0c760f7c2f09,4,4,2,1,1,1,1,1,1
16 GPU,0,f5e1fe05-c330-4bc9-9079-1e607540d83a,4,4,2,1,1,1,1,1,1
16 GPU,0,6d046dbc-ea37-4e1e-b5e3-d57af1088f5a,4,4,4,1,1,1,1,1,1
16 GPU,0,67e4952a-f333-4977-9308-5392fe9ce7ce,15,15,5,1,1,1,1,1,1
16 GPU,0,3b814093-3ca8-412f-86bc-b744f0e71ec0,58,58,8,1,1,1,1,1,1
16 GPU,0,01b59c02-7a52-4076-b5fa-00137ea3d4b1,5,5,5,1,1,1,1,1,1
16 GPU,0,560ea32b-d79d-4822-825b-1412a384f5b8,42,42,5,1,1,1,1,1,1
16 GPU,0,2b9a5347-09f2-4a1d-a208-11cb6a922978,10,10,9,1,1,1,1,1,1
16 GPU,0,4332d2ff-85b1-4782-b555-d1afc7ec856f,2,2,2,1,1,1,1,1,1
16 GPU,0,8ee039f3-62a7-46b9-a596-060da065302f,59,59,7,1,1,1,1,1,1
16 GPU,0,b6221d21-eb3b-4e8d-8493-c82adc37bc9e,123,123,89,1,1,1,1,1,1
16 GPU,0,e7209e25-6d11-41e4-867e-606b9562db47,35,35,3,1,1,1,1,1,1
16 GPU,0,b64665da-b4fb-4185-a49a-1211a2436e44,49,49,13,1,1,1,1,1,1
16 GPU,0,047dc947-553a-4361-a6e5-3f6929136533,57,57,31,1,1,2,1,1,1
16 GPU,0,d073e32a-9b59-4144-b402-89f9273df6d6,5,5,2,1,1,1,1,1,1
16 GPU,0,92300bed-0b9a-49de-83e9-d54f2344ed06,9,9,5,1,1,1,1,1,1
16 GPU,0,5e849eda-70d7-4e18-aa66-8bb64ec234a2,95,95,29,1,1,1,1,1,1
16 GPU,0,0d3aecd7-e648-4a60-938c-9aafff381b75,13,13,12,1,1,1,1,1,1
16 GPU,0,1de32fe7-1a73-4d02-bedc-240799f20db3,25,25,10,1,1,1,1,1,1
16 GPU,0,7464e792-8680-47aa-8950-05990305754b,31,31,6,1,1,1,1,1,1
16 GPU,0,7ab6e900-2b2e-49d6-929f-8b4a71fc2b29,97,97,19,1,1,1,1,1,1
16 GPU,0,b68946e5-eb1e-44f3-8252-198b2360213c,0,0,0,0,0,0,0,0,0
16 GPU,0,2a814933-f9cb-4220-a90c-0dcc9c4f4aad,2,2,2,1,1,1,1,1,1
16 GPU,0,ebcb4dc3-ca2c-4885-a22f-b4c7845f94b6,1,1,1,1,1,1,1,1,1
16 GPU,0,5c6fc6e8-85ea-4de8-a2c5-0128a4339989,50,50,4,1,1,1,1,1,1
16 GPU,0,4f6c0d93-4719-4b85-ad23-6a714ce15964,0,0,0,0,0,0,0,0,0
16 GPU,0,ac905420-707b-4491-9d09-1a1e8bcd93f2,19,19,8,1,1,1,1,1,1
16 GPU,0,d80e999d-87db-47ca-ac8d-d3e139d6777d,4,4,4,1,1,1,1,1,1
16 GPU,0,b52feeaa-f650-42c1-897a-609771166b73,0,0,0,0,0,0,0,0,0
16 GPU,0,ca65941b-4c68-40e5-b8c0-fc19f5bffbad,0,0,0,0,0,0,0,0,0
16 GPU,0,7f192f22-1c31-42ef-92da-200f5a102409,55,55,8,1,1,1,1,1,1
16 GPU,0,80d5d61f-cbe0-4938-8071-9ee82d7daba9,25,25,12,1,1,1,1,1,1
16 GPU,0,ac703f59-d6d5-478e-8b37-28392741fb77,4,4,4,1,1,1,1,1,1
16 GPU,0,9ec251a9-6379-4a78-9403-ad0ed5cc0511,0,0,0,0,0,0,0,0,0
16 GPU,1,af6aca0e-05e7-4610-af84-251755d18e8a,34,34,19,1,1,1,1,1,1
16 GPU,1,54a7aead-c93d-48e4-a9ad-ed6ba387abf1,4,4,3,1,1,1,1,1,1
16 GPU,1,3651beaf-6da9-427d-acf4-30f79e8a669b,44,44,10,1,1,1,1,1,1
16 GPU,1,db00417f-b1c3-4cc9-92b4-fafec18a3c77,28,28,14,1,1,1,1,1,1
16 GPU,1,17d14d8d-f21b-427f-a0c0-7573fb7cf4d5,20,20,14,1,1,1,1,1,1
16 GPU,1,140090f7-17ee-464c-be3f-20fa54566f99,7,7,3,1,1,1,1,1,1
16 GPU,1,5c18f231-632c-43e5-a73e-c896414143bf,4,4,4,1,1,1,1,1,1
16 GPU,1,133a307e-9eaf-44bd-9d37-27e4cf6c8e23,9,9,3,1,1,1,1,1,1
16 GPU,1,bd85a251-252d-416a-b256-2665c30e5cad,97,97,13,1,1,1,1,1,1
16 GPU,1,19e35d91-575d-4a87-bc70-b99325609ecd,73,73,20,1,1,1,1,1,1
16 GPU,1,d75bf3bb-1ded-4f67-a95a-7ec64193e989,43,42,2,1,1,1,1,1,1
16 GPU,1,694c78a4-ffbb-4a72-ad4e-66c58ec88977,13,13,5,1,1,1,1,1,1
16 GPU,1,96499927-ef0b-4051-a9b8-cbdb6926c1cc,27,27,13,1,1,1,1,1,1
16 GPU,1,9d32b53c-a55f-4de2-a72e-57bec8000e80,61,61,22,1,1,1,1,1,1
16 GPU,1,45ef8a71-43da-403d-a0c1-ec07e48a2f5d,17,17,4,1,1,1,1,1,1
16 GPU,1,4318a850-0005-4ba0-b87d-1cf0d2aac0b1,64,64,29,1,1,1,1,1,1
16 GPU,1,39e370a7-8a40-4c9a-a978-364f346b3d47,1,1,1,1,1,1,1,1,1
16 GPU,1,abf0714f-b0dd-430f-a140-be4d0cbc2406,31,31,4,1,1,1,1,1,1
16 GPU,1,daba70a4-2dd3-42b0-8632-34e3dc94fdab,22,22,4,1,1,1,1,1,1
16 GPU,1,bfc72320-b8b0-4e03-aa64-3ee0f8729e2a,24,24,11,1,1,1,1,1,1
16 GPU,1,c7615bc5-d23d-4fce-b78b-9bbee9c5efaf,28,28,16,1,1,1,1,1,1
16 GPU,1,cdb3d9f2-e38e-4152-86db-e92bfc18291c,62,62,19,1,1,1,1,1,1
16 GPU,1,936e6ecf-5596-4cd9-ac81-b45896acbfa3,8,8,6,1,1,1,1,1,1
16 GPU,1,33d28bc4-6519-4ed4-96c9-ac5800b97b2e,25,25,9,1,1,1,1,1,1
16 GPU,1,4e508508-fff9-4392-a445-25b9634f94cf,6,6,2,1,1,1,1,1,1
16 GPU,1,c582c3ff-7357-4337-a6e6-d4899fb604f9,5,5,3,1,1,1,1,1,1
16 GPU,1,8a2e1620-fd2a-48ad-afb1-c9f37abe8085,2,2,2,1,1,1,1,1,1
16 GPU,1,bd6f5b14-d085-48cf-b50e-8d196fd5d281,34,34,20,1,1,1,1,1,1
16 GPU,1,6e00c618-0021-4de6-addb-421cb67d1242,31,31,6,1,1,1,1,1,1
16 GPU,1,846b7310-0796-4f14-a041-3c41eb7a2d0d,9,9,4,1,1,1,1,1,1
16 GPU,1,d667778d-7da9-4016-849c-21d5ae873614,37,37,9,1,1,1,1,1,1
16 GPU,1,5341368c-85a1-4c4d-a829-eaf7ce708a50,14,14,6,1,1,1,1,1,1
16 GPU,1,ad0f093a-7040-4b3f-9d6d-7faf1b9be74a,23,23,11,1,1,1,1,1,1
16 GPU,1,dfcebdf3-6e81-445d-9fe9-08e589a9bca9,85,85,36,1,1,1,1,1,1
16 GPU,1,2a99e3e5-71ce-4089-9f15-4844809954b3,102,102,20,1,1,1,1,1,1
16 GPU,1,04e438ca-7347-4b07-9e5f-3835a1bc2566,14,14,2,1,1,1,1,1,1
16 GPU,1,856cbb7e-5a79-4ca7-9c2f-3fd83d60d88d,22,22,5,1,1,1,1,1,1
16 GPU,1,2e7ad064-ada8-4037-8ed0-2dfd286b0391,85,85,43,1,1,1,1,1,1
16 GPU,1,a32710b6-d094-498a-a6d1-6ff93829ee1f,1,1,1,1,1,1,1,1,1
16 GPU,1,625bdc8e-1c7f-4d98-be5c-c30b32111d83,108,108,31,1,1,1,1,1,1
16 GPU,1,df0a8273-1294-4edd-99bf-5adf0776962e,11,11,10,1,1,1,1,1,1
16 GPU,1,2171d43a-097d-4ac1-a2a1-48a3e4fe35b2,8,7,4,1,1,1,1,1,1
16 GPU,1,7290ef93-aff0-4c39-9afa-a144ef7a6ec1,8,8,5,1,1,1,1,1,1
16 GPU,1,870029f2-b868-4206-b30b-7d6c0d254292,46,46,8,1,1,1,1,1,1
16 GPU,1,485a3a4f-cc6f-48e5-81b8-71ab286eb878,44,44,8,1,1,1,1,1,1
16 GPU,1,2c102991-6c2d-493b-b12a-13c5f2ba4bd2,9,9,8,1,1,1,1,1,1
16 GPU,1,498f065a-6e99-4a6d-88ca-c16abe20ec70,1,1,1,1,1,1,1,1,1
16 GPU,1,fdff0b80-d6da-4124-be9b-2f9d2ca2923c,2,2,2,1,1,1,1,1,1
16 GPU,1,c2de0680-887b-48ae-8399-5d3afdbc912c,24,24,4,1,1,1,1,1,1
16 GPU,1,71d5fed8-0072-4356-8434-3df24aa14086,13,13,7,1,1,1,1,1,1
16 GPU,1,c6f52a26-ec83-4dd7-94dd-eef982978374,27,27,14,1,1,1,1,1,1
16 GPU,1,6721f5ff-5995-4470-94cb-989548facf7a,14,14,5,1,1,1,1,1,1
16 GPU,1,538c8da2-1dd9-4725-9a1e-e9ef6f51c2c1,42,42,16,1,1,1,1,1,1
16 GPU,1,73175b4d-7e60-4bd4-867a-cb4639955211,3,3,2,1,1,1,1,1,1
16 GPU,1,8af9f062-3d21-43c7-86db-cc107d70c2ea,81,81,24,1,1,1,1,1,1
16 GPU,1,e9191618-fa49-4786-be1c-5f87d07a84ea,18,18,6,1,1,1,1,1,1
16 GPU,1,64e35787-cdd3-41e5-9814-1d2c475a954c,11,11,4,1,1,1,1,1,1
16 GPU,1,54d627b3-f13a-4260-bd36-040594d8c67e,6,6,5,1,1,1,1,1,1
16 GPU,1,24320274-684c-43d6-b620-0b1caa01f308,4,4,3,1,1,1,1,1,1
16 GPU,1,73c4921d-04b2-4da1-b6cf-ebc0fee0d849,0,0,0,0,0,0,0,0,0
16 GPU,1,9b5e049c-2ef8-4190-9e23-c1f70aa98b23,4,4,3,1,1,1,1,1,1
16 GPU,1,58f7ab83-44af-4df1-8314-d731b2a9e765,10,10,9,1,1,1,1,1,1
16 GPU,1,d0e8fdbd-63a4-45f1-ace5-5bfc0c7ee99f,4,4,3,1,1,1,1,1,1
16 GPU,1,eccc4ede-1093-4d8f-80bf-2c2e9c2cf78d,3,3,3,1,1,1,1,1,1
16 GPU,1,ab34d97d-d3dc-41fc-b0e6-4959979ae246,11,11,6,1,1,1,1,1,1
16 GPU,1,4ec138af-69fa-43a9-a29d-8f4dd788e872,10,10,6,1,1,1,1,1,1
16 GPU,1,2309258a-a0d5-4a82-bba0-577d8a930435,6,6,5,1,1,1,1,1,1
16 GPU,1,c1d1e33a-3544-42d2-abfb-e900de092b2c,26,26,14,1,1,1,1,1,1
16 GPU,1,75d78a11-d090-459e-88c9-92b2b2adb7ef,21,21,3,1,1,1,1,1,1
16 GPU,1,c3be39d4-b015-49e2-b4a7-a07ae0098130,82,82,37,1,1,1,1,1,1
16 GPU,1,714ccca6-70b5-461f-a7e2-3c4b69c35497,21,21,11,1,1,1,1,1,1
16 GPU,1,7cf46c82-a2b5-4da6-82f9-3c6bc4dccc1a,12,12,4,1,1,1,1,1,1
16 GPU,1,b4931500-ae6b-464b-a33a-1af042838411,29,29,16,1,1,1,1,1,1
16 GPU,1,e8ed3482-1068-4c42-9518-4429a9daa934,58,58,14,1,1,1,1,1,1
16 GPU,1,1fc4c2a2-e38e-4e7c-9872-87d5aee597a7,45,45,7,1,1,1,1,1,1
16 GPU,1,008d6374-ca9b-4b37-93c5-14bcfa64a5c4,2,2,2,1,1,1,1,1,1
16 GPU,1,3c3be644-f5a8-4fb0-8c62-ef11ee855ab3,16,16,6,1,1,1,1,1,1
16 GPU,1,dea8e2ba-3d63-4a97-951e-0d69016dde68,17,17,9,1,1,1,1,1,1
16 GPU,1,ff96703b-0b8b-445d-a416-2ee1ae63f5e1,4,4,2,1,1,1,1,1,1
16 GPU,1,39f885c2-6389-4a73-b237-709b153f6b04,12,12,7,1,1,1,1,1,1
16 GPU,1,dfcd8ce2-2399-45d8-813c-cfc68cf8a725,5,5,1,1,1,1,1,1,1
16 GPU,1,0e2ab03b-cc23-4595-b2db-eba60b059d33,9,9,3,1,1,1,1,1,1
16 GPU,1,614aed9b-7f82-45ad-96d9-1c921780a9d3,6,5,1,1,1,1,1,1,1
16 GPU,1,79b5f96a-1070-4910-bdc9-85a29543b696,1,1,1,1,1,1,1,1,1
16 GPU,1,46192558-51ce-41df-8e41-25a86b24ebf7,36,36,8,1,1,1,1,1,1
16 GPU,1,0d39efd6-221b-4179-8ea8-a073880e51ba,8,8,3,1,1,1,1,1,1
16 GPU,1,3142e560-af0c-4078-a27c-ad5ec5a858d1,5,5,3,1,1,1,1,1,1
16 GPU,1,3ef96f9b-e001-4945-aa1c-3c95e5bfb0cf,30,30,9,1,1,1,1,1,1
16 GPU,1,39ecb20f-9923-4ed1-8e38-6407d1437012,32,32,13,1,1,1,1,1,1
16 GPU,1,632948f2-6044-4100-b83d-4da5af99c25a,15,15,5,1,1,1,1,1,1
16 GPU,1,c7618d61-de9d-414f-8182-47e70fc8764d,1,1,1,1,1,1,1,1,1
16 GPU,1,c0dcc993-760d-4aaf-8f4e-5f054fbad0d8,1,0,1,0,0,0,1,1,1
16 GPU,1,ccb14e71-73de-4fc7-9e17-df83530967be,47,47,16,1,1,1,1,1,1
16 GPU,1,2563f383-f8ae-4687-b59d-8d5b8344a4af,36,36,21,1,1,1,1,1,1
16 GPU,1,874c528c-88e1-474e-bf4a-c488dcac91c8,7,7,2,1,1,1,1,1,1
16 GPU,1,258d99ee-76b6-4f89-88ba-897a0565a1de,37,37,7,2,2,2,1,1,1
16 GPU,1,174eec4b-5153-49ca-8fc4-e52d5b3e0110,104,104,27,1,1,1,1,1,1
16 GPU,1,5a7bd117-f122-436e-962a-f6e1b373a87a,11,11,7,1,1,1,1,1,1
16 GPU,1,323026f4-9e39-46ea-8bfb-a0cf5adbfdfe,62,62,11,1,1,1,1,1,1
16 GPU,1,10433c67-95b1-44a7-b347-0abf751af168,4,4,3,1,1,1,1,1,1
16 GPU,1,91bccd85-3465-4521-b38b-41e94aa8e25a,56,56,28,1,1,1,1,1,1
16 GPU,1,ac09b95a-0131-4092-a50c-2a320c18e0fb,25,25,7,1,1,1,1,1,1
16 GPU,1,71706ef1-06d0-47b5-9b09-91483a9d3f02,31,31,5,1,1,1,1,1,1
16 GPU,1,f3a9757d-20c4-49a0-9aa0-c777f547112b,43,43,10,1,1,1,1,1,1
16 GPU,1,36a4dd8a-c31d-44fc-8ecd-6fd79b339ef8,5,5,2,1,1,1,1,1,1
16 GPU,1,c2efc967-8a93-4798-a1f0-e596b8ec3e8e,58,58,23,1,1,1,1,1,1
16 GPU,1,9c41eae5-0e7e-4c03-b940-0221ae90d61e,16,16,2,1,1,1,1,1,1
16 GPU,1,e8654ff3-4817-49f1-a2f3-fb058aa535c1,20,20,4,1,1,1,1,1,1
16 GPU,1,db9d9a71-04dd-49d3-bf26-ffc5dc6ae7ab,18,18,11,1,1,1,1,1,1
16 GPU,1,48e35a37-fd5f-47de-8c63-37b93d75e91b,2,2,2,1,1,1,1,1,1
16 GPU,1,9cd155ff-35c9-4138-981f-aa86b596c2ae,32,32,18,1,1,1,1,1,1
16 GPU,1,9bb97ec5-735c-4910-8f26-e220cd76f393,22,22,11,1,1,1,1,1,1
16 GPU,1,c6f4a8b4-661e-4495-b807-867c27cd4ebc,18,17,3,1,1,1,1,1,1
16 GPU,1,87ef8b6a-f4d5-4963-baef-d46cb82adc59,2,2,2,1,1,1,1,1,1
16 GPU,1,00c6eaec-ce14-4511-b551-24cf5d10df07,43,43,12,1,1,1,1,1,1
16 GPU,1,0d77909a-49f5-4c48-9364-2cc20e0626ee,38,38,16,1,1,1,1,1,1
16 GPU,1,328d87d0-15fd-4bde-a249-7d081ef1ab60,8,8,3,1,1,1,1,1,1
16 GPU,1,daf96ed5-aa2c-429d-ac04-96762a83c322,1,0,1,0,0,0,1,1,1
16 GPU,1,a4bdf038-9d91-4abb-b78d-0a7b7916b6b2,27,27,19,1,1,1,1,1,1
16 GPU,1,583ace6f-3e79-49b5-8d03-9141fd8ea606,27,27,12,1,1,1,1,1,1
16 GPU,1,27caeb70-bdd6-4323-a554-c42495af6fac,30,30,8,1,1,1,1,1,1
16 GPU,1,d1e8d6c4-fed9-4971-bef7-4eca39b5ec95,35,35,11,1,1,1,1,1,1
16 GPU,1,7d8c4c6f-0923-4593-8fb7-8d3a3359de55,8,8,3,1,1,1,1,1,1
16 GPU,1,d361f65a-8c17-44e6-a199-cc5e49b79976,22,22,5,1,1,1,1,1,1
16 GPU,1,3772ae8c-773b-4f79-a43b-b04c0ee98d11,23,23,8,1,1,1,1,1,1
16 GPU,1,7352fcfb-8d0b-4d6a-81ea-def4a48c30bc,17,17,12,1,1,1,1,1,1
16 GPU,1,1003595d-fc39-4183-9f2a-88c92e460e3e,31,31,6,1,1,1,1,1,1
16 GPU,1,014b9da4-0b04-4e52-9c55-88dbbc222cd8,15,15,1,1,1,1,1,1,1
16 GPU,2,66fe608e-2021-4ff3-b98f-8ee1673100c9,17,17,5,1,1,1,1,1,1
16 GPU,2,7be38783-3517-41f8-800a-748ef437e0e8,53,53,6,1,1,1,1,1,1
16 GPU,2,dd03ba32-9f54-497c-9f8c-8d5f8d3c2586,1,1,1,1,1,1,1,1,1
16 GPU,2,c2fcca84-2629-4b44-bcc7-08119bd553e4,30,30,13,1,1,1,1,1,1
16 GPU,2,320b2d29-cd56-4c26-8df7-34c8386096a3,4,4,3,1,1,1,1,1,1
16 GPU,2,1e597faa-dbb4-4228-9a14-84a35b13cee0,5,5,4,1,1,1,1,1,1
16 GPU,2,b50927c3-c056-47bd-b900-115f16e4d4b4,4,4,3,1,1,1,1,1,1
16 GPU,2,1d500641-e453-4252-8d7c-2e3663c6e6b9,4,4,3,1,1,1,1,1,1
16 GPU,2,6759e781-a4c8-439d-8a8d-89243e79b469,27,27,13,1,1,1,1,1,1
16 GPU,2,2687663b-b8b5-41e6-8883-df6d498a8d60,27,27,10,1,1,1,1,1,1
16 GPU,2,0bb1f162-1505-4550-9873-16b871b41fca,16,16,3,1,1,1,1,1,1
16 GPU,2,6523650f-b706-4642-b784-fc66d88f2032,37,37,8,1,1,1,1,1,1
16 GPU,2,c7c2fae5-565a-4d9a-af36-c3bd3f233d9f,11,11,5,1,1,1,1,1,1
16 GPU,2,fe8dc55c-fde2-431e-b154-60ff20eb5034,32,32,8,1,1,1,1,1,1
16 GPU,2,f2c42a33-0a75-4204-92f0-4eabfaf5022c,18,18,3,1,1,1,1,1,1
16 GPU,2,0ee36af1-ad8a-4529-ad1d-c12d81619cf6,16,16,15,1,1,1,1,1,1
16 GPU,2,98d5f081-7726-4bcb-bdc1-8fa7d024ec7e,16,16,14,1,1,1,1,1,1
16 GPU,2,9355a06a-bbb9-4bce-909f-7a5755d69a30,53,53,30,1,1,1,1,1,1
16 GPU,2,82688745-adc3-4fa5-9ca7-32b42471c2d6,4,4,3,1,1,1,1,1,1
16 GPU,2,5d742a0f-ea07-4a17-8968-8f3d7ad4aa04,8,8,7,1,1,1,1,1,2
16 GPU,2,45b88565-80f8-4fbe-8f5a-5dec33952b74,4,4,4,1,1,1,1,1,1
16 GPU,2,9578803e-afaa-4228-8e86-1f08ac9df8c9,4,4,3,1,1,1,1,1,1
16 GPU,2,6bca93cf-a9ce-487f-840e-7cba02cc1229,8,8,7,1,1,1,1,1,1
16 GPU,2,4c92a6c2-075e-4df0-98f1-b37525b0111f,55,55,18,1,1,1,1,1,1
16 GPU,2,ca1413d0-8612-41b0-9a11-f641fc020ac8,4,4,3,1,1,1,1,1,1
16 GPU,2,88600658-33e7-4837-b834-e7fb023ac36f,4,4,3,1,1,1,1,1,1
16 GPU,2,47095fcb-3f73-4735-abde-411ce5847bcb,6,6,4,1,1,1,1,1,1
16 GPU,2,cd773a28-8d8f-4d7a-a0a3-494c2418c280,7,7,4,1,1,1,1,1,1
16 GPU,2,da3e4311-9380-4b53-89a0-04688254fe31,5,5,2,1,1,1,1,1,1
16 GPU,2,7e0ae754-9cab-4cf4-9115-3d33ca44de49,12,12,5,1,1,1,1,1,1
16 GPU,2,33ec51c8-4a8a-4e13-925a-03ee7c993ac0,5,5,2,1,1,1,1,1,1
16 GPU,2,22a734ed-5bcc-4afd-9dc0-f7b27ef088ed,5,5,2,1,1,1,1,1,1
16 GPU,2,0b2c2d2b-73f6-42e5-89ee-472c2cf9f023,4,4,3,1,1,1,1,1,1
16 GPU,2,6bcc8a6f-7a87-4ce3-9a4a-55fcb93c6343,12,12,3,1,1,1,1,1,1
16 GPU,2,7cff8c5f-7c75-49e0-955c-547c30be0446,4,4,3,1,1,1,1,1,1
16 GPU,2,0dcf5e88-6e96-4111-b6b1-e30ae8556e0d,4,4,3,1,1,1,1,1,1
16 GPU,2,7d23a557-f9ac-4a15-a517-c30a8bc83b45,1,1,1,1,1,1,1,1,1
16 GPU,2,ee8f7a75-700d-445f-b231-5a43f47e8a57,4,4,3,1,1,1,1,1,1
16 GPU,2,0062c015-984f-4c0b-8001-50dc922fc310,32,32,12,1,1,1,1,1,1
16 GPU,2,2fbc74fa-b617-4fdc-ac22-7b53e88e2f23,4,4,3,1,1,1,1,1,1
16 GPU,2,124bfd74-6b74-4865-85dd-329aa4d06587,53,53,10,1,1,1,1,1,1
16 GPU,2,b29d7ab3-0ac8-4b7b-aa9a-4fc566b79023,38,38,10,1,1,1,1,1,1
16 GPU,2,7404059f-50c3-41f3-b75d-68f1bc930abd,46,46,27,1,1,1,1,1,1
16 GPU,2,4f2a0af0-7bb8-46a7-a720-f0a61816c11d,7,7,3,1,1,1,1,1,1
16 GPU,2,5db0446f-9ed2-4ad9-9b94-bf6d626eb670,10,10,5,1,1,1,1,1,1
16 GPU,2,b3aea77f-a49c-4149-95f1-6d2b9b67d8e8,16,16,5,1,1,1,1,1,1
16 GPU,2,d15f7b49-ffda-4925-a97b-e033044fc0ac,22,22,10,1,1,1,1,1,1
16 GPU,2,3c4e2ad4-2075-4e5f-8302-bf63eed7759d,6,6,2,1,1,1,1,1,1
16 GPU,2,5486bbf1-3f9e-4767-8b20-002832989790,16,16,5,1,1,1,1,1,1
16 GPU,2,247c578d-f4ab-4179-b787-b6b502598b66,4,4,2,1,1,1,1,1,1
16 GPU,2,fb0fe4c6-49fe-4cb3-b083-35f32b93c74b,18,18,8,1,1,1,1,1,1
16 GPU,2,fd57656f-0374-4ee6-a3b9-c0de6cd9f1ce,3,3,2,1,1,1,1,1,1
16 GPU,2,ee4a14f8-29f3-4d1d-8335-ec34ff07abcb,37,37,18,1,1,1,1,1,1
16 GPU,2,f285e39d-2f57-4f46-a26d-48fc4804d219,3,3,2,1,1,1,1,1,1
16 GPU,2,e315be13-7ff3-4022-8917-c94f1f573442,32,32,9,1,1,1,1,1,1
16 GPU,2,f65a0d23-3c7f-417c-908b-99aea2aabdaa,43,43,19,1,1,1,1,1,1
16 GPU,2,93aa92a1-f2ad-474f-8f0d-dcb7a18300b1,3,3,3,1,1,1,1,1,1
16 GPU,2,bf012f2e-367d-4691-a49c-b2c4da48013b,57,57,17,1,1,1,1,1,1
16 GPU,2,9cf0a17a-f4f6-49a5-9017-b4822eccf62a,31,31,6,1,1,1,1,1,1
16 GPU,2,c3999069-d6f6-4729-8888-1230b75418c1,27,27,5,1,1,1,1,1,1
16 GPU,2,8055ab28-6ef5-4057-b633-c832acd9da93,38,38,13,1,1,1,1,1,1
16 GPU,2,39745eb4-0a05-420d-b525-d329b092bbb5,22,22,13,1,1,1,1,1,1
16 GPU,2,66ebf657-eb61-4a33-a131-964f057dcf72,24,24,5,1,1,1,1,1,1
16 GPU,2,5e2a3a9d-cd2c-4dcb-a858-ac1d492411d3,49,49,20,1,1,1,1,1,1
16 GPU,2,6076d87a-8619-4bc9-84ef-ae2c571251c3,14,14,4,1,1,1,1,1,1
16 GPU,2,52434056-8eb9-4df3-b584-c1cb2e9334b2,6,6,3,1,1,1,1,1,1
16 GPU,2,9c189a40-6d81-4f59-81df-93944e2825c4,7,7,4,1,1,1,1,1,1
16 GPU,2,50ad408b-522f-432a-bd6e-d56b550417ce,11,11,8,1,1,1,1,1,1
16 GPU,2,bb6bb070-c03c-4972-9ad3-6296d3f06251,8,8,3,1,1,1,1,1,1
16 GPU,2,5f83e348-a19b-4a94-8bd1-ae2f9fbca4c3,13,13,4,1,1,1,1,1,1
16 GPU,2,6862df23-b152-4674-af87-0573ec5031ff,3,3,2,1,1,1,1,1,1
16 GPU,2,3bc213d8-721a-4305-80ca-f6b1a7b7e66d,8,8,4,1,1,1,1,1,1
16 GPU,2,5e31adcd-5d0d-4147-a0cb-acdbc9a2bb04,8,8,3,1,1,1,1,1,1
16 GPU,2,4ce3b24a-b7c5-49db-9985-d52add91ac41,14,14,7,1,1,1,1,1,1
16 GPU,2,93ea4113-82e4-4b43-aa04-730d04fbb597,42,42,22,1,1,1,1,1,1
16 GPU,2,df607dba-7c00-4705-8301-5a2d4e78e5b7,2,2,2,1,1,1,1,1,1
16 GPU,2,a728e6b7-df73-43d4-9be2-6b08af035cad,23,23,12,1,1,1,1,1,1
16 GPU,2,a38f7221-fc68-4d93-b404-0bed6b3a3e42,10,10,2,1,1,1,1,1,1
16 GPU,2,8e550768-7f66-4467-853f-f10bf15affc7,12,12,4,1,1,1,1,1,1
16 GPU,2,20b8b879-58e8-4dda-a88c-a7bac0237a3b,6,6,1,1,1,1,1,1,1
16 GPU,2,fb9eff91-dc99-4cf3-8d9d-54c598c114d3,50,50,27,1,1,1,1,1,1
16 GPU,2,63ea6e5e-a7e5-4f99-bf5e-3509e45596ea,58,58,20,1,1,1,1,1,1
16 GPU,2,6ecffb2d-2a58-496b-af36-703f9fee8abd,82,82,28,1,1,1,1,1,1
16 GPU,2,2882031e-bd69-46f5-b2dc-2fd970bde68d,16,16,4,1,1,1,1,1,1
16 GPU,2,452248e2-c506-408f-b57a-6a15eed9ba42,16,16,11,1,1,1,1,1,1
16 GPU,2,b24e3d38-5b63-4d0c-a6ef-f5e234150f03,52,52,22,1,1,1,1,1,1
16 GPU,2,c945806c-0762-4fb6-8596-447a6cdfb225,1,1,1,1,1,1,1,1,1
16 GPU,2,cb8925b2-52bf-4788-ae1f-674a70a5e311,18,18,10,1,1,1,1,1,1
16 GPU,2,07cb95a5-5d8f-4bd4-94b7-8d51cb89bf4d,9,9,3,1,1,1,1,1,1
16 GPU,2,524f43cf-ca23-4701-91be-76e0959a2cb2,5,5,2,1,1,1,1,1,1
16 GPU,2,899576db-86c5-4f46-8121-5cff487a9c66,5,5,2,1,1,1,1,1,1
16 GPU,2,19adecb5-2b3d-4694-8b67-d345c8041fbd,32,32,9,1,1,1,1,1,1
16 GPU,2,722d6a76-3609-49cc-b7f0-ee95ad27b682,5,5,2,1,1,1,1,1,1
16 GPU,2,f307211e-d457-4fa3-a032-83d9bba43f45,5,5,2,1,1,1,1,1,1
16 GPU,2,bc6b335d-6544-49ae-8c9d-3cfa90fa98ff,5,5,2,1,1,1,1,1,1
16 GPU,2,a5cfd857-4480-41c3-9451-e9444d965d47,6,6,3,1,1,1,1,1,1
16 GPU,2,d5fe4ba7-d2de-48a3-af2e-4292547b6a05,36,36,6,1,1,1,1,1,1
16 GPU,2,d4652fa3-4666-49c7-893c-44787b73c72b,37,37,7,1,1,1,1,1,1
16 GPU,2,05e28b06-02a3-4fa1-ac37-a506cddf1521,50,50,12,1,1,1,1,1,1
16 GPU,2,7f650910-f11d-4fe0-9883-380be448d571,22,22,7,1,1,1,1,1,1
16 GPU,2,6a13a769-dcc6-40c6-9750-d01a06e8c278,6,6,4,1,1,1,1,1,1
16 GPU,2,0e584e8e-d7f1-4d3e-a6d1-7860299d488b,9,9,2,1,1,1,1,1,1
16 GPU,2,dcef80c2-26f8-4268-af94-b2402bb0daf3,14,14,6,1,1,1,1,1,1
16 GPU,2,9b3d1076-c6d8-47f3-aa28-09158a945b7a,10,10,3,1,1,1,1,1,1
16 GPU,2,c31939b2-0876-4c4d-97cb-5797e2eb8024,20,20,15,1,1,1,1,1,1
16 GPU,2,05e2dbfc-3292-4156-a0bf-a73fafc5440f,14,14,8,1,1,1,1,1,1
16 GPU,2,59981ffa-39bc-45ac-9904-89093b98d9ab,10,10,6,1,1,1,1,1,1
16 GPU,2,369ed719-c9a9-45f0-b748-7802c9bfe21e,6,6,4,1,1,1,1,1,1
16 GPU,2,d05f397c-6be1-4594-8245-c424392dc10c,43,43,19,1,1,1,1,1,1
16 GPU,2,1e670411-a9c7-4a34-8a8d-9cc957af8fd7,16,16,4,1,1,1,1,1,1
16 GPU,2,28d8106f-352f-4af6-9ea1-81f2d2e739cf,17,17,5,1,1,1,1,1,1
16 GPU,2,a3fe50b2-1799-40c3-b62c-efa5102d22ac,9,9,6,1,1,1,1,1,1
16 GPU,2,bd10c1ef-525c-4071-95ab-e8ff0eec5db8,5,5,1,1,1,1,1,1,1
16 GPU,2,9b1db595-6e57-468e-9678-aca635dbbfae,6,6,2,1,1,1,1,1,1
16 GPU,2,867fd4c0-8740-48f4-bb45-b80cc7430ee5,5,5,3,1,1,1,1,1,1
16 GPU,2,02234b01-a760-416c-964b-0e1ed7bcb3e6,7,7,3,1,1,1,1,1,1
16 GPU,2,6f753882-10fc-44f4-92da-f1502d277ddf,35,35,5,1,1,1,1,1,1
16 GPU,2,195b7471-9062-4235-ae5d-9b68b502df04,5,5,3,1,1,1,1,1,1
16 GPU,2,2d19ee19-df9b-4374-8b07-1af318d77450,4,4,2,1,1,1,1,1,1
16 GPU,2,629aef77-d24f-4cae-ab11-31188b23fa7b,8,8,3,1,1,1,1,1,1
16 GPU,2,43517776-d6ee-4343-b3db-b4e60531c383,15,15,6,1,1,1,1,1,1
16 GPU,2,5ca21840-6fa0-4a18-81e9-d396f3d6a121,6,6,5,1,1,1,1,1,1
16 GPU,2,159f7611-d135-4f54-a43b-e5ef97b9ea69,19,19,8,1,1,1,1,1,1
16 GPU,2,a397103b-2ef1-4d90-b1fc-7c11074845b1,20,20,11,1,1,1,1,1,1
16 GPU,2,08552e02-dd71-4c94-845a-172fb0814983,5,5,4,1,1,1,1,1,1
16 GPU,2,01529e84-f23a-47df-9261-cebc4f16c05d,7,7,7,1,1,1,1,1,1
16 GPU,2,89b03ff2-bb0d-4337-b055-a0e385dd12b5,39,39,17,1,1,1,1,1,1
16 GPU,2,24f2b4ec-88fc-46fe-bc18-b500f9424f74,24,24,5,1,1,1,1,1,1
16 GPU,3,d7d25fd4-69ff-4b77-aaac-73e14dcf723a,4,4,3,1,1,1,1,1,1
16 GPU,3,702c6e84-8b13-4e4c-98ba-ca202bedd01e,6,6,5,1,1,1,1,1,1
16 GPU,3,cfc57d70-bebb-41a2-a30e-7b5e54255e75,4,4,3,1,1,1,1,1,1
16 GPU,3,8012db64-4394-46d0-821c-c604742b0870,4,4,3,1,1,1,1,1,1
16 GPU,3,51a5f3b9-6a81-4256-bd37-485911968021,118,118,43,1,1,1,1,1,1
16 GPU,3,44813939-e428-42f7-b786-ab44842c8f16,29,29,8,1,1,1,1,1,1
16 GPU,3,8f91878d-1108-465b-9e4c-e76a0174eeac,14,14,9,1,1,1,1,1,1
16 GPU,3,8b61d2f2-1865-40fd-84b1-54eeeeb90ed3,111,111,43,1,1,1,1,1,1
16 GPU,3,bff3531f-e50d-49ea-b8c9-ad29879a0cba,48,48,16,1,1,1,1,1,1
16 GPU,3,fa868d4b-c346-4939-a421-b0e557b966f7,51,51,21,1,1,1,1,1,1
16 GPU,3,5185654a-b7a5-4501-9e0f-fa5030eae8a7,54,54,1,1,1,1,1,1,1
16 GPU,3,6bbbb32f-2c8a-441a-919f-c835a209e60b,19,19,8,1,1,1,1,1,1
16 GPU,3,eb55f5cc-2001-4b6f-a659-d67acc491e5c,18,18,5,1,1,1,1,1,1
16 GPU,3,428755f3-a3a9-467b-9363-14eb49625e7f,5,5,3,1,1,1,1,1,1
16 GPU,3,626774a0-2a15-45f2-a9ae-f8f356661fe9,11,11,7,1,1,1,1,1,1
16 GPU,3,958fcfd9-6c69-469b-a658-74bc1fb287ec,19,19,6,1,1,1,1,1,1
16 GPU,3,6e96332e-a6af-4958-bcc2-1302b8b350cc,38,38,11,1,1,1,1,1,1
16 GPU,3,fca89fd7-d5ab-489a-8303-e73e54e6d218,8,8,3,1,1,1,1,1,1
16 GPU,3,64af70dc-8eb5-4eaf-afba-736cb1ea4e26,6,6,3,1,1,1,1,1,1
16 GPU,3,8c65e80e-18ed-4404-a29d-8e8e9ebef880,2,2,2,1,1,1,1,1,1
16 GPU,3,95c0cccd-f4cc-44d9-bf87-ac3998f7fed9,11,11,6,1,1,1,1,1,1
16 GPU,3,8b805514-6f58-49b8-a340-aa3ad8f8c03e,19,19,6,1,1,1,1,1,1
16 GPU,3,720eadcf-5328-42ce-a60c-01ef7b95eaf1,14,14,3,1,1,1,1,1,1
16 GPU,3,aaa183ca-d5f1-4093-97d4-b8c087a7b11c,10,10,4,1,1,1,1,1,1
16 GPU,3,f2cba3b6-05f9-4ee0-932f-e8b0d4bda382,46,46,17,1,1,1,1,1,1
16 GPU,3,4e61b076-58c0-4131-a498-a586c9561d5b,6,6,2,1,1,1,1,1,1
16 GPU,3,64c5f860-6163-49d0-98d9-d23e367c2d0b,11,11,6,1,1,1,1,1,1
16 GPU,3,903513b6-40b1-4e12-8ddc-19078622425a,59,59,14,1,1,1,1,1,1
16 GPU,3,8ffbfa27-842b-43ee-bf03-14a359ec236f,50,50,21,1,1,1,1,1,1
16 GPU,3,83478e12-56d7-4818-929d-f1fe3f2e6956,27,27,13,1,1,1,1,1,1
16 GPU,3,cb80e358-e416-47f2-bb66-19913e5f6b85,21,21,10,1,1,1,1,1,1
16 GPU,3,10ceb144-ff9d-4e94-a8ef-35dc76c311b1,50,50,18,1,1,1,1,1,1
16 GPU,3,eea5f11a-39ed-4746-9ffb-9a0b6f431364,8,8,3,1,1,1,1,1,1
16 GPU,3,d7f1afbb-2c36-4280-a032-2177b2a18575,16,16,2,1,1,1,1,1,1
16 GPU,3,7bb15662-d72a-4dfe-bb53-85bf73739f4a,8,8,3,1,1,1,1,1,1
16 GPU,3,86d86555-3871-4981-8cad-3ca3186a1db5,14,14,3,1,1,1,1,1,1
16 GPU,3,d9af5fa4-adfa-48ef-b9ff-7b276d0253d6,11,11,4,1,1,1,1,1,1
16 GPU,3,fa8eefa2-d124-411d-976e-477ae1c4a0ad,22,22,4,1,1,1,1,1,1
16 GPU,3,678cce43-f3f9-44e5-a92c-5d40cb1227f7,11,11,8,1,1,1,1,1,1
16 GPU,3,15f4a790-eaf8-42f9-91bd-e1a6aeb719cd,8,8,3,1,1,1,1,1,1
16 GPU,3,909ac97b-57f2-4b6c-9d0c-2ae1761f851c,4,4,3,1,1,1,1,1,1
16 GPU,3,77510857-db0e-4a6d-b288-3428ec32266a,5,5,5,1,1,1,1,1,1
16 GPU,3,30efd514-93d3-419b-9f79-a66b033bc6cf,2,2,2,1,1,1,1,1,1
16 GPU,3,562f7b09-118f-4fa1-80aa-f9931a964312,10,10,4,1,1,1,1,1,1
16 GPU,3,68ed94da-169b-4715-aa3e-551511be3490,2,2,2,1,1,1,1,1,1
16 GPU,3,d42f4173-89cc-4358-8860-04831ceb02cb,5,5,2,1,1,1,1,1,1
16 GPU,3,466e6590-8148-4715-aa95-eae494479631,5,5,2,1,1,1,1,1,1
16 GPU,3,11c32f89-7530-498a-8da3-8a4a012f0a43,8,8,2,1,1,1,1,1,1
16 GPU,3,2b2e5069-60f2-4eda-a2e6-7df87249d02a,8,8,6,1,1,1,1,1,1
16 GPU,3,38365ab1-aa1e-4f2d-9d49-148a954aaa90,77,77,38,1,1,1,1,1,1
16 GPU,3,d996e0d3-20ff-40b8-a750-038a96c97557,111,111,38,1,1,1,1,1,1
16 GPU,3,b74b42d0-42e3-4590-9577-dad6720e8f9f,20,20,6,1,1,1,1,1,1
16 GPU,3,58271e11-563c-4e14-8a78-9c50986aa007,111,111,53,1,1,1,1,1,1
16 GPU,3,adddb7c5-af9d-4779-aa3b-53fc17b08a18,78,78,19,1,1,1,1,1,1
16 GPU,3,eaa0b084-ab6a-47fd-94a3-66b44dc7cf2e,13,13,4,1,1,1,1,1,1
16 GPU,3,839908be-fb1a-43d0-ac1c-465730dfae1a,27,27,6,1,1,1,1,1,1
16 GPU,3,264e1733-dc62-4c79-9ca3-0c653ebc0286,49,49,12,1,1,1,1,1,1
16 GPU,3,1057d0dd-b57d-4240-b8e9-9b72fdb3926d,4,4,2,1,1,1,1,1,1
16 GPU,3,6fd58096-cbc6-486e-a945-df59a14a4560,10,10,4,1,1,1,1,1,1
16 GPU,3,a41636c5-05b8-41ed-b487-87fa8b794c3c,9,9,3,1,1,1,1,1,1
16 GPU,3,e371ecc9-f255-42bb-a20f-707d20208117,6,6,4,1,1,1,1,1,1
16 GPU,3,523e1c67-21c0-4fb3-98bf-468d4fe19906,5,5,2,1,1,1,1,1,1
16 GPU,3,4248345b-c62f-4c22-8b7d-c06f3a8def54,9,9,2,1,1,1,1,1,1
16 GPU,3,e6d5c124-58f6-44cf-94c9-9e8278fed236,12,12,2,1,1,1,1,1,1
16 GPU,3,5b2ee803-9e8c-4b01-85c7-ba2f2771bc29,30,30,7,1,1,1,1,1,1
16 GPU,3,a2fed9e7-8f94-4f52-b95b-fbd98c7d343b,9,9,2,1,1,1,1,1,1
16 GPU,3,b0f6f524-693d-4e8d-bee4-5f606ac2291d,7,7,4,1,1,1,1,1,1
16 GPU,3,2811f668-b74d-4790-9d63-d516b57b4a7d,8,8,2,1,1,1,1,1,1
16 GPU,3,a057c509-7d45-42a0-a9a0-df3a3725315b,37,37,11,1,1,1,1,1,1
16 GPU,3,c46b7214-0675-469d-b486-9e7ced85013d,14,14,4,1,1,1,1,1,1
16 GPU,3,99b4025c-7171-4c3b-af3c-df84b309d419,31,31,13,1,1,1,1,1,1
16 GPU,3,6c7d87ec-c04b-431e-9471-7027e9a87cc5,8,8,2,1,1,1,1,1,1
16 GPU,3,e6e78a06-7f21-4d4e-948d-b7fdaeb9d0a6,4,4,4,1,1,1,1,1,1
16 GPU,3,c01093eb-3555-4734-a39f-5b4e46b26544,36,36,11,1,1,1,1,1,1
16 GPU,3,83b53d0f-e5e3-4300-acac-9ad7992c0ffe,26,26,10,1,1,1,1,1,1
16 GPU,3,522b6a2c-25d7-4e26-906f-d758e9976d73,48,48,18,1,1,1,1,1,1
16 GPU,3,182ef3c3-8174-4a4c-a39d-d10b5b35a8fa,42,42,18,1,1,1,1,1,1
16 GPU,3,163a8b2f-9ab5-4bd6-96fe-b497717eb469,58,58,12,1,1,1,1,1,1
16 GPU,3,63522854-ee25-449d-8213-f28e0207d9d3,61,61,35,1,1,1,1,1,1
16 GPU,3,36c5731e-3885-4e63-a9c1-6c77c66c85fc,27,27,18,1,1,1,1,1,1
16 GPU,3,93637a7c-9d02-42ff-9b6f-36c1cf79e300,4,4,3,1,1,1,1,1,1
16 GPU,3,3653bc31-d361-4192-b99b-a9049b5ef636,40,40,8,1,1,1,1,1,1
16 GPU,3,bf80fbbd-7c1b-4e27-993b-6aa8535bb192,35,35,9,1,1,1,1,1,1
16 GPU,3,853a42e0-06a3-4f59-96e8-ebb4c3a375fb,17,17,10,1,1,1,1,1,1
16 GPU,3,0c6f7ebe-ee27-4939-a9c7-4a602da308d2,66,66,34,1,1,1,1,1,1
16 GPU,3,e8220109-f6da-42d0-9d07-6c820a739a0f,4,4,3,1,1,1,1,1,1
16 GPU,3,3be44d04-3a64-426e-b040-d37030b9624e,4,4,3,1,1,1,1,1,1
16 GPU,3,4b5574df-e541-4734-a0bd-8a9f31ea614d,6,6,6,1,1,1,1,1,1
16 GPU,3,bcdb7bdf-1795-48cc-9e03-0ccdecf45827,4,4,2,1,1,1,1,1,1
16 GPU,3,0fe14bbd-48ab-4d19-bb60-2971fc099ad4,8,8,2,1,1,1,1,1,1
16 GPU,3,bb771c8f-97b0-4e8a-ae3a-2aef9ad23792,5,5,2,1,1,1,1,1,1
16 GPU,3,2c52de02-ab42-4b22-b653-67eedb5346f7,10,10,2,1,1,1,1,1,1
16 GPU,3,c547dd35-155e-40d1-8611-547883735591,5,5,2,1,1,1,1,1,1
16 GPU,3,508c4389-bf9e-4edc-a55d-062e1f179c41,4,4,2,1,1,1,1,1,1
16 GPU,3,d827172a-fe6f-4990-8189-37a7ff9600be,5,5,2,1,1,1,1,1,1
16 GPU,3,3f44721b-b791-4c7e-b250-3f281583833e,5,5,2,1,1,1,1,1,1
16 GPU,3,91a06296-622b-459f-8508-af41a24ea312,4,4,4,1,1,1,1,1,1
16 GPU,3,5c51f175-b916-4407-b3c9-6c6a46b6f30d,4,4,3,1,1,1,1,1,1
16 GPU,3,4970a02b-d5d9-4741-bcdd-b73b4208031a,4,4,4,1,1,1,1,1,1
16 GPU,3,35b9d55c-6c5d-48a8-a483-701752f005c0,4,4,4,1,1,1,1,1,1
16 GPU,3,3baac90c-fc60-4ae7-8b08-a9a2897841a7,5,5,4,1,1,1,1,1,1
16 GPU,3,e93b96c1-d65e-4b50-bd5d-ea72f5c45397,4,4,3,1,1,1,1,1,1
16 GPU,3,88572bb2-cd1e-4aea-aa01-0fad17156d2f,34,34,33,1,1,1,1,1,2
16 GPU,3,804e13a6-f413-43fe-a706-1cc0e2122287,13,13,7,1,1,1,1,1,1
16 GPU,3,b57d9175-a110-4fbc-8e68-24515ede71a3,57,57,6,1,1,2,1,1,1
16 GPU,3,a26ccb40-6904-45c1-ab29-469c0bc38b8c,5,5,2,1,1,1,1,1,1
16 GPU,3,f5f3afa1-e68d-4d46-a9f1-71c2edbe50af,6,6,2,1,1,1,1,1,1
16 GPU,3,df30659d-0d3d-4ef9-b7de-76ba32d2a2ee,5,5,2,1,1,1,1,1,1
16 GPU,3,6c152209-e175-41a8-a1f4-10acf83895d2,5,5,2,1,1,1,1,1,1
16 GPU,3,d4db92f0-78b3-4594-9972-3667911ecb61,5,5,3,1,1,1,1,1,1
16 GPU,3,9ed59e0b-7311-4264-8479-864b6ee2c428,5,5,2,1,1,1,1,1,1
16 GPU,3,8518976b-436f-48b2-bdc7-d4d6fe633dc1,11,11,2,1,1,1,1,1,1
16 GPU,3,ebe809c6-278c-42cf-8f98-7db1c9e95e6b,20,20,5,1,1,1,1,1,1
16 GPU,3,7fbf7ceb-c0c1-4a7e-bf0e-8bcb217a5f06,36,36,5,1,1,1,1,1,1
16 GPU,3,8a49eb51-c368-4b83-8928-a1132e97509f,29,29,11,1,1,1,1,1,1
16 GPU,3,d0c903b1-ff5d-47f5-bd90-e3e56bef62d9,15,15,5,1,1,1,1,1,1
16 GPU,3,b386d664-246b-4953-a27b-c1119517e4a1,33,33,23,1,1,1,1,1,1
16 GPU,3,4444a8e5-ce68-4dc5-947a-9bed2597ee26,4,4,3,1,1,1,1,1,1
16 GPU,3,25ce2463-c6b9-4b06-97be-5e648032f95b,27,27,15,1,1,1,1,1,1
16 GPU,3,d52163af-6f11-4f33-8605-154ff4c1f229,45,45,12,1,1,1,1,1,1
16 GPU,3,bd1b645c-6ce0-4aae-a001-6d804f643192,5,5,3,1,1,1,1,1,1
16 GPU,3,11958c63-c05b-441b-972c-dbc0054e01d8,5,5,2,1,1,1,1,1,1
16 GPU,3,125e9d12-fda3-40db-b3a8-238c59fddd16,5,5,2,1,1,1,1,1,1
16 GPU,3,a341f255-541b-40f6-a55a-028e3c40a546,5,5,3,1,1,1,1,1,1
16 GPU,3,b48ab38d-739a-493f-8330-edff0f98e72a,5,5,2,1,1,1,1,1,1
16 GPU,3,2e457954-af4a-47ee-aaee-bc9d82b3eb0f,5,5,2,1,1,1,1,1,1
16 GPU,3,bca12119-56d1-472b-9273-f74886d9ea4b,5,5,3,1,1,1,1,1,1
16 GPU,3,59d81c85-318a-48ed-bb62-883268f89ed6,5,5,2,1,1,1,1,1,1
16 GPU,4,b33fad32-cdfe-4fe9-ac28-4363da3d5f95,4,4,2,1,1,1,1,1,1
16 GPU,4,df581979-8a2f-42f4-bb34-37f7683201e9,8,8,3,1,1,1,1,1,1
16 GPU,4,01a3377a-f827-4762-84c6-cb2de802e378,5,5,2,1,1,1,1,1,1
16 GPU,4,781002c5-f7b8-4dfa-9ca9-bce8b87deaee,4,4,2,1,1,1,1,1,1
16 GPU,4,10b30dfb-a3d3-4e04-83a5-d6932c415fc6,6,6,4,1,1,1,1,1,1
16 GPU,4,dbc8d71c-deae-4462-b452-2bc0bbced4ef,9,9,2,1,1,1,1,1,1
16 GPU,4,25130aa7-6016-4130-8d1f-9da4682580ce,6,6,2,1,1,1,1,1,1
16 GPU,4,cb45b6d2-6176-4986-b292-260544ee079c,6,6,3,1,1,1,1,1,1
16 GPU,4,7bacd6a4-43b7-4040-9287-68bf9698f49b,6,6,2,1,1,1,1,1,1
16 GPU,4,820345d1-5f3b-4596-aabe-8c1a23f6dc5f,11,11,2,1,1,1,1,1,1
16 GPU,4,edaa90ee-e349-4df5-b2eb-077f7e5d3c87,11,11,2,1,1,1,1,1,1
16 GPU,4,6f069988-a9a2-4124-b5de-0cc026ab2f8b,25,25,19,1,1,1,1,1,1
16 GPU,4,6e96089d-dfb7-4f4b-b8cd-b16537c4b4b8,4,4,2,1,1,1,1,1,1
16 GPU,4,91d668c5-0690-4847-8769-5d062a63b892,12,12,3,1,1,1,1,1,1
16 GPU,4,e15319b5-91af-498e-b364-602429f5e53b,10,10,3,1,1,1,1,1,1
16 GPU,4,2d68f1b1-3066-488a-8cd5-745d506bda45,40,40,8,1,1,1,1,1,1
16 GPU,4,ec0d6523-325b-411e-b148-cd5f0a4a18bf,2,2,2,1,1,1,1,1,1
16 GPU,4,2720075f-4550-4767-86ff-9b4cae2417bd,5,5,2,1,1,1,1,1,1
16 GPU,4,b6175132-3f25-4db7-9f6c-86dad2bb2549,9,9,6,1,1,1,1,1,1
16 GPU,4,1bca1c5c-8ef4-42a7-a551-684b6be1dd24,5,5,3,1,1,1,1,1,1
16 GPU,4,35182747-c16b-4a20-b46f-c85ed5fede4d,5,5,2,1,1,1,1,1,1
16 GPU,4,382130b2-dcc8-4e64-8132-fdde118ee0b6,8,8,3,1,1,1,1,1,1
16 GPU,4,ccadb9ce-30c0-49bc-ba49-da4548080a1b,7,7,2,1,1,1,1,1,1
16 GPU,4,3849a50e-4150-428b-a42c-3b3efa517210,4,4,4,1,1,1,1,1,1
16 GPU,4,51c309de-f7b0-49c6-956f-d39598d76f59,8,8,4,1,1,1,1,1,1
16 GPU,4,2d4398d0-3b10-49a7-8c96-3d742ae11c88,5,5,2,1,1,1,1,1,1
16 GPU,4,7290c928-06ca-4fa9-ab0f-0343f7d5454c,4,4,2,1,1,1,1,1,1
16 GPU,4,39842aa1-9406-40eb-b616-2112394eda53,5,5,1,1,1,1,1,1,1
16 GPU,4,31947c6f-e716-452f-9eca-49803996ccca,11,11,7,1,1,1,1,1,1
16 GPU,4,63b0474f-4804-484e-9439-846ca1d0d381,5,5,2,1,1,1,1,1,1
16 GPU,4,028d7b5b-50d1-453f-85e9-1a5408999765,5,5,2,1,1,1,1,1,1
16 GPU,4,1f47a44e-9163-44e4-bcbe-26ced359817b,8,8,3,1,1,1,1,1,1
16 GPU,4,b93314a3-d829-496b-bfa7-63134244037b,29,29,6,1,1,1,1,1,1
16 GPU,4,15f7967e-177f-4622-8bcc-3f97c9a6c240,23,23,9,1,1,1,1,1,1
16 GPU,4,315e58f1-a456-4dbd-98bf-a24df8d6ab60,7,7,4,1,1,1,1,1,1
16 GPU,4,9bb88213-2e34-41f9-9651-e2b61706c02b,17,17,3,1,1,1,1,1,1
16 GPU,4,7d71dea7-bbfa-4589-b460-9576bb8e27c0,10,10,4,1,1,1,1,1,1
16 GPU,4,3b9c94b4-597a-4d1a-a8b6-b63b89a4daaf,17,17,8,1,1,1,1,1,1
16 GPU,4,1d721da1-57cc-4c07-9449-de8af09e22e3,24,24,6,1,1,1,1,1,1
16 GPU,4,91c752d8-c9d4-415f-b74e-e2ab060418b7,4,4,4,1,1,1,1,1,1
16 GPU,4,fac342d5-5f8c-4f65-ba55-ec0fdd486b2f,45,45,25,1,1,1,1,1,1
16 GPU,4,1d008e72-f71d-4205-a81b-9af2dc475666,114,114,49,1,1,2,1,1,1
16 GPU,4,632e3984-a062-4887-9a9b-88707411bbe9,4,4,4,1,1,1,1,1,1
16 GPU,4,4b0756d2-d86e-45a9-abdd-1e5987f4806d,34,34,16,1,1,1,1,1,1
16 GPU,4,a7a109c4-5d51-4a67-ba2f-1062bd6d944f,5,5,5,1,1,1,1,1,1
16 GPU,4,314eeb2b-22a1-4109-88ff-70dc0b894ebf,7,7,3,1,1,1,1,1,1
16 GPU,4,2f5839e2-c1b8-4698-85b6-f8669a253e81,36,36,8,1,1,1,1,1,1
16 GPU,4,e3888142-89b8-4b8c-9f9c-b3c057f91f70,38,38,12,1,1,1,1,1,1
16 GPU,4,eccfb668-cf99-4c95-9089-bca7ede36f54,6,6,3,1,1,1,1,1,1
16 GPU,4,0378f828-78d8-473c-bfe5-550770900ade,31,31,6,1,1,1,1,1,1
16 GPU,4,9a699686-78ce-4980-9a9b-759151845b56,19,19,10,1,1,1,1,1,1
16 GPU,4,6ce2e0e7-17b7-4d79-ae5a-2addb68d8a04,5,5,2,1,1,1,1,1,1
16 GPU,4,d3f8ed69-e3a5-4303-a256-2b21355ca002,5,5,2,1,1,1,1,1,1
16 GPU,4,eaef1e5f-2eca-4076-b4da-109c10a610a6,8,8,3,1,1,1,1,1,1
16 GPU,4,fdc8b092-9089-4825-871d-f4fd872046c6,29,29,10,1,1,1,1,1,1
16 GPU,4,2d470151-9235-4756-a194-8879b44aae6f,11,11,2,1,1,1,1,1,1
16 GPU,4,8a121838-8814-4b6b-8bf4-62089c98a25e,14,14,2,1,1,1,1,1,1
16 GPU,4,8aa0be8b-b7f1-4fce-9ee4-4c72adf366ef,16,16,3,1,1,1,1,1,1
16 GPU,4,16925599-a695-4cdd-9b3b-8eb0f0ce7749,7,7,2,1,1,1,1,1,1
16 GPU,4,b33ffad7-63cd-4a87-9886-c8979872eaeb,6,6,2,1,1,1,1,1,1
16 GPU,4,8239d236-413f-46bb-bca3-b86ad8425cd6,7,7,2,1,1,1,1,1,1
16 GPU,4,8da33a79-1d14-4fe8-a541-3bb721e16208,6,6,3,1,1,1,1,1,1
16 GPU,4,4afcfc12-98a4-49cc-a8c5-eeebe67ddbf1,21,21,5,1,1,1,1,1,1
16 GPU,4,858d5319-3bd2-4edf-8f7a-c6f9062920d6,13,13,6,1,1,1,1,1,1
16 GPU,4,7ee7f248-db7e-4693-9cf9-bd120e26ae56,10,10,3,1,1,1,1,1,1
16 GPU,4,a81266bf-12ce-4f08-9c5b-d7e164616af6,9,9,5,1,1,1,1,1,1
16 GPU,4,2ae7b8da-8968-41bc-84b7-a26c1454d02a,3,3,2,1,1,1,1,1,1
16 GPU,4,3e3ca225-b4c0-4610-a430-fcbd4ec18483,10,10,2,1,1,1,1,1,1
16 GPU,4,dc0fb80c-7cf0-41d2-bb72-7edbd63acb7b,6,6,3,1,1,1,1,1,1
16 GPU,4,cb4eb65d-ec24-4f75-90ff-f1c68aabf722,9,9,4,1,1,1,1,1,1
16 GPU,4,9e6b212b-c5bb-4ddd-91b8-c171f5f98f43,50,50,12,1,1,1,1,1,1
16 GPU,4,23a21d1f-c558-40b7-a1a9-9fd3b2d4630b,34,34,10,1,1,1,1,1,1
16 GPU,4,15399233-70e9-4cbc-8586-ff7ec85fec38,5,5,5,1,1,1,1,1,1
16 GPU,4,4f8449b2-12b7-4bb5-8c1e-ceb6a3ab41e4,4,4,3,1,1,1,1,1,1
16 GPU,4,797439f4-54e7-4c11-902c-e807dbbed2a7,4,4,4,1,1,1,1,1,1
16 GPU,4,e3effc18-e7ea-4f2c-8c1c-939aaf690aa3,4,4,3,1,1,1,1,1,1
16 GPU,4,70706abf-1600-481d-ab31-ecaf39821a61,17,17,4,1,1,1,1,1,1
16 GPU,4,6b9b2b54-c560-4ebb-a7c9-335ef58e037c,11,11,4,1,1,1,1,1,1
16 GPU,4,bc11da72-8336-41ff-85f9-da1890cca631,8,8,7,1,1,1,1,1,1
16 GPU,4,68cfee20-26d7-403c-bcb5-f6eb3a6b28ab,13,13,8,1,1,1,1,1,1
16 GPU,4,0a98e880-954b-47ab-89d4-e67181690a53,6,6,2,1,1,1,1,1,1
16 GPU,4,a552974d-9f1c-4b28-a40a-3b8463aa4913,7,7,2,1,1,1,1,1,1
16 GPU,4,fcc9904b-5792-44a4-b2d2-5c8839d725ce,7,7,2,1,1,1,1,1,1
16 GPU,4,f8f797a5-1d3c-4d8c-b748-d8fd76a9fd93,5,5,2,1,1,1,1,1,1
16 GPU,4,58331a30-2126-4b9e-b464-0664e42d7cd9,6,6,2,1,1,1,1,1,1
16 GPU,4,f3199800-64f3-419f-b83c-2fa1dd95e032,5,5,3,1,1,1,1,1,1
16 GPU,4,c1bea96d-eb0e-456f-b109-951d4bb25bc0,29,29,4,1,1,1,1,1,1
16 GPU,4,186644dd-bdaf-461f-822d-2775f7cc6e51,5,5,2,1,1,1,1,1,1
16 GPU,4,205c40c1-1c5d-4e50-844a-192b66043c26,22,22,6,1,1,1,1,1,1
16 GPU,4,d61ebc3c-f2b2-4ad1-910e-b551ac2a485f,9,9,4,1,1,1,1,1,1
16 GPU,4,575709a1-1dfc-4df0-9524-634c10459861,5,5,2,1,1,1,1,1,1
16 GPU,4,586e1a98-ae75-40de-b955-c82762f0b9f8,15,15,10,1,1,1,1,1,1
16 GPU,4,35472c34-fe2f-4df7-b451-206ff712129a,1,1,1,1,1,1,1,1,1
16 GPU,4,9e6e9c1e-6b74-4a3e-9ec7-87183df9d508,7,7,2,1,1,1,1,1,1
16 GPU,4,2daa278f-d837-43f0-9e61-ce9c24a8e0bf,5,5,2,1,1,1,1,1,1
16 GPU,4,b65891b9-1a35-4d37-830c-a6eb3cc791eb,1,1,1,1,1,1,1,1,1
16 GPU,4,c50eedef-7ad7-4838-ba26-9c3d297cc45b,32,32,5,1,1,1,1,1,1
16 GPU,4,2fbf6c40-3604-43fd-9c47-c88cbd388f4a,4,4,3,1,1,1,1,1,1
16 GPU,4,43116d43-bed8-4e09-90f4-a7ea8e1440ab,16,16,7,1,1,1,1,1,1
16 GPU,4,e094b7a1-8f0c-43e9-83eb-fe3af2e76af5,19,19,7,1,1,1,1,1,1
16 GPU,4,cdfdc238-7387-4fc2-98e8-d35c33526a3c,4,4,2,1,1,1,1,1,1
16 GPU,4,5019b267-c169-4df2-ab8b-8f701d3b328b,3,3,2,1,1,1,1,1,1
16 GPU,4,b0c021d5-2c48-408d-93f3-1470f8c62daf,3,3,2,1,1,1,1,1,1
16 GPU,4,393766a5-4524-4104-adf0-56699b924dd0,6,6,3,1,1,1,1,1,1
16 GPU,4,b42f6211-4237-4f78-b692-58dcae9b1509,5,5,2,1,1,1,1,1,1
16 GPU,4,b0a69c20-da25-4f89-b12b-a6795790a231,2,2,2,1,1,1,1,1,1
16 GPU,4,97e52183-01b7-43e7-8bc2-3ed0c3625fdb,9,9,8,1,1,1,1,1,1
16 GPU,4,f6c6040a-69eb-4266-a5f8-a4831d925a20,11,11,2,1,1,1,1,1,1
16 GPU,4,bde459f0-97ef-4dba-b500-42a398e56312,11,11,9,1,1,1,1,1,1
16 GPU,4,177fd7a2-4851-41b0-8d2f-65278edf26f0,70,70,23,1,1,1,1,1,1
16 GPU,4,a8a35e9f-0422-4bce-8351-c962c999e0f6,5,5,2,1,1,1,1,1,1
16 GPU,4,0424d90a-667d-4108-b31b-42204b9e832d,34,34,12,1,1,1,1,1,1
16 GPU,4,08a794bd-230b-4250-ae42-5d6221d39376,85,85,25,1,1,1,1,1,1
16 GPU,4,e83087ac-b077-4c29-b3fd-d69c0ba1244c,4,4,3,1,1,1,1,1,1
16 GPU,4,3a8831b1-1e02-44f4-9d52-52ae6f07ee64,5,5,3,1,1,1,1,1,1
16 GPU,4,d097c5d6-cb6c-4c9f-ad1e-4093830c276e,41,41,10,1,1,1,1,1,1
16 GPU,4,4975f161-9095-4277-90d7-688975c8da0e,54,54,9,1,1,1,1,1,1
16 GPU,4,4d3e7473-bdbd-4574-af28-2d747e1818b4,5,5,2,1,1,1,1,1,1
16 GPU,4,f2fb3909-2542-4f03-ba35-790fb1af8f1b,15,15,14,1,1,1,1,1,1
16 GPU,4,450746fd-5ace-447f-abb7-745487889ca9,44,44,22,1,1,1,1,1,1
16 GPU,4,9ca8db5f-2b10-4892-9979-06c5d3943ccf,54,54,26,1,1,1,1,1,1
16 GPU,4,33b6b073-ec24-4116-8f1c-6143f363e322,4,4,4,1,1,1,1,1,1
16 GPU,4,e34e8fe8-9eaf-4575-b9a6-b91c71fadb57,11,11,10,1,1,1,1,1,1
16 GPU,4,75b8bf24-803f-4bf8-bde8-2cf879c6ad8a,4,4,3,1,1,1,1,1,1
16 GPU,4,3511b9f0-b354-4785-a7f8-d5cfa8fa8f1c,4,4,3,1,1,1,1,1,1
16 GPU,4,ed72bd82-b9ba-4e9a-aea6-997ad359da43,13,13,12,1,1,1,1,1,1
16 GPU,4,57c332b3-b636-4872-9992-b93647e141b3,66,66,37,1,1,1,1,1,1
16 GPU,4,e669e58b-e7db-4d83-b71c-9fa08151afe5,16,16,13,1,1,1,1,1,1
16 GPU,5,045c7d16-8024-4781-a4d5-f5dd81d9e627,60,60,18,1,1,1,1,1,1
16 GPU,5,5574ecee-9a28-404e-a81b-8fca0299c1a1,36,36,13,1,1,1,1,1,1
16 GPU,5,d99fd53f-0651-49eb-9a48-0f7905f66e25,47,47,21,1,1,1,1,1,1
16 GPU,5,616f2e08-fb4d-4960-bf0e-4f8d722d22a1,60,60,28,1,1,1,1,1,1
16 GPU,5,8aaa2aee-60a0-4806-8072-1cd711bf271d,60,60,10,1,1,1,1,1,1
16 GPU,5,4968cb18-c404-48e4-a43c-7f12d0fc6fe2,52,52,16,1,1,1,1,1,1
16 GPU,5,243cbc76-67c6-47b9-ab5f-8fe4776b7cf3,12,12,4,1,1,1,1,1,1
16 GPU,5,ff252911-3371-4293-9762-7d608e043639,66,66,31,1,1,1,1,1,1
16 GPU,5,7714608f-2751-4ccd-a2d5-f89ccf321711,5,5,1,1,1,1,1,1,1
16 GPU,5,75f8663c-b6ec-4ed3-bb48-61edcbd5f4c3,16,16,4,1,1,1,1,1,1
16 GPU,5,b4755cf7-31d6-4afc-9191-741d345be940,20,20,10,1,1,1,1,1,1
16 GPU,5,780c7a1b-43b9-4a66-8cf3-64d72559175e,6,6,2,1,1,1,1,1,1
16 GPU,5,fa32c577-5652-4b01-8131-5e107d584eb1,5,5,3,1,1,1,1,1,1
16 GPU,5,5b090320-21aa-4d08-88a6-1ac113819025,8,8,2,1,1,1,1,1,1
16 GPU,5,82a57313-d1cf-4597-9a9f-0820662fa771,11,11,7,1,1,1,1,1,1
16 GPU,5,0f6cb25d-e40c-42a5-9d28-8cb7ea1d1299,17,17,8,1,1,1,1,1,1
16 GPU,5,bbc31bff-8426-4250-b58f-51fbb2c4143f,51,51,14,1,1,1,1,1,1
16 GPU,5,e99f9f23-9306-49f2-9616-0c6f3535be9b,43,43,15,1,1,1,1,1,1
16 GPU,5,0f86c8f8-fa44-4ead-83f0-34a383f64ff5,8,8,4,1,1,1,1,1,1
16 GPU,5,55070e52-f2a2-4789-8e45-78a965db8b94,7,7,2,1,1,1,1,1,1
16 GPU,5,c0b8f796-b227-46f6-8870-d07d28ff6ea1,20,20,8,1,1,1,1,1,1
16 GPU,5,6d2c39e8-720d-4c69-aac0-f83bbce74a10,35,35,3,1,1,1,1,1,1
16 GPU,5,1904de3f-2967-475b-af0b-2f0fde948b6d,18,18,4,1,1,1,1,1,1
16 GPU,5,8c2ab059-f14f-49ef-a208-cf310d5011d8,31,31,14,1,1,1,1,1,1
16 GPU,5,dcd20b00-4081-469d-ba43-cc384f447916,12,12,11,1,1,1,1,1,1
16 GPU,5,2135f44d-7e08-48a5-b8b9-a44e9b32fe1d,30,30,12,1,1,1,1,1,1
16 GPU,5,f2a81695-47d4-463d-83a7-d6125e83f94d,7,7,7,1,1,1,1,1,1
16 GPU,5,5dd3e6d8-4dc7-4f71-8188-11d90bd3c707,38,38,6,1,1,1,1,1,1
16 GPU,5,4a4fc351-c5f8-4e41-a323-b0651ca5fa2a,22,22,12,1,1,1,1,1,1
16 GPU,5,e6df8f7a-d84a-479c-ba61-dd7343a420d7,9,9,5,1,1,1,1,1,1
16 GPU,5,a3064274-96c6-4060-bc3e-1ad2a2d1f598,14,14,14,1,1,1,1,1,1
16 GPU,5,2233f67e-3ca0-4ef5-bd61-d1781e1a0262,65,65,17,1,1,1,1,1,1
16 GPU,5,5578c576-b343-4ddf-b2ee-641a6965551b,15,15,10,1,1,1,1,1,1
16 GPU,5,832e749a-73fa-47b6-b75f-32ed49285fc0,39,39,4,1,1,1,1,1,1
16 GPU,5,f85b932b-1dc9-4e02-ba26-4dfb422a902c,47,47,20,1,1,1,1,1,1
16 GPU,5,6e8e991d-e62e-4bdf-9416-3ec37ca5669b,50,50,17,1,1,1,1,1,1
16 GPU,5,d94e593b-ed35-495e-92e1-70fe70dffe12,14,14,8,1,1,1,1,1,1
16 GPU,5,8b8b822d-6c89-4f73-88fd-c12a02cc47b5,4,4,3,1,1,1,1,1,1
16 GPU,5,c940561d-1c8d-4e7d-b235-f93f80dfb4a3,29,29,18,1,1,1,1,1,1
16 GPU,5,8031a492-5ede-405b-8757-f7a5f87aaa9f,15,15,3,1,1,1,1,1,1
16 GPU,5,715ff0a5-bd5d-432d-9fd8-7e3ca8551684,4,4,3,1,1,1,1,1,1
16 GPU,5,e8a9f324-f061-4142-82a8-a316f2f98c8e,23,23,6,1,1,1,1,1,1
16 GPU,5,30288f04-eb1f-4ba2-9b72-6fb604c61f67,24,24,6,1,1,1,1,1,1
16 GPU,5,5cc05c1f-d155-4a1c-a2f7-345d46e593e1,36,36,6,1,1,1,1,1,1
16 GPU,5,6eb0d5b8-d2bf-465c-abd5-13e7454504a0,8,8,4,1,1,1,1,1,1
16 GPU,5,eb10fe08-d8b6-43e3-a2af-5b9162b2c52a,6,6,6,1,1,1,1,1,1
16 GPU,5,6b192beb-a586-47e7-9ac7-a1020dbb2064,5,5,1,1,1,1,1,1,1
16 GPU,5,929eac71-3b29-4c17-b5c7-cd88b8548ac5,44,44,5,1,1,1,1,1,1
16 GPU,5,dc86fabb-a6fc-419c-b51c-fdc5aaad84d4,20,20,6,1,1,1,1,1,1
16 GPU,5,6de96d52-7bc1-458e-a4fb-1e1669909f43,30,30,22,1,1,1,1,1,1
16 GPU,5,7f2b1f06-e274-41c3-bfff-be82b145b082,4,4,3,1,1,1,1,1,1
16 GPU,5,1df882c7-2fd6-46da-8a7f-0c1c58ce830b,15,15,6,1,1,1,1,1,1
16 GPU,5,a7b03fb1-1fbe-43af-8ab8-e4dcbb4e0f66,5,5,4,1,1,1,1,1,1
16 GPU,5,6855917a-f580-4e64-baf2-1be2541585fa,0,0,0,0,0,0,0,0,0
16 GPU,5,f6fb452c-064a-43f3-9d9c-82724d853534,5,5,4,1,1,1,1,1,1
16 GPU,5,fa45ad2f-dda1-46e1-8fc9-ed5876a7b860,27,27,7,1,1,1,1,1,1
16 GPU,5,64485b94-fa9a-4c1c-bfff-9c4452d87d20,4,4,2,1,1,1,1,1,1
16 GPU,5,9090f9d5-cf04-47b4-872e-1e9ebabc75ef,4,4,3,1,1,1,1,1,1
16 GPU,5,314e116a-1acf-4231-b5a0-905b2e8cdb15,65,65,23,1,1,2,1,1,1
16 GPU,5,fe4bbdbf-713f-4496-bb31-bcce37ce2471,10,10,8,1,1,1,1,1,1
16 GPU,5,04764828-2510-4fe6-8b88-edc7944d300e,56,56,28,1,1,1,1,1,1
16 GPU,5,af7a1bdc-72b7-4b59-8056-7346f558e7e2,3,3,2,1,1,1,1,1,1
16 GPU,5,9d5f0afc-cf6d-40d2-b885-bcb8eaf59b3d,7,7,6,1,1,1,1,1,1
16 GPU,5,08339301-7b0b-4236-b7d7-8af1927070b4,30,30,13,1,1,1,1,1,1
16 GPU,5,3c0dbf2f-fe3c-4177-b2ca-cc64a550814e,22,22,5,1,1,1,1,1,1
16 GPU,5,d995de7f-269f-4c52-ada8-3b5dae8cf9f0,36,36,9,1,1,1,1,1,1
16 GPU,5,0ab6dfe1-5173-4afd-8b64-cc4b7dd20dd3,21,21,6,1,1,1,1,1,1
16 GPU,5,8a63c844-4756-43d4-aa1b-e5b0f99bf470,32,32,6,1,1,1,1,1,1
16 GPU,5,493895e5-37e1-4f6e-9279-98a1aab6754a,35,35,13,1,1,1,1,1,1
16 GPU,5,a0d0a3b6-20f9-4670-b5ad-755cd950ff55,6,6,4,1,1,1,1,1,1
16 GPU,5,a7d2d85a-94fd-40fc-8b1d-078c310c53b0,6,6,4,1,1,1,1,1,1
16 GPU,5,c9a3ba19-279f-45d0-bbb4-8d7cf76e82de,25,25,3,1,1,1,1,1,1
16 GPU,5,0d1f0e8b-76da-43f4-8809-4ed861346592,24,24,3,1,1,1,1,1,1
16 GPU,5,3d728428-90cc-45ed-b1bd-853afb973489,4,4,3,1,1,1,1,1,1
16 GPU,5,a9ec4b1f-998c-4040-9be7-f6985d0b730c,10,10,10,1,1,1,1,1,1
16 GPU,5,ce415e4e-b482-46a3-a56b-e9635aacb2b1,7,7,6,1,1,1,1,1,1
16 GPU,5,2247613f-2412-4e69-9412-b447dd62b0e7,8,8,7,1,1,1,1,1,1
16 GPU,5,1e83e7b7-5fbf-492e-98f9-700eabf1ae7f,60,60,28,1,1,1,1,1,1
16 GPU,5,8a75e1ec-8d16-4a47-8779-e8c64a80b515,11,11,10,1,1,1,1,1,1
16 GPU,5,47ce82bd-6741-4a6d-a86d-a3eaad0ae1e2,22,22,12,1,1,1,1,1,1
16 GPU,5,df8b9712-5fd4-42bb-b748-d7ec47f02374,6,6,3,1,1,1,1,1,1
16 GPU,5,aca5ec0e-da90-4a85-a1f3-09dfbcccde03,4,4,3,1,1,1,1,1,1
16 GPU,5,95a367f9-1a0f-4fb1-a160-346168f86ef7,6,6,4,1,1,1,1,1,1
16 GPU,5,b56a8f09-2f78-46b6-8719-39bb205a41f9,37,37,21,1,1,1,1,1,1
16 GPU,5,14a370b8-87b9-476c-8efe-5b1f8726e76a,14,14,3,1,1,1,1,1,1
16 GPU,5,f4c6a2ac-3a03-46ee-a6d8-ab9800ade32b,8,8,5,1,1,1,1,1,1
16 GPU,5,1a005fb2-5241-46de-941e-c5d0bcbe893a,16,16,11,1,1,1,1,1,1
16 GPU,5,7eabbcbf-f067-4667-b742-e8ef88e0e5c3,3,3,2,1,1,1,1,1,1
16 GPU,5,fcdcaaf1-c7d2-4dd5-97d4-ec34be6a5b46,17,17,5,1,1,1,1,1,1
16 GPU,5,fc1489e1-f43b-459b-9493-4b1f3c141499,26,26,8,1,1,1,1,1,1
16 GPU,5,c6220e1d-63b0-446b-b5f0-cbedb8bfcaa6,10,10,4,1,1,1,1,1,1
16 GPU,5,f43a8024-afd1-4216-b1d6-fefbaf80ab6d,4,4,1,1,1,1,1,1,1
16 GPU,5,e491929d-9620-4247-bce0-955e27caa7f6,36,36,10,1,1,1,1,1,1
16 GPU,5,163ab864-e21d-4e73-bdaf-218dcafffc0e,27,27,7,1,1,1,1,1,1
16 GPU,5,067d32a5-4b82-40de-9d16-55414eb5514c,22,22,10,1,1,1,1,1,1
16 GPU,5,ad94312e-cab6-4ffa-9ce2-1ae471e7151d,47,47,21,1,1,1,1,1,1
16 GPU,5,10f1cd6d-5dc4-4d3a-81a9-a13663aa959d,47,47,18,1,1,1,1,1,1
16 GPU,5,2aa4edb1-281a-4c6d-8c8b-5960c68ffd24,5,5,3,1,1,1,1,1,1
16 GPU,5,66c956c0-fb8a-495b-a2e6-f11541765296,17,17,10,1,1,1,1,1,1
16 GPU,5,c9a05d87-419f-4b9a-a8c1-ccddecbc967a,8,8,8,1,1,1,1,1,1
16 GPU,5,fdfa7aa7-0bbb-46a3-b35e-64ab5522d6a7,5,5,5,1,1,1,1,1,1
16 GPU,5,9157b164-feed-4944-958f-8d4ff63675d5,52,52,6,1,1,1,1,1,1
16 GPU,5,62cf8dd5-1978-4258-ba13-5d64004c782b,54,54,16,1,1,1,1,1,1
16 GPU,5,335d5ee0-eeed-4461-93bb-e4d5337df3d4,5,5,2,1,1,1,1,1,1
16 GPU,5,77f7c113-22ba-4170-a69d-7658abf5015e,4,4,3,1,1,1,1,1,1
16 GPU,5,2785d04a-9d7a-45b5-a604-63716e4667ea,10,10,9,1,1,1,1,1,1
16 GPU,5,797732ad-a6cf-4976-93f1-109879c67ac7,4,4,4,1,1,1,1,1,1
16 GPU,5,a66e536a-0588-458f-980f-90c7238fe861,3,3,1,1,1,1,1,1,1
16 GPU,5,5ccfda43-a27f-417c-91dc-864bf5dca94e,24,24,8,1,1,1,1,1,1
16 GPU,5,2b154b2b-ad6a-443b-a0dd-d995c0ad5fdb,46,46,21,1,1,1,1,1,1
16 GPU,5,2e72a478-6108-49c1-9019-db46d13bf16b,92,92,28,1,1,1,1,1,1
16 GPU,5,88024956-902d-42ae-bcd0-41fb044f3a31,56,56,6,1,1,1,1,1,1
16 GPU,5,4dbea1b5-e7d2-4be9-b51a-e65df8aa1dd6,42,42,15,1,1,1,1,1,1
16 GPU,5,756a8c4b-b1a2-4b39-b995-56039a442142,42,42,16,1,1,1,1,1,1
16 GPU,5,6b3f0fc9-8ff4-4156-b11c-ffbbe0dbae7a,8,8,7,1,1,1,1,1,1
16 GPU,5,6ebec351-f1b4-4bac-af7a-7533da04dcc6,108,108,31,1,1,1,1,1,1
16 GPU,5,2704ee7d-8084-4a18-bc5d-c458ea21f6b4,51,51,14,1,1,1,1,1,1
16 GPU,5,02560d61-01aa-44c7-bdf0-27da05ae0cc8,9,9,4,1,1,1,1,1,1
16 GPU,5,e1132030-d4a9-40e4-8c79-91e245364f70,6,6,4,1,1,1,1,1,1
16 GPU,5,0a2b2208-ccd1-402e-a6bc-f90f665ad1ba,9,9,4,1,1,1,1,1,1
16 GPU,5,2ff519cc-7e99-4cb1-b04a-ca7b15bafb07,4,4,3,1,1,1,1,1,1
16 GPU,5,8ed89330-386c-4c3a-86aa-14d60506e8a2,29,29,15,1,1,1,1,1,1
16 GPU,5,9f2d8225-2ad4-4715-983e-488409ebc63d,71,71,6,1,1,1,1,1,1
16 GPU,5,4480aa63-a2cb-4710-9b20-0e35f67a73b2,19,19,6,1,1,1,1,1,1
16 GPU,5,03e77500-f9f8-47be-b52a-fdebe8194678,79,79,28,1,1,1,1,1,1
16 GPU,5,02ac5cb9-2b11-4266-9781-8ec45c28834f,64,64,28,1,1,1,1,1,1
16 GPU,5,803cc893-888b-4fb4-ba36-2235ef31cd72,24,24,6,1,1,1,1,1,1
16 GPU,5,7f890783-f1f7-4ce5-8b32-fa7bcff00a94,61,61,5,1,1,1,1,1,1
16 GPU,6,ddac9a95-4a24-4615-bb4a-4587376deba9,11,11,8,1,1,1,1,1,1
16 GPU,6,44fac097-73ce-46ab-b270-b7535144de94,3,3,2,1,1,1,1,1,1
16 GPU,6,09033693-1dee-4bf6-9991-353175556cad,4,4,3,1,1,1,1,1,1
16 GPU,6,f68eb5f4-02f5-48a2-8c06-bbf4b1275581,15,15,14,1,1,1,1,1,2
16 GPU,6,4dbccff7-481f-4e83-94c5-d5e171b2643d,5,5,4,1,1,1,1,1,1
16 GPU,6,db70a941-5be4-4c49-8841-b57649a2f069,4,3,4,1,1,1,1,1,1
16 GPU,6,1f964e3b-80c0-4aff-9b64-2fb6cfb4b7f4,4,4,4,1,1,1,1,1,1
16 GPU,6,6479527b-66f8-4bee-bf57-4e87b3d5b5a6,4,4,4,1,1,1,1,1,1
16 GPU,6,0f27f84c-be46-40b6-ad71-5a26bbf30e3c,4,4,3,1,1,1,1,1,1
16 GPU,6,f18f277a-6c7f-421d-96be-a395802bb24f,5,5,3,1,1,1,1,1,1
16 GPU,6,a89a65a3-ce62-420b-8bd9-f4cd17a2c676,64,64,19,1,1,1,1,1,1
16 GPU,6,d98d7497-0a6a-4454-9a30-8fecf687e665,6,6,1,1,1,1,1,1,1
16 GPU,6,af515810-8379-40e8-a45c-839f269f5bac,4,4,3,1,1,1,1,1,1
16 GPU,6,21f3a145-1577-44b4-b7c2-d88f0e722328,4,4,3,1,1,1,1,1,1
16 GPU,6,488830fe-0669-491a-9d06-346f84a38ddf,62,62,35,1,1,1,1,1,1
16 GPU,6,813873dd-33d3-4676-84ae-0724e3f26e56,47,47,25,1,1,1,1,1,1
16 GPU,6,7212c0b5-ae6b-4cfd-b4d4-e16f996bde43,23,23,2,1,1,1,1,1,1
16 GPU,6,ec8d12e6-d17e-42d4-a1d7-58e5bd166c7a,31,31,24,1,1,1,1,1,1
16 GPU,6,03bf6d97-70a3-4839-a6dc-5784a79497f3,15,15,14,1,1,1,1,1,1
16 GPU,6,849c5bab-a8d1-4f2c-99f6-8e5cc36db29e,16,16,14,1,1,1,1,1,1
16 GPU,6,670108c2-d6fd-4d04-85bf-94b3ef835e44,58,58,25,1,1,1,1,1,1
16 GPU,6,64f67ce1-52d6-4348-b3e7-10e34e3c09b9,71,71,29,1,1,1,1,1,1
16 GPU,6,f04ae89b-bb62-458a-aa67-bea8ffd36481,17,17,17,1,1,1,1,1,1
16 GPU,6,f86295d9-84fc-4b3d-b617-ac8da9f54d3b,56,56,13,1,1,1,1,1,1
16 GPU,6,79f7d741-b217-4967-a9f3-8892b2efe03e,7,7,6,1,1,1,1,1,1
16 GPU,6,a27fa42e-0616-4001-96e2-402d995fcae2,71,71,4,1,1,1,1,1,1
16 GPU,6,6a9a6fc9-9806-4f16-97b7-049133d1d35e,39,39,3,1,1,1,1,1,1
16 GPU,6,e7c82480-f0c4-4cdc-b128-d18ad2fc47de,51,51,10,1,1,1,1,1,1
16 GPU,6,bbdebd94-111d-4cd2-acb5-8d352e8a4bc3,34,34,11,1,1,1,1,1,1
16 GPU,6,e103661b-82d1-425d-8b4c-9c83acd15728,7,7,6,1,1,1,1,1,1
16 GPU,6,baaace2e-d89b-4c57-a1f8-49c4164240d8,4,4,3,1,1,1,1,1,1
16 GPU,6,d35bd2d5-cc08-4300-ac18-67b9aebda882,4,4,3,1,1,1,1,1,1
16 GPU,6,db6cce92-80fc-4707-8a28-a03ca555fa3d,40,40,37,1,1,1,1,1,1
16 GPU,6,ecbf4e06-0c56-4369-b12c-49169e3f0c80,24,24,8,1,1,1,1,1,1
16 GPU,6,ba41e149-7daf-4d9a-a82b-9c365feba119,13,13,4,1,1,1,1,1,1
16 GPU,6,44a5704d-3e65-44e4-a24c-84e4c59afd4a,5,5,2,1,1,1,1,1,1
16 GPU,6,782f2cf3-574e-4dd5-8f77-565ef13d798a,29,29,9,1,1,1,1,1,1
16 GPU,6,9d40cc4c-570b-47f3-8463-8322e0cf0296,53,53,4,1,1,1,1,1,1
16 GPU,6,9c826601-865e-4661-906c-c58715b9b37d,31,31,5,1,1,1,1,1,1
16 GPU,6,c933d932-20b0-42de-ba92-b8404cf39de6,20,20,4,1,1,1,1,1,1
16 GPU,6,33f1071e-a361-4db6-a42f-ef78cd499614,14,14,10,1,1,1,1,1,1
16 GPU,6,c25b040d-f41c-4382-a4f0-8763f49fe74d,29,29,12,1,1,1,1,1,1
16 GPU,6,c958f6ff-db36-4952-a5a9-822bccd97eb4,28,28,10,1,1,1,1,1,1
16 GPU,6,697821e0-1dbf-46af-bf6f-6aa0fbeab45f,13,13,7,1,1,1,1,1,1
16 GPU,6,84fe8c43-da52-4c04-b07f-e572b7660cfc,21,21,5,1,1,1,1,1,1
16 GPU,6,b6cdfbbb-73a1-495f-843e-1cca7cb1c3f2,60,60,21,1,1,1,1,1,1
16 GPU,6,30220043-3ad7-46e0-a2c3-89c455ef5ff8,32,32,10,1,1,1,1,1,1
16 GPU,6,a47e59db-171d-473d-9118-9f359d3d1089,30,30,7,1,1,1,1,1,1
16 GPU,6,050e8349-7727-44aa-925e-a07caab846dd,53,53,20,1,1,1,1,1,1
16 GPU,6,cc7373a6-2626-41bc-bcc1-16268d55a959,79,79,9,1,1,1,1,1,1
16 GPU,6,28909cef-5365-4ad3-ba16-2f7ef7c72d17,56,56,20,1,1,1,1,1,1
16 GPU,6,d2125718-a495-4c18-a848-1594fbd02315,38,38,15,1,1,1,1,1,1
16 GPU,6,b198133b-5569-4f6f-a410-12b63093e926,15,15,3,1,1,1,1,1,1
16 GPU,6,5784c58b-e7a4-4837-b1f7-85ee222bc395,57,57,22,1,1,1,1,1,1
16 GPU,6,c3812909-90c5-4924-b6e2-ee6df4239ecc,68,68,25,1,1,1,1,1,1
16 GPU,6,8f1f6848-2e46-41d6-9575-cba879c73f00,76,76,23,1,1,1,1,1,1
16 GPU,6,7cd77878-f9e6-4ce9-8a9a-f04983d89b21,34,34,9,1,1,1,1,1,1
16 GPU,6,dd737d7f-f5f9-4642-906d-8fdf23a09bf9,52,52,22,1,1,1,1,1,1
16 GPU,6,e89843ea-e0b6-4e02-9d0e-99d51ff2f46f,47,47,14,1,1,1,1,1,1
16 GPU,6,5282d5af-da06-4ee0-b714-f78d2dd41723,52,52,13,1,1,1,1,1,1
16 GPU,6,ebcc4f99-979b-45fa-9f8b-dd2136f55e05,64,64,30,1,1,1,1,1,1
16 GPU,6,e0b32b94-4096-43da-a389-ae2b81f08f58,7,7,4,1,1,1,1,1,1
16 GPU,6,42934708-cde0-4680-a694-873a2aa6ba7c,24,24,9,1,1,1,1,1,1
16 GPU,6,bde58000-cbb9-4045-9550-889ad29f839a,23,23,6,1,1,1,1,1,1
16 GPU,6,d60395af-e0fa-4c09-9efc-116153b389ab,66,66,10,1,1,1,1,1,1
16 GPU,6,8f3acfa8-cb6a-4503-971e-0393e985e80c,26,26,6,1,1,1,1,1,1
16 GPU,6,6ee2aaf6-0fb7-4c02-9077-5c56650a9122,39,39,17,1,1,1,1,1,1
16 GPU,6,3a60e6d1-1a5b-45f2-9128-cddebec1cb5e,70,70,20,1,1,1,1,1,1
16 GPU,6,6b78a09c-ccc7-4d04-a5a7-423772162dcc,73,73,20,1,1,1,1,1,1
16 GPU,6,b7547e33-5b17-4da0-a928-57fab9dd804a,39,39,11,1,1,1,1,1,1
16 GPU,6,b2924a85-3375-4079-abbe-8bce8c407f4c,38,38,14,1,1,1,1,1,1
16 GPU,6,b478e4f9-b76a-4e6f-9367-df5917fff2fd,37,37,15,1,1,1,1,1,1
16 GPU,6,3af1465f-cf83-48b5-95a9-22a6fbee067e,4,4,3,1,1,1,1,1,1
16 GPU,6,54304df3-3d28-4db6-80cf-09ed7d54dd50,18,18,4,1,1,1,1,1,1
16 GPU,6,13a2002d-b353-4ff1-b543-e6636c1bc64b,36,36,13,1,1,1,1,1,1
16 GPU,6,00186870-8db4-44cb-a0a7-52879f8b6d07,4,4,4,1,1,1,1,1,1
16 GPU,6,67beeb3a-448a-4791-8482-00514cc36329,9,9,6,1,1,1,1,1,1
16 GPU,6,fe5d0d34-d8c8-4ab7-8e3b-e573945e8af8,17,17,16,1,1,1,1,1,1
16 GPU,6,ae396ef0-2309-4009-b981-d7af417eef1d,14,14,12,1,1,1,1,1,1
16 GPU,6,1601a566-d66e-4a75-aef9-c2f39c813c97,29,29,8,1,1,1,1,1,1
16 GPU,6,1073dbe3-3f45-4c35-846f-e90516680543,25,25,4,1,1,1,1,1,1
16 GPU,6,cf32ba4a-e15a-4b04-860e-9d7060c26fc9,38,38,12,1,1,1,1,1,1
16 GPU,6,814ed92e-7948-4f85-9763-9ecbbe8ed758,7,7,6,1,1,1,1,1,1
16 GPU,6,bd212d39-2d05-49e2-a4c9-9407fbb8f1c7,16,16,4,1,1,1,1,1,1
16 GPU,6,d682ba86-7519-4b58-aa77-cae442979ac8,56,56,13,1,1,1,1,1,1
16 GPU,6,7372c70c-cf6c-46f4-b32e-0a6eab51fdcb,19,19,8,1,1,1,1,1,1
16 GPU,6,c70ef750-1b4c-4b75-8d53-f86f070eee2a,22,22,7,1,1,1,1,1,1
16 GPU,6,9e385003-df5e-44a5-a6e1-bd5cddfa69ea,30,30,15,1,1,1,1,1,1
16 GPU,6,d7753193-0d49-4e25-9dc4-2458c1f7a195,47,47,17,1,1,1,1,1,1
16 GPU,6,72ae8074-7cd0-464a-8dd6-de96315ca3f1,4,4,3,1,1,1,1,1,1
16 GPU,6,fa38331f-7fa2-4b77-9e8d-521d16925669,51,51,12,1,1,1,1,1,1
16 GPU,6,f99034fa-b6f5-4f3e-9ff3-c1a9109004c4,52,52,25,1,1,1,1,1,1
16 GPU,6,a9d5ddb7-bd73-46fa-ab59-ef2d119496b0,46,46,22,1,1,1,1,1,1
16 GPU,6,dbe5ca79-6b24-482a-ab0b-5411c118bc0e,86,86,29,1,1,1,1,1,1
16 GPU,6,b806db2f-6f68-4188-ab8f-e7e1a31a543c,37,37,19,1,1,1,1,1,1
16 GPU,6,e3c45fab-d2d6-476b-a0da-bd4d51d0be52,3,3,3,1,1,1,1,1,1
16 GPU,6,efddb79e-6802-4910-8465-3434ea2bf47e,6,6,3,1,1,1,1,1,1
16 GPU,6,9853ca46-83ea-43e2-bbd1-8c989f928298,6,6,3,1,1,1,1,1,1
16 GPU,6,555831b5-5289-4000-bb54-8f0bf328098a,25,25,10,1,1,1,1,1,1
16 GPU,6,568de14c-7edd-4c56-ba1c-2503c8f41645,16,16,5,1,1,1,1,1,1
16 GPU,6,26488214-2843-4c0b-8a68-af64ea9cb220,6,6,4,1,1,1,1,1,1
16 GPU,6,8169fc31-0762-41e1-ab42-be2ddb21aa64,23,23,8,1,1,1,1,1,1
16 GPU,6,9f650358-2b28-458d-954b-3616407577cd,36,36,6,1,1,1,1,1,1
16 GPU,6,4f094435-11df-4bb9-82c1-743609e57bed,42,42,5,1,1,1,1,1,1
16 GPU,6,818dae17-ef34-4ba9-af5a-0b8c57dcf39c,147,147,24,1,1,1,1,1,1
16 GPU,6,66232727-346f-4bb3-a27e-c4cd46a677f0,49,49,6,1,1,1,1,1,1
16 GPU,6,6483059c-f974-4981-b7b9-786b0640ecc2,89,89,16,1,1,1,1,1,1
16 GPU,6,7090a6c6-4e1f-42b8-a8ac-6671ba9183b5,46,46,13,1,1,1,1,1,1
16 GPU,6,934cf8a6-e0af-4dee-be61-d0965f0187d3,1,1,1,1,1,1,1,1,1
16 GPU,6,21befc8d-db9c-4695-a56e-64f79e6e230c,34,34,13,1,1,1,1,1,1
16 GPU,6,2a68a118-ed73-4d09-96a9-4bfc06e6260a,1,1,1,1,1,1,1,1,1
16 GPU,6,4aaf53da-e2c5-4744-8f9d-bc9aed7f088b,53,53,8,1,1,1,1,1,1
16 GPU,6,1db257ed-4d9a-4192-abc8-bb3221b7131c,19,19,3,1,1,1,1,1,1
16 GPU,6,e11fd025-6939-4279-af08-03ab988f8d4b,61,61,32,1,1,1,1,1,1
16 GPU,6,27d74f15-57b6-4909-b140-fffbe59a89d8,44,44,18,1,1,1,1,1,1
16 GPU,6,142accd2-5a03-453c-b7f5-44543229e475,65,65,22,1,1,1,1,1,1
16 GPU,6,a7221a56-68cd-409c-81fb-d2ae841e879e,34,34,7,1,1,1,1,1,1
16 GPU,6,dbd63d2a-8b13-457a-9503-7411fe9b1ccd,18,18,10,1,1,1,1,1,1
16 GPU,6,4e66e684-b20b-4622-9505-aaed0b725fc5,51,51,16,1,1,1,1,1,1
16 GPU,6,17948e2f-0868-4a52-86b0-40649c262dc7,11,11,5,1,1,1,1,1,1
16 GPU,6,5ad69f13-7d43-4749-9482-c76e7c5dd4c6,58,58,13,1,1,1,1,1,1
16 GPU,6,31077d38-87fa-4a9e-8999-290cbc3f67ab,98,98,15,1,1,1,1,1,1
16 GPU,6,e42e0ad3-2bdb-46ce-94ef-8b07b2c9217f,12,12,4,1,1,1,1,1,1
16 GPU,6,ef5a3969-6b9c-4cf6-9094-4a4fd56750f0,48,48,7,1,1,1,1,1,1
16 GPU,6,3f51b7a4-d84b-440d-8628-a81bba758064,37,37,1,1,1,1,1,1,1
16 GPU,6,c677393b-b2ff-45dc-a95f-4294e27c5e0b,79,79,8,1,1,1,1,1,1
16 GPU,6,3967661e-fb4c-4d94-9b40-5da9a6afcd53,18,18,17,1,1,1,1,1,1
16 GPU,6,636eb491-da4a-4625-9744-a26263a2e931,52,52,22,1,1,1,1,1,1
16 GPU,7,b82c4ea8-a621-4383-b339-9cf357118055,74,74,13,1,1,1,1,1,1
16 GPU,7,7a91942b-2ba8-40df-b507-41fb5ee19e30,65,65,8,1,1,1,1,1,1
16 GPU,7,96c0cefa-3ac4-4850-b0e0-e12a2693c07d,77,77,8,1,1,1,1,1,1
16 GPU,7,9247ca48-ef70-4721-a203-de3447397ed1,4,4,3,1,1,1,1,1,1
16 GPU,7,eeafe5e3-ac2b-4718-b5e3-9c997c03aacc,4,4,3,1,1,1,1,1,1
16 GPU,7,17004e8f-dfe0-465b-a7de-386a22dd639d,4,4,4,1,1,1,1,1,1
16 GPU,7,e80d77c1-94a3-45b5-bc1c-9ff926adae92,4,4,4,1,1,1,1,1,1
16 GPU,7,3eeb1f0f-d898-48c2-9eb2-d64d53d60f13,34,34,7,1,1,1,1,1,1
16 GPU,7,9fc08c3f-2368-463e-8abb-c847b4347c9a,85,85,11,1,1,1,1,1,1
16 GPU,7,cbb7a2b0-d3cd-4df6-a2ec-e022e70420fc,4,4,3,1,1,1,1,1,1
16 GPU,7,0030c670-796b-4408-9315-115e47ab3295,6,6,5,1,1,1,1,1,2
16 GPU,7,b8b210c4-20ec-4a15-9865-d9f5054ceae3,89,89,9,1,1,1,1,1,1
16 GPU,7,c9db5efb-6a43-481f-a1b5-6376acf762a2,47,47,14,1,1,1,1,1,1
16 GPU,7,92cae58d-c1d9-40d6-9af9-005cf6632457,3,3,3,1,1,1,1,1,1
16 GPU,7,5958a2d2-4662-403d-8668-7b5fd67cd1a7,69,69,5,1,1,1,1,1,1
16 GPU,7,6f6e011c-dffa-42bb-976d-17e28f9d1fc8,49,49,14,1,1,1,1,1,1
16 GPU,7,4c70e905-5282-4769-83e9-8fee4dfa8926,63,63,20,1,1,1,1,1,1
16 GPU,7,c9b951bc-1653-480a-8af8-48f718be5b14,57,57,24,1,1,1,1,1,1
16 GPU,7,b362101f-0c27-4af7-99d3-b3eceed903fb,48,48,19,1,1,1,1,1,1
16 GPU,7,add820c1-bdef-44ab-8cf7-d6ec059ac26d,81,81,12,1,1,1,1,1,1
16 GPU,7,2a7fb9ff-5e2e-42c1-8e03-d9a93d0ab205,4,4,4,1,1,1,1,1,1
16 GPU,7,782ba557-a5f2-4564-9e6e-5220e53d347b,51,51,9,1,1,1,1,1,1
16 GPU,7,ae9d8cb1-9b9f-4fee-b761-7fefdf674618,7,7,7,1,1,1,1,1,1
16 GPU,7,e272ebdf-f26e-4e3d-bf82-1e8254c58812,34,32,31,1,1,1,1,1,1
16 GPU,7,501b3cf4-66c2-409c-952e-8312fc007925,16,16,4,1,1,1,1,1,1
16 GPU,7,b0db1949-9f1f-43d2-9daa-7e19356101ad,16,16,4,1,1,1,1,1,1
16 GPU,7,7f5e1449-39f9-4a7b-9c2c-ae4cc3247652,3,3,2,1,1,1,1,1,1
16 GPU,7,f13f6d5f-6ee1-4b38-afa7-00ebaf34d01a,14,14,10,1,1,1,1,1,1
16 GPU,7,f284954c-06ab-4532-9162-46d34f71fc52,21,21,7,1,1,1,1,1,1
16 GPU,7,85f159b3-8240-434b-bce1-98e6ca243661,15,15,3,1,1,1,1,1,1
16 GPU,7,583ae170-ff00-4250-84fe-d3a5821b1e31,17,17,5,1,1,1,1,1,1
16 GPU,7,29ba36a9-077d-4efe-8bc6-671a79883067,14,14,5,1,1,1,1,1,1
16 GPU,7,048a05cb-5524-459b-9fdc-e8a0c2e55571,46,46,22,1,2,2,1,1,1
16 GPU,7,006f02bb-07f0-45c6-ae5f-8df376a2ddc7,10,10,4,1,1,1,1,1,1
16 GPU,7,3da37d85-3ab1-4611-8688-2450cacbaa48,10,10,3,1,1,1,1,1,1
16 GPU,7,99336482-28e7-4805-8beb-41342a768f03,8,8,2,1,1,1,1,1,1
16 GPU,7,924f33e1-09e3-4a84-8adf-f3f19ee3e194,20,20,4,1,1,1,1,1,1
16 GPU,7,577de888-91fe-49f3-a515-5a63c88c0c87,87,87,19,1,1,1,1,1,1
16 GPU,7,b2209262-074b-48f3-a4f4-6daee33314f5,4,4,3,1,1,1,1,1,1
16 GPU,7,943f9b81-b289-4bba-94b4-7043982a7b10,4,4,3,1,1,1,1,1,1
16 GPU,7,04a23f78-db06-4090-a574-c286725bec04,44,44,6,1,1,2,1,1,1
16 GPU,7,d3a68104-a6a5-4759-9e3e-b0b15ed7a44e,13,13,1,1,1,1,1,1,1
16 GPU,7,632c9171-38cd-4d93-a8ec-4f891cd78e23,18,18,2,1,1,1,1,1,1
16 GPU,7,cc282c36-cb29-4c77-91bb-8b74a197a2b5,4,4,4,1,1,1,1,1,1
16 GPU,7,c969b84c-dd9b-4fd4-af58-3c30f8f00295,4,4,3,1,1,1,1,1,1
16 GPU,7,cef3d7b8-c455-4717-a4d1-7cf3c3881643,14,14,3,1,1,1,1,1,1
16 GPU,7,fcc71387-29b4-4622-9189-c221d0b470f5,27,27,6,1,1,1,1,1,1
16 GPU,7,0d5c4ae3-a0f1-4fc8-a29c-500fbf1ab713,24,24,3,1,1,1,1,1,1
16 GPU,7,98661e6d-d9a1-45d1-87a6-d5754ecc1f63,12,12,8,1,1,1,1,1,1
16 GPU,7,6b1c5b59-104e-4241-86a6-d16d8e695a2f,5,5,5,1,1,1,1,1,1
16 GPU,7,1d6b35d2-7753-41c0-a956-536779c56d20,4,4,3,1,1,1,1,1,1
16 GPU,7,6d346ce6-a9f9-45c4-be6e-875f4279bcd9,4,4,3,1,1,1,1,1,1
16 GPU,7,c785b7c6-9727-4fa5-8213-f56948cc5a4b,4,4,4,1,1,1,1,1,1
16 GPU,7,25f84647-184b-4548-b0bf-41b6e4f145a9,4,4,2,1,1,1,1,1,1
16 GPU,7,9d49b23c-b4c8-4200-9a1c-e3e83931fcc6,41,41,1,1,1,1,1,1,1
16 GPU,7,f9a74a29-acbb-448c-acdb-f7901f221846,4,4,3,1,1,1,1,1,1
16 GPU,7,b380d9dd-dc2e-40c4-84b0-8487a2f705d0,6,6,2,1,1,1,1,1,1
16 GPU,7,6709f8a1-ec83-4889-b3f0-1af6219f9fd3,6,6,2,1,1,1,1,1,1
16 GPU,7,de8ca87f-713b-4c71-8519-0658b7285bc6,5,5,2,1,1,1,1,1,1
16 GPU,7,1326515f-5035-4b81-8a93-64830baf2d56,5,5,2,1,1,1,1,1,1
16 GPU,7,a9f8310b-4dd3-4f02-bad5-e62998ea89d0,5,5,1,1,1,1,1,1,1
16 GPU,7,56c7c512-70af-4a26-b60b-6c18551a885c,29,29,1,1,1,1,1,1,1
16 GPU,7,2667de44-4332-4aaa-b991-14d6c95620fa,9,9,2,1,1,1,1,1,1
16 GPU,7,493e3272-496f-43e8-8b0e-3cf9b7277008,52,52,2,1,1,1,1,1,1
16 GPU,7,95e3e28b-c125-4869-b53e-92fc9678cbce,9,9,2,1,1,1,1,1,1
16 GPU,7,1b47edcb-0ccf-4c0d-b507-19427b7a04ec,6,6,2,1,1,1,1,1,1
16 GPU,7,02579853-5a87-4fb4-8ca6-c27ea79a28a9,59,59,3,1,1,1,1,1,1
16 GPU,7,c76ba196-17c0-465d-a00a-3b46642dfef6,12,12,1,1,1,1,1,1,1
16 GPU,7,e7e486ab-47c5-462b-9e66-3b40aae8f314,15,15,2,1,1,1,1,1,1
16 GPU,7,1f5f6ab4-4464-480b-b035-45b49347f98d,11,11,2,1,1,1,1,1,1
16 GPU,7,fb98e93f-43c9-4cf7-b1e6-27e0a105f17c,38,38,13,1,1,1,1,1,1
16 GPU,7,1f32c581-46d6-4fd8-83ab-7b7a86f8946c,7,7,1,1,1,1,1,1,1
16 GPU,7,09d45593-1750-4be2-b9ca-ca2d2fbb4dd0,6,6,2,1,1,1,1,1,1
16 GPU,7,a4be4e6d-26ec-495a-acd3-a1fa8458c847,9,9,1,1,1,1,1,1,1
16 GPU,7,5ec72ff8-1b68-4980-852e-6945a54b7376,7,7,1,1,1,1,1,1,1
16 GPU,7,b537e37d-4fc9-40e5-b75a-3d3edff7c6ea,6,6,2,1,1,1,1,1,1
16 GPU,7,17f16e71-8896-4400-880c-3318406877f4,7,7,2,1,1,1,1,1,1
16 GPU,7,4e531f95-a713-41e2-8d3d-5802b0f8d0ac,7,7,2,1,1,1,1,1,1
16 GPU,7,eb6ef49c-1089-4afb-b793-716e6aca7986,6,6,2,1,1,1,1,1,1
16 GPU,7,6a44d4f7-cd6c-4b9a-aca9-2280c06f7b55,7,7,2,1,1,1,1,1,1
16 GPU,7,090d1529-d2bd-4ceb-a2bf-fcdc8e0e230b,51,51,13,1,1,1,1,1,1
16 GPU,7,625dcf3e-84c4-41dd-98f2-aa11593ba43e,51,51,17,1,1,1,1,1,1
16 GPU,7,72618bfd-af36-48a0-a79d-f2706253b897,49,49,6,1,1,1,1,1,1
16 GPU,7,cd32bef1-b5c5-4b02-80cb-b01233a2323a,48,48,17,1,1,1,1,1,1
16 GPU,7,b8108809-a1b9-451c-9eeb-65c7b19dbc7c,32,32,1,1,1,1,1,1,1
16 GPU,7,00632bef-d835-47db-998a-1828383311de,28,28,2,1,1,1,1,1,1
16 GPU,7,23e16198-3f71-4e3b-bbe2-6ce67fa8ee6e,23,23,3,1,1,1,1,1,1
16 GPU,7,4bb45510-6af8-4fa4-b426-63c91a060e96,4,4,4,1,1,1,1,1,1
16 GPU,7,21ffcec3-b342-45ef-b76f-8948bfee41bc,9,9,2,1,1,1,1,1,1
16 GPU,7,e4c0b6b8-e663-4c87-bd27-a3c62a59ebcf,10,10,2,1,1,1,1,1,1
16 GPU,7,330eded3-06bb-4551-b704-8300accbbe24,21,21,6,1,1,1,1,1,1
16 GPU,7,b77c2cd7-0fb3-49a4-8173-e25f9c06644e,8,8,2,1,1,1,1,1,1
16 GPU,7,de3049f5-2fc4-4724-8d18-3d8d47572207,95,95,28,1,1,1,1,1,1
16 GPU,7,cba03757-bc5b-4eaa-9018-218083d4584a,14,14,4,1,1,1,1,1,1
16 GPU,7,de479587-a407-4d3d-bf72-c92f34525d45,45,45,9,1,1,1,1,1,1
16 GPU,7,8285686d-f8eb-4d8f-884e-0a5742e38a08,14,14,4,1,1,1,1,1,1
16 GPU,7,ba149768-6bcb-4074-8ecd-627db029deaa,24,24,3,1,1,1,1,1,1
16 GPU,7,75487380-7558-4f3b-8b3a-a1ef0a557832,5,5,2,1,1,1,1,1,1
16 GPU,7,0209f4ae-43f9-452a-ab87-9f68e7798a13,6,6,2,1,1,1,1,1,1
16 GPU,7,3bc6be48-1fff-4ed7-9cf1-9b454bc4d1f1,19,19,11,1,1,1,1,1,1
16 GPU,7,e95182ab-4882-4ec8-a44e-fbba7ac534e0,5,5,2,1,1,1,1,1,1
16 GPU,7,6666a918-0c19-40ac-9484-55dd6201d8ac,7,7,2,1,1,1,1,1,1
16 GPU,7,4128f49f-8eb9-4aef-8feb-69bde17e2dcc,5,5,2,1,1,1,1,1,1
16 GPU,7,ac03ebfd-782e-4fa4-8a7c-afa7e9c0dee4,12,12,4,1,1,1,1,1,1
16 GPU,7,c2aea5ee-c58a-4a1b-a014-689b0d7e623a,27,27,1,2,2,2,1,1,1
16 GPU,7,8890054c-c0ae-4214-9e88-8a30ddc98d6c,26,26,2,1,1,1,1,1,1
16 GPU,7,d1015506-d27c-42fa-954e-e6c998785051,33,33,3,1,1,1,1,1,1
16 GPU,7,bd0c5746-db90-4ae8-8f37-3ea059b4c9f9,13,13,1,1,1,1,1,1,1
16 GPU,7,db70fe4f-9777-4adf-b18a-40b8d4fc0c97,20,20,1,1,1,1,1,1,1
16 GPU,7,6c47f815-6db2-41aa-b5b2-6be66c7b8ea0,9,9,2,1,1,1,1,1,1
16 GPU,7,553a24f8-2dc0-4161-bb2e-18623ef0ca69,68,68,11,1,1,1,1,1,1
16 GPU,7,7b4241f8-e9a0-4c28-bcd2-c327f6815530,6,6,6,1,1,1,1,1,1
16 GPU,7,c29424be-1ac0-4d2e-80d3-e847c671b277,24,24,9,1,1,1,1,1,1
16 GPU,7,6bdc29b2-3b55-440d-91fc-a5cd2b7309b1,9,9,3,1,1,1,1,1,1
16 GPU,7,44c6e30d-74a5-4c0c-8167-dae80787b8c4,23,23,11,1,1,1,1,1,1
16 GPU,7,37478bac-749a-499b-96d6-e0b31c80e230,12,12,1,1,1,1,1,1,1
16 GPU,7,7639473c-76e1-4f4f-9ddd-3c805b68a6cd,13,13,2,1,1,1,1,1,1
16 GPU,7,36711ad5-51ac-4812-ac95-5e2b888ca0c9,9,9,2,1,1,1,1,1,1
16 GPU,7,5d1a5885-f306-4655-8c5d-53857b22bbb3,8,8,2,1,1,1,1,1,1
16 GPU,7,d586b7ed-20ea-4cee-9dbd-1cce4a05f35f,10,10,2,1,1,1,1,1,1
16 GPU,7,1d600858-61c6-4256-abca-3495b592cbba,13,13,2,1,1,1,1,1,1
16 GPU,7,10e1347d-586f-4d8b-9e0c-d77a50c1cc5f,40,40,6,1,1,1,1,1,1
16 GPU,7,60a35351-388c-4e6b-9190-462ca5b46f0f,37,37,12,1,1,1,1,1,1
16 GPU,7,c503bc9d-972c-4442-8e67-af09cfd55dce,26,26,3,1,1,1,1,1,1
16 GPU,7,58f99e43-6cba-4e09-ab2b-73b443ca4d3b,37,37,3,1,1,1,1,1,1
16 GPU,7,1934ae27-8de5-499e-b503-245c7ce48513,34,34,5,1,1,1,1,1,1
16 GPU,7,cd699f01-e1fb-4425-aeb8-195c13376160,32,32,3,1,1,1,1,1,1
16 GPU,7,86c8f870-2b3f-4ebf-9ddf-92f412ab0a9c,41,41,14,1,1,1,1,1,1
16 GPU,8,7daad00f-5597-437c-804c-9240af168971,10,10,2,1,1,1,1,1,1
16 GPU,8,494cf792-2aee-46c9-99f3-9f2b8992209b,28,28,2,1,1,1,1,1,1
16 GPU,8,7acb0e06-20a5-46e8-bdd6-476eb5fe0435,15,15,1,1,1,1,1,1,1
16 GPU,8,4efc823f-8d27-48f3-a920-eda6541b31dc,68,68,2,1,1,1,1,1,1
16 GPU,8,105043bf-28a1-40e4-a006-18ac2326c9d7,45,45,8,1,1,1,1,1,1
16 GPU,8,08586d3c-f024-4c6a-a70b-7c077bdb0fa0,23,23,3,1,1,1,1,1,1
16 GPU,8,ed988ff9-f739-4d42-84f3-e483c86fff45,54,54,2,1,1,1,1,1,1
16 GPU,8,70dee944-70b1-46de-bc2d-5833f9ae7ea8,28,28,2,1,1,1,1,1,1
16 GPU,8,73a3cd97-7d85-4263-840e-5206e5271509,20,20,3,1,1,1,1,1,1
16 GPU,8,8d33b979-b7a5-47ae-89e8-c1904cae49be,15,15,2,1,1,1,1,1,1
16 GPU,8,8191e977-dba0-47d7-891f-254086ea820a,12,12,2,1,1,1,1,1,1
16 GPU,8,3acbbe84-49c9-4411-8bd2-33518cda7e30,16,16,12,1,1,1,1,1,1
16 GPU,8,ebfc148d-69bb-4c6e-9f48-50e81e98ff04,12,12,3,1,1,1,1,1,1
16 GPU,8,d88ffbae-5229-446c-8ca1-b8395fcf96da,7,7,1,1,1,1,1,1,1
16 GPU,8,be050e53-2e87-47b8-90b9-b01f61880a67,20,20,6,1,1,1,1,1,1
16 GPU,8,7bed8d19-68f0-4d65-9202-bc24407ff5f1,19,19,1,1,1,1,1,1,1
16 GPU,8,03cced26-e980-41f1-8df7-8645c1c03d9e,20,20,6,1,1,1,1,1,1
16 GPU,8,8d3a6041-1545-4491-826b-1f30a7d282b5,36,36,2,1,1,1,1,1,1
16 GPU,8,238c07ec-66b8-46f6-97d8-9046d5eaec12,9,9,1,1,1,1,1,1,1
16 GPU,8,4dca5fbe-867e-4ff6-ad17-7a07c5f5d31e,45,45,2,1,1,1,1,1,1
16 GPU,8,daabb198-0dc2-4696-b207-3998a48874c3,11,11,2,1,1,1,1,1,1
16 GPU,8,954f6a22-e765-4e2b-bc6b-18a1126e6c80,33,33,1,1,1,1,1,1,1
16 GPU,8,4b3151a8-0ca4-49d6-a163-59ac6e287413,17,17,2,1,1,1,1,1,1
16 GPU,8,d6c8acd2-b4c1-49f6-a047-2e49003f4251,13,13,4,1,1,1,1,1,1
16 GPU,8,63ac62dc-9b3b-4dc3-88ad-ac973afefd31,4,4,4,1,1,1,1,1,1
16 GPU,8,a9c192d5-2006-42f3-9263-909c37c31d0b,21,21,8,1,1,1,1,1,1
16 GPU,8,dbd8ec20-cb0c-4141-b727-5d7016f0fa64,57,57,2,1,1,1,1,1,1
16 GPU,8,1d661a99-5c94-4eaf-8b5b-c6ab0779e5fc,48,48,7,1,1,1,1,1,1
16 GPU,8,80f3a431-374e-4544-a726-ac5dca24a706,74,74,10,1,1,1,1,1,1
16 GPU,8,c10b339a-cffc-43dc-944e-838c0bace84f,44,44,2,1,1,1,1,1,1
16 GPU,8,dd485c4a-ede0-4cc2-a38a-a8ec6a019ed2,13,13,3,1,1,1,1,1,1
16 GPU,8,734cc21d-15d9-4a79-a231-088cb51f1cf0,43,43,1,1,1,1,1,1,1
16 GPU,8,22b51f20-8235-4da8-96de-250574ab0e39,6,6,1,1,1,1,1,1,1
16 GPU,8,7faabf0d-5d7b-4c94-a67d-caecbdaf036e,7,7,1,1,1,1,1,1,1
16 GPU,8,333a8dcb-46d7-46bd-b88c-37f5e760a9f6,7,7,1,1,1,1,1,1,1
16 GPU,8,d1ecfa87-07ad-4f97-a878-5f78457c2dca,11,11,2,1,1,1,1,1,1
16 GPU,8,a573c44b-7554-4e5b-ad30-01e02919b205,20,20,1,1,1,1,1,1,1
16 GPU,8,fe7077f3-00aa-4796-9f87-ee5507d3c270,8,8,1,1,1,1,1,1,1
16 GPU,8,3bb0ec35-f1fc-4a1a-a174-cdd783bde006,6,6,1,1,1,1,1,1,1
16 GPU,8,d8eafac9-703c-4517-b4fa-47b2b88c416b,12,12,1,1,1,1,1,1,1
16 GPU,8,e6609b57-45af-457c-a244-c5b3417f94e4,22,22,2,1,1,1,1,1,1
16 GPU,8,6b36d45d-f665-4f50-89e4-352d54a13255,21,21,2,1,1,1,1,1,1
16 GPU,8,98c91dcf-fca1-4841-a1f3-31c2246cb60b,45,45,10,1,1,1,1,1,1
16 GPU,8,c42ad17e-e3c4-4874-b4b1-24843f597d6d,46,46,9,1,1,1,1,1,1
16 GPU,8,3ce91757-8051-4933-9e51-d21299ef3e1d,50,50,11,1,1,1,1,1,1
16 GPU,8,8c5c9247-fac1-4ed3-b730-0699c55480e2,13,13,3,1,1,1,1,1,1
16 GPU,8,51bca29d-425d-47c9-b0ca-8306e38230bf,38,38,4,1,1,1,1,1,1
16 GPU,8,0f37282a-7561-4ae3-9a1e-fa0ec012bd1e,7,7,2,1,1,1,1,1,1
16 GPU,8,ad7ab7d3-53cc-41fc-8d9f-3ce6ab0c19b8,14,14,4,1,1,1,1,1,1
16 GPU,8,573acc95-0741-413f-a0cb-2b9365c53e15,30,30,3,1,1,1,1,1,1
16 GPU,8,49159b55-8d26-46a3-bc6d-8f0da8dba4a7,44,44,2,1,1,1,1,1,1
16 GPU,8,58027fc2-046c-4b2c-b0ab-2f0a8c62b5db,24,24,2,1,1,1,1,1,1
16 GPU,8,1a87d93b-5241-4aaa-8484-dae46819840d,14,14,7,1,1,1,1,1,1
16 GPU,8,96bf989e-bdea-4e80-b768-3d721cb90583,53,53,4,1,1,1,1,1,1
16 GPU,8,21eb4dab-2d7e-4f60-a398-eddeade4ea61,29,29,3,1,1,1,1,1,1
16 GPU,8,40e6840d-7aca-42a4-8034-24d23304a6c8,19,19,2,1,1,1,1,1,1
16 GPU,8,5f1f489e-fc5b-4dbc-b541-3e646fe82f8c,95,95,9,1,1,1,1,1,1
16 GPU,8,1e3fa5fe-3bc5-4508-8f7d-d917a4a120c0,19,19,3,1,1,1,1,1,1
16 GPU,8,c76f7c77-20e8-44ca-a13f-3d2292893922,38,38,3,1,1,1,1,1,1
16 GPU,8,172bb918-d070-445c-90e1-8953597a8803,31,31,2,1,1,1,1,1,1
16 GPU,8,62d911a0-fdd6-4fb3-bbad-99f14d54aa06,42,42,6,1,1,1,1,1,1
16 GPU,8,6e77cd50-3637-4b3a-b3d2-8967f1009dba,45,45,4,1,1,1,1,1,1
16 GPU,8,44a4e47f-fab2-490d-a7e9-439373848839,13,13,2,1,1,1,1,1,1
16 GPU,8,61f87f86-09e1-4122-a6fd-d40026d91677,11,11,2,1,1,1,1,1,1
16 GPU,8,6d296633-3e90-4311-8b1e-89702d0d48ce,7,7,1,1,1,1,1,1,1
16 GPU,8,31a7b52a-46c1-49b9-be13-3a535e01c033,7,7,2,1,1,1,1,1,1
16 GPU,8,a50917bf-90e3-4fea-b856-3d2951a9650b,6,6,1,1,1,1,1,1,1
16 GPU,8,d11d2217-917e-45c4-9706-4ca528faca8b,7,7,1,1,1,1,1,1,1
16 GPU,8,1c572745-afb0-48da-ac4c-9fe1142cca2f,8,8,1,1,1,1,1,1,1
16 GPU,8,d3f00964-9159-4fbc-b23a-7fe6de77eccf,9,9,1,1,1,1,1,1,1
16 GPU,8,a6fab226-f1f6-4f0d-9f94-cfaad623d088,10,10,1,1,1,1,1,1,1
16 GPU,8,c9b1b613-905b-4cbd-aa13-c10293994302,9,9,1,1,1,1,1,1,1
16 GPU,8,d4e9dad1-3d4e-4839-b11d-4eff1f410254,5,5,1,1,1,1,1,1,1
16 GPU,8,e22d0a7f-1ca7-434d-8a38-fd6e33a424f0,6,6,2,1,1,1,1,1,1
16 GPU,8,485f837b-a3db-4394-95e7-954eba86254e,6,6,1,1,1,1,1,1,1
16 GPU,8,5cb72838-9397-4dc4-90a7-aa5d7532b71d,6,6,1,1,1,1,1,1,1
16 GPU,8,007361e7-cd72-4372-8b5b-c63f2336b67d,5,5,1,1,1,1,1,1,1
16 GPU,8,fe6eba2e-3886-4f25-ab04-5bc87ef3d643,8,8,1,1,1,1,1,1,1
16 GPU,8,185ce834-71b1-48ef-bace-dc5a5dec5dd4,5,5,1,1,1,1,1,1,1
16 GPU,8,b70123e4-b7eb-42f9-8e65-d96a9d8441ae,8,8,1,1,1,1,1,1,1
16 GPU,8,8d1289be-2148-4b81-b3b2-25dcd58b92de,5,5,1,1,1,1,1,1,1
16 GPU,8,95d41636-0132-4260-ba81-06a9a10cce73,5,5,1,1,1,1,1,1,1
16 GPU,8,39658647-30e2-4a42-bfff-6d64fbf69706,5,5,1,1,1,1,1,1,1
16 GPU,8,32426b01-58c7-4f1a-8539-61806a0e20a7,10,10,1,1,1,1,1,1,1
16 GPU,8,5ea3d8ee-1454-49a8-9786-813b29432c0c,6,6,1,1,1,1,1,1,1
16 GPU,8,b2cc5c97-67ef-4cc3-b245-9de53ab1df36,9,9,1,1,1,1,1,1,1
16 GPU,8,78a10149-7e12-435a-9a3a-cfd7b8e4ac02,6,6,2,1,1,1,1,1,1
16 GPU,8,8bba85a0-00d1-4ff6-844d-57e0514abb66,7,7,1,1,1,1,1,1,1
16 GPU,8,428697a5-8897-4649-bbc5-881593d38a0d,61,61,5,1,1,1,1,1,1
16 GPU,8,3adc5b8d-ec2c-4879-be45-59f9268f0e7d,35,35,6,1,1,1,1,1,1
16 GPU,8,bfb410d6-fa51-4bb0-9113-ae2a944c66c9,35,35,7,1,1,1,1,1,1
16 GPU,8,4d473c80-db7c-4e0f-8456-75c5929d60ee,73,73,9,1,1,1,1,1,1
16 GPU,8,6e34d207-6229-4cb9-959b-f07c0dd208b9,49,49,18,1,1,1,1,1,1
16 GPU,8,e534b194-60f4-4ca0-b7b7-96f3550232e5,16,16,3,1,1,1,1,1,1
16 GPU,8,2c0c848e-2571-4b26-955b-a6c3061abb92,37,37,4,1,1,1,1,1,1
16 GPU,8,3b7e6034-867f-4353-92c5-7253cf68fbcb,31,31,5,1,1,1,1,1,1
16 GPU,8,0c3e4825-c222-437e-841a-fac278e293ac,32,32,1,1,1,1,1,1,1
16 GPU,8,cadd1aa5-165a-4ad0-ac70-80987fed9ec0,27,27,5,1,1,1,1,1,1
16 GPU,8,7d67177b-42cc-47c8-a376-b5575161329d,25,25,3,1,1,1,1,1,1
16 GPU,8,d0a28716-9377-4c01-abbc-9d440b72b114,33,33,5,1,1,1,1,1,1
16 GPU,8,aeba00f2-1ab5-4d8c-9f0f-665a8ad28cac,51,51,15,1,1,1,1,1,1
16 GPU,8,cff049b7-c3c9-451b-a8f7-83973035e818,54,54,10,1,1,1,1,1,1
16 GPU,8,24aa1d05-232e-4196-8416-4a581c47a6d2,20,20,1,1,1,1,1,1,1
16 GPU,8,05ae6d2a-f812-4fbc-aef1-f4c65c8b6d28,35,35,7,1,1,1,1,1,1
16 GPU,8,33a2a301-7bb3-413c-bef9-8db78d19c6b7,44,44,1,1,1,1,1,1,1
16 GPU,8,419db306-6ddc-4c0d-848b-90a2764b4fb2,56,56,10,1,1,1,1,1,1
16 GPU,8,ca6fd23e-0583-4b4d-becb-444b304cc96d,50,50,11,1,1,1,1,1,1
16 GPU,8,d51d830d-ae04-41a4-9e94-345b02036afa,24,24,2,1,1,1,1,1,1
16 GPU,8,4c7e04f8-ba90-47d4-a402-25d72a1c2426,39,39,4,1,1,1,1,1,1
16 GPU,8,2f18347a-cc04-403b-b5ba-643170f1c3d9,8,8,2,1,1,1,1,1,1
16 GPU,8,0cb8a0af-5650-4b70-9fab-ebdfde73fb0c,43,43,2,1,1,1,1,1,1
16 GPU,8,02f29484-d187-4df3-86de-3d54600dbb8f,63,63,2,1,1,1,1,1,1
16 GPU,8,f5424182-140b-458d-86d8-510c63f2542f,37,37,2,1,1,1,1,1,1
16 GPU,8,5a634d58-86e8-475c-a537-54ef0140e82b,13,13,5,1,1,1,1,1,1
16 GPU,8,0fa210a8-0010-4b10-bb93-8d89457f3caa,53,53,2,1,1,1,1,1,1
16 GPU,8,2f18cf2f-0284-4ddd-82a2-e14757122a5c,58,58,9,1,1,1,1,1,1
16 GPU,8,64c02b97-0c47-40b8-a8c9-59179c17a3ea,53,53,1,1,1,1,1,1,1
16 GPU,8,483a055e-ed70-435a-8d38-b3d637b4fb1c,43,43,4,1,1,1,1,1,1
16 GPU,8,da148603-8637-4350-a802-691be092759b,38,38,3,1,1,2,1,1,1
16 GPU,8,ad352aab-0312-44fa-9330-5090dad35eac,48,48,8,1,1,1,1,1,1
16 GPU,8,e447c012-3854-4219-8722-11abe643c9be,23,23,3,1,1,1,1,1,1
16 GPU,8,1be4430a-621e-4043-b192-131d260585f5,16,16,1,1,1,1,1,1,1
16 GPU,8,bf19636f-9a72-482f-9f59-ace124451fbe,34,34,6,1,1,1,1,1,1
16 GPU,8,220d88f5-d0ae-465b-8365-bb10bd914c15,19,19,3,1,1,1,1,1,1
16 GPU,8,ad3c754e-f78c-4a58-a2e5-d3218612e8b8,57,57,19,1,1,1,1,1,1
16 GPU,8,a6af1598-7606-4634-ae7f-7bae70eeff23,47,47,1,1,1,1,1,1,1
16 GPU,8,bf296854-a49a-4489-8350-a0f30a4e7d2b,48,48,2,1,1,1,1,1,1
16 GPU,8,9b278199-255f-4fd1-81d8-46db3a92e8a6,18,18,1,1,1,1,1,1,1
16 GPU,9,eea9328f-1097-4ea1-8cb8-f936e3ca5b87,15,15,1,1,1,1,1,1,1
16 GPU,9,fdc10363-c1f0-40d9-927b-cd30cb2777ae,26,26,1,1,1,1,1,1,1
16 GPU,9,ea5f2eab-e8e0-46f8-a4ac-2a165f4e5c75,1,1,1,1,1,1,1,1,1
16 GPU,9,ffb3827a-e0a6-4452-8e79-1929de30d651,59,59,1,2,2,2,1,1,1
16 GPU,9,15db6a50-5941-4fb7-b7d5-d5f4df3e168b,34,34,1,1,1,1,1,1,1
16 GPU,9,55021f10-e401-49e1-b358-76e6fb3e2f96,45,45,1,1,1,1,1,1,1
16 GPU,9,40c1141e-a697-415e-885b-8c28b4c4555c,33,33,1,1,1,1,1,1,1
16 GPU,9,d2ebfc03-26b6-4ad8-bbf1-5a4bc06da324,10,10,2,1,1,1,1,1,1
16 GPU,9,7a50387c-0fbb-412b-a5a0-8eddc09ebd2b,29,29,2,1,1,1,1,1,1
16 GPU,9,ebd18724-12c6-4756-85e8-785f85e2ae77,95,95,3,1,1,1,1,1,1
16 GPU,9,79df3654-2811-4df3-b29f-0ac9a3f14a56,57,57,7,1,1,1,1,1,1
16 GPU,9,b4385115-d4d8-401a-9e1f-94e601068669,41,41,16,1,1,1,1,1,1
16 GPU,9,4756f246-2b47-44a2-8477-9807f2df8e68,19,19,2,1,1,1,1,1,1
16 GPU,9,c8b58854-f49f-4935-baaf-2d7935c5a474,75,75,3,1,1,1,1,1,1
16 GPU,9,b03664e2-5864-404f-8c44-6654c4018e01,58,58,3,1,1,1,1,1,1
16 GPU,9,1fc6c3b6-78db-43bf-9e65-70a771d3de12,42,42,2,1,1,1,1,1,1
16 GPU,9,7fa90198-696f-44ff-bbc2-869b0ebcf51a,9,9,3,1,1,1,1,1,1
16 GPU,9,1ba70755-1613-4d19-8e44-b342e05e9f13,16,16,6,1,1,1,1,1,1
16 GPU,9,5c51ef2b-7888-4773-a911-fb9812dc305f,34,34,4,1,1,1,1,1,1
16 GPU,9,668815a9-bb17-4327-a055-36da8e3f8c11,17,17,2,1,1,1,1,1,1
16 GPU,9,0bf9cc00-3717-46c9-ba54-4b3ef4c30eb9,15,15,2,1,1,1,1,1,1
16 GPU,9,b964d7d9-507c-49c4-838b-431bc3fb6213,22,22,2,1,1,1,1,1,1
16 GPU,9,7678203d-5dbd-48d3-9b74-11be441a4f8f,116,116,9,1,1,1,1,1,1
16 GPU,9,f0ae5283-b7c6-4637-9636-98db1df96d94,26,26,7,1,1,1,1,1,1
16 GPU,9,bac1477c-88ea-4964-9cca-829afd30c3c4,46,46,13,1,1,1,1,1,1
16 GPU,9,228e6f3d-4f0b-4686-9d88-5891a4efc3ec,45,45,1,1,1,1,1,1,1
16 GPU,9,0ce2425d-5001-449e-893c-d1240e50ba21,2,2,1,1,1,1,1,1,1
16 GPU,9,16a088bf-6071-49de-80fb-d0b937cd35a9,16,16,7,1,1,1,1,1,1
16 GPU,9,901d6e4f-5759-4ba7-a773-0149c9179ec5,28,28,3,1,1,1,1,1,1
16 GPU,9,0abaa099-803a-45c8-80a2-320a84594689,3,3,2,1,1,1,1,1,1
16 GPU,9,9c786e9a-6027-4a58-8fab-61b98773d495,42,42,1,1,1,2,1,1,1
16 GPU,9,b20ca554-5b69-4c9e-93d1-a04da93e4ddb,61,61,6,1,1,1,1,1,1
16 GPU,9,91e28123-a1e3-4aa4-8382-162386916234,52,52,2,1,1,1,1,1,1
16 GPU,9,01f1404c-31a1-4ad3-821d-87f41ec838d3,14,14,1,1,2,2,1,1,1
16 GPU,9,8d5d5d58-007d-4f6c-9363-96cb0677ea08,27,27,1,1,1,1,1,1,1
16 GPU,9,eee57adb-5309-4533-84a1-43bbb893a37b,20,20,2,1,1,1,1,1,1
16 GPU,9,6ee7bcd6-bae8-4996-8e0a-65ac0a35bdcf,19,19,1,1,1,1,1,1,1
16 GPU,9,f00df58c-8fbe-4ec1-bca1-96dd90f496a0,18,18,1,1,1,1,1,1,1
16 GPU,9,f9436c98-1169-49c3-af81-a741a69d7e6e,12,12,1,1,2,2,1,1,1
16 GPU,9,cccc0f12-db27-4a5f-814a-8572fc8045b3,20,20,1,1,1,1,1,1,1
16 GPU,9,9c277f05-46c4-4334-bea5-90da6c411745,27,27,2,1,1,1,1,1,1
16 GPU,9,4acfd36c-0a45-4b88-8bc5-4813f9847563,24,24,1,1,1,1,1,1,1
16 GPU,9,91a92c6d-a1ea-44d2-abc5-e0d774d9d8ef,17,17,1,1,1,1,1,1,1
16 GPU,9,a14cec33-ab21-4f6b-94bf-3a11951ed27e,3,3,2,1,1,1,1,1,1
16 GPU,9,a03aa989-ba9e-47b0-9932-04d7230afd3c,5,5,2,1,1,1,1,1,1
16 GPU,9,3ab18f63-a127-44cf-bef3-d09c08653e3c,31,31,9,1,1,1,1,1,1
16 GPU,9,09241e9c-fe53-4639-957b-d908a9865de9,54,54,4,1,1,1,1,1,1
16 GPU,9,20945dd5-3bba-466f-bf1a-89028128b93e,45,45,2,1,1,1,1,1,1
16 GPU,9,aa94f800-a5ca-40fb-b70b-bf536dc62301,37,37,1,1,1,1,1,1,1
16 GPU,9,0b8c1119-9617-4c56-a84e-5eba28c3a92d,3,3,1,1,1,1,1,1,1
16 GPU,9,b6dbc557-0a31-4678-9245-8a764d734759,17,17,2,1,1,1,1,1,1
16 GPU,9,698317f6-668d-4182-aec8-0e2578eb67f3,50,50,4,1,1,1,1,1,1
16 GPU,9,84fb3983-e8ff-456c-8001-0ef442c3e397,41,41,7,1,1,1,1,1,1
16 GPU,9,66bdea50-dc2f-4308-b1b2-824fbd64ba53,33,33,8,1,1,1,1,1,1
16 GPU,9,0cb0639a-e6bc-48d4-bc2f-b0720b8a7ef1,23,23,2,1,1,1,1,1,1
16 GPU,9,710a115c-6ba3-4b6a-8eab-9fca38ef71e6,30,30,1,1,1,1,1,1,1
16 GPU,9,91b5dd50-b616-4670-9059-ad6f6e481ee0,8,8,1,1,1,1,1,1,1
16 GPU,9,f1f519c8-683d-4889-879f-aff02dbe3706,31,31,1,1,1,1,1,1,1
16 GPU,9,e4b5ec98-f37c-4c71-9de9-f8e0705d79ea,52,52,3,1,1,1,1,1,1
16 GPU,9,cd40f4ac-c222-4b87-98f5-5ce461685a2f,18,18,1,1,1,1,1,1,1
16 GPU,9,99f77fc1-e917-4ead-8743-b712460d9c2b,27,27,2,1,1,1,1,1,1
16 GPU,9,a40e31c2-175e-45d0-a558-a195f18bdd81,28,28,2,1,1,1,1,1,1
16 GPU,9,5f4b7e0d-9379-4888-bca6-94aa41b3fd36,26,26,1,1,1,1,1,1,1
16 GPU,9,2f277b80-9fe4-43d4-a0b6-97585be71b32,5,5,1,1,1,1,1,1,1
16 GPU,9,9cf7ab3b-ff6c-4b6c-abd7-7c2ac2785582,19,19,1,1,1,1,1,1,1
16 GPU,9,dfbce121-60e8-4895-abee-b2e9edbeac3f,16,16,1,1,1,1,1,1,1
16 GPU,9,d1548f37-fc21-4276-841f-f927acf5418b,9,9,1,1,1,1,1,1,1
16 GPU,9,6e0a9ad3-5ce6-4f35-bf43-2416d9587430,5,5,1,1,1,1,1,1,1
16 GPU,9,45f0683f-43cf-44ff-aafa-a4996e141ac7,5,5,1,1,1,1,1,1,1
16 GPU,9,323410f5-66c5-446d-9753-194bed1cf055,22,22,3,1,1,1,1,1,1
16 GPU,9,3affe925-7319-4f37-8cd7-033386b1bcec,6,6,1,1,1,1,1,1,1
16 GPU,9,617131a0-b7e8-43f2-9884-5567ad87a19e,6,6,2,1,1,1,1,1,1
16 GPU,9,74fae788-9ba2-4142-9e84-03ddb7081873,35,35,1,1,1,1,1,1,1
16 GPU,9,485aaa4e-61c5-4da0-90bb-a4d3521cfb52,47,47,1,1,1,1,1,1,1
16 GPU,9,cbbdfcf0-7788-4796-b229-db22af838cf6,84,84,9,1,1,1,1,1,1
16 GPU,9,3ffe7d7b-0383-4ac5-b2da-6551b7fe00cf,138,138,4,2,2,4,1,1,1
16 GPU,9,9aed16b7-eb02-48a2-8a95-77d8cc55ed4e,65,65,1,1,1,1,1,1,1
16 GPU,9,1b0efdf0-333a-4990-a3bc-fb649d01a8d9,56,56,3,1,1,1,1,1,1
16 GPU,9,2864d078-6ce2-42b0-8351-b38148c500da,63,63,10,1,1,1,1,1,1
16 GPU,9,68df2ec1-4c1e-4195-9795-555a1cfda0c7,14,14,2,1,1,1,1,1,1
16 GPU,9,fc98606e-e118-4b55-97ac-511c824ef996,52,52,3,1,1,1,1,1,1
16 GPU,9,e0e4867f-d701-4662-aca3-48924831754a,9,9,2,1,1,1,1,1,1
16 GPU,9,4bc1cc0c-a57d-492d-82af-779655cf2490,3,3,1,1,1,1,1,1,1
16 GPU,9,643f66bb-03e1-4ef0-9977-d28cb14366aa,10,10,2,1,1,1,1,1,1
16 GPU,9,d81e1187-01db-420a-8fa7-cd15f115203a,22,22,9,1,1,1,1,1,1
16 GPU,9,9287c7e8-dbdc-4c9b-8a46-47640b880343,34,34,2,1,1,1,1,1,1
16 GPU,9,e47389e3-f711-4af2-98ba-15bbc6ef2a75,9,9,2,1,1,1,1,1,1
16 GPU,9,99b83e36-75a8-4b02-a3ef-ae23019ce38a,10,10,1,1,1,1,1,1,1
16 GPU,9,5cdd5aa5-c43a-4c6e-bdf7-7e0327e291db,6,6,1,1,1,1,1,1,1
16 GPU,9,ea5d456b-0686-489c-a255-2328e4051c4f,7,7,1,1,1,1,1,1,1
16 GPU,9,60235f18-2912-4dff-b183-d5cccf02477a,28,28,1,1,1,1,1,1,1
16 GPU,9,13007e14-d212-4d24-898f-27afc06d5246,8,8,1,1,1,1,1,1,1
16 GPU,9,c1f79c29-a070-4bdc-815b-636e3a0be8c9,6,6,1,1,1,1,1,1,1
16 GPU,9,1add7e03-f22d-4979-9c84-f3ffcae94b5d,6,6,1,1,1,1,1,1,1
16 GPU,9,5f44a92b-e355-4a25-a1c3-97721ce3c991,5,5,1,1,1,1,1,1,1
16 GPU,9,012bc516-e590-488d-b328-cf7a6f19d49c,6,6,1,1,1,1,1,1,1
16 GPU,9,951e8149-6250-496d-8229-1a9994134d8e,23,23,13,1,1,1,1,1,1
16 GPU,9,2ba15e63-d3fd-4517-bd12-b627e1ca715d,30,30,17,1,1,1,1,1,1
16 GPU,9,e89d15d4-11fe-49cb-85ee-c96df42e27e1,14,14,2,1,1,1,1,1,1
16 GPU,9,605c96d3-c7e6-4083-a674-840d9e85eb32,65,65,1,1,1,1,1,1,1
16 GPU,9,775005e5-af6b-44fb-b4ed-26632c1c6209,43,43,5,1,1,1,1,1,1
16 GPU,9,8b6a83c9-07b6-4463-9343-0b94375b27fa,50,50,5,1,1,1,1,1,1
16 GPU,9,e83216ec-c31c-4d33-877f-03e9be10cd0a,8,8,4,1,1,1,1,1,1
16 GPU,9,f88f087b-7f13-48c4-957b-b88248b8e6ed,50,50,6,1,1,1,1,1,1
16 GPU,9,232b31ef-5aa8-4d41-97c2-2312c3f5b4e4,13,13,1,1,1,1,1,1,1
16 GPU,9,d06b542f-5e7a-45e3-914f-525f3900e811,16,16,2,1,1,1,1,1,1
16 GPU,9,46cbec56-489f-412d-bb7a-8ec4730752d6,13,13,1,1,1,1,1,1,1
16 GPU,9,7834db74-8fb7-4981-8d44-2ea90669dfef,10,10,2,1,1,1,1,1,1
16 GPU,9,82a72de1-98ce-4406-8d9a-3b49a6f7ff24,9,9,1,1,1,1,1,1,1
16 GPU,9,87ca8bc4-ec61-4c79-9725-d5e8debe01ef,26,26,1,1,1,1,1,1,1
16 GPU,9,1e41077e-41c3-46de-8510-422071786b3a,11,11,1,1,1,1,1,1,1
16 GPU,9,3fe5532d-c4a5-4007-afa0-60c0c131e1f9,13,13,3,1,1,1,1,1,1
16 GPU,9,e4bde057-1f6f-459d-87b6-75b87f5365cd,63,63,17,1,1,1,1,1,1
16 GPU,9,220686c6-8382-4674-90e1-fb117e4ef3a0,55,55,3,1,1,1,1,1,1
16 GPU,9,b0774817-34e6-49e5-888b-f20d16fea0a8,55,55,8,1,1,1,1,1,1
16 GPU,9,9983061b-0ccc-4f8f-90d6-a2674100178e,46,46,3,1,1,1,1,1,1
16 GPU,9,8dc6f2fe-0a97-497f-8f5b-9f6ab4d5c989,53,53,2,1,1,1,1,1,1
16 GPU,9,2c0f2e7e-c995-46cb-9f60-215dd2e265a1,37,37,3,1,1,1,1,1,1
16 GPU,9,73f6257e-ad76-476c-a705-71ec07c7d63b,41,41,2,1,1,1,1,1,1
16 GPU,9,95f37d8c-8b5c-445c-9865-db1c552ededd,9,9,6,1,1,1,1,1,1
16 GPU,9,9f83e64d-de9a-4c8e-8f09-a6daf83da6bb,42,42,3,1,1,1,1,1,1
16 GPU,9,13c19430-d147-4a15-94fe-f0c729f91cb6,23,23,1,1,1,1,1,1,1
16 GPU,9,46f582a9-9353-426b-9393-7be27c7b3746,12,12,1,1,1,1,1,1,1
16 GPU,9,76c609a0-c678-43bc-8116-ec4550747ac3,32,32,1,1,1,1,1,1,1
16 GPU,9,b3c493ea-686c-458d-b390-da5095b779f6,34,34,4,1,1,1,1,1,1
16 GPU,9,18a90422-bff5-494f-a9e2-c44cec31365e,78,78,5,1,1,1,1,1,1
16 GPU,9,b6d71b25-2415-462b-b56a-44adf055f0ff,27,27,3,1,1,1,1,1,1
16 GPU,9,5dc35a91-9a43-4d4b-80af-5ddf2a9b0fc7,32,32,1,1,1,1,1,1,1
16 GPU,10,e16143d4-f0a7-4569-b5fb-018b26fe30c7,26,26,1,1,1,1,1,1,1
16 GPU,10,f7abe82e-0d92-41ef-bedb-18d90964bb55,22,22,16,1,1,1,1,1,1
16 GPU,10,e8944648-9789-40c7-9173-2c4ac306c47f,42,42,3,1,1,1,1,1,1
16 GPU,10,37648cdf-3472-483d-9f76-dd51141e07fd,52,52,2,1,1,1,1,1,1
16 GPU,10,9fbc2ecd-6c3d-4276-8580-eb0c3422d6f4,41,41,4,1,1,1,1,1,1
16 GPU,10,8c192ec1-0884-4f1b-9346-74909846c059,89,89,10,1,1,1,1,1,1
16 GPU,10,e2ef44b8-0cb1-45fb-85c3-ee60b92d784e,29,29,1,1,1,1,1,1,1
16 GPU,10,9f18911d-3111-4297-b042-6b3f494b6a96,31,31,3,1,1,1,1,1,1
16 GPU,10,e9d6987a-6be5-413f-9592-1aabc146bfc7,26,26,3,1,1,1,1,1,1
16 GPU,10,45ae0843-042f-4204-a23e-8c8c0f1cdea0,30,30,4,1,1,1,1,1,1
16 GPU,10,52633820-cb00-4395-a747-55faa8ee48f7,14,14,2,1,1,1,1,1,1
16 GPU,10,2f21e3f5-2853-48b7-a533-066444841fa5,37,37,4,1,1,1,1,1,1
16 GPU,10,8696663e-d7f6-40d6-bd52-136b890121a9,6,6,2,1,1,1,1,1,1
16 GPU,10,9e469f00-4287-402d-9687-8d924e1fa655,25,25,8,1,1,1,1,1,1
16 GPU,10,b71320e1-50be-4413-8a69-c8c7a5a970b1,22,22,2,1,1,1,1,1,1
16 GPU,10,2ad21a95-2ac4-4ac1-b845-d50e67525b0c,20,20,3,1,1,1,1,1,1
16 GPU,10,ba40d9d5-c604-4804-a54d-47d1a35d77dd,48,48,5,1,1,1,1,1,1
16 GPU,10,9a9aea89-6234-44fb-ba65-0c9a234acfc6,29,29,2,1,1,1,1,1,1
16 GPU,10,94e86174-ab81-4a32-a5bf-82e10637708d,6,6,1,1,1,1,1,1,1
16 GPU,10,552b6511-09a9-447b-a497-a555f00dbe7c,23,23,1,1,1,1,1,1,1
16 GPU,10,8b665d0a-53c4-4a6b-87ae-801d3cd9fbda,7,7,1,1,1,1,1,1,1
16 GPU,10,794d85bf-6293-4706-8dd6-6be358aec310,68,68,1,1,1,1,1,1,1
16 GPU,10,b5cc16c8-e71b-47dd-9e1b-02750f2e24cb,20,20,1,1,1,1,1,1,1
16 GPU,10,afa75dbe-0475-4649-9abe-d56f7c408a4f,7,7,1,1,1,1,1,1,1
16 GPU,10,1ea7c02d-bbd7-44be-be3c-cc282496f428,29,29,2,1,1,1,1,1,1
16 GPU,10,5d0e467c-6470-4aca-92cf-12dfb2880d66,56,56,2,2,3,8,1,1,1
16 GPU,10,5f5a558b-238a-497a-b832-303dc66469da,99,99,1,1,2,3,1,1,1
16 GPU,10,4724765f-6fca-4a15-bfd9-797d3a46a9d0,9,9,1,1,1,1,1,1,1
16 GPU,10,47919a66-4ff1-409c-8ff4-7a02042dd904,27,27,1,1,1,1,1,1,1
16 GPU,10,66c0a75d-c9ce-4b1e-875b-1773e4c0f41a,22,22,1,1,1,1,1,1,1
16 GPU,10,5344d22e-5d4a-4a1c-93e3-22b9d2ecaf29,43,43,1,1,1,1,1,1,1
16 GPU,10,37fdf8b9-8225-4f65-8135-2970b5beb849,11,11,2,1,1,1,1,1,1
16 GPU,10,33b12777-45ab-4931-9815-ed74c2d5ad0e,30,30,1,1,1,1,1,1,1
16 GPU,10,650cf439-4f10-48db-9627-b00e4e2d2d8c,40,40,1,1,1,1,1,1,1
16 GPU,10,2b16616c-1214-48ff-ba29-cda3f8b8677b,3,3,2,1,1,1,1,1,1
16 GPU,10,4fe184c6-dc69-4475-83be-4455fdf3c093,30,30,2,1,1,1,1,1,1
16 GPU,10,17f54400-3348-45f9-b32d-668a8835b461,60,60,12,1,1,1,1,1,1
16 GPU,10,1984ffd1-a3c0-4f71-adc8-970d262a6516,19,19,2,1,1,1,1,1,1
16 GPU,10,06714925-98e5-4bb3-b7e3-ba3ff72eea86,28,28,7,1,1,1,1,1,1
16 GPU,10,21470dd9-6a29-47a4-933e-aeae682fec20,37,37,3,1,1,1,1,1,1
16 GPU,10,7684b136-f0ae-4d71-b6e0-263469c397d6,29,29,2,1,1,1,1,1,1
16 GPU,10,df6807ed-4037-4625-ae7d-62ccb26d5399,23,23,1,1,1,1,1,1,1
16 GPU,10,bba15964-3c18-459d-89c8-abf578ec6a24,2,2,2,1,1,1,1,1,1
16 GPU,10,dea363c8-c5db-4f9a-a9a5-5aa5365fac44,92,92,1,1,1,1,1,1,1
16 GPU,10,eb01fe1e-7758-4c41-95f0-366ec74d3b60,34,34,2,1,1,1,1,1,1
16 GPU,10,8c218fe4-de5f-4c2c-96a3-61be67c8a0f8,28,28,2,1,1,1,1,1,1
16 GPU,10,31fe112d-9568-42a0-835e-c989bf46f8a3,15,15,3,1,1,1,1,1,1
16 GPU,10,58d9748f-1e4b-4e9e-bfad-66d52e0f9c56,23,23,1,1,1,1,1,1,1
16 GPU,10,c45a3e7b-c9d3-430c-b4af-03c07d42bf9b,21,21,1,1,1,1,1,1,1
16 GPU,10,a5fcaf33-0cce-4c49-bba8-52f96758b6cd,42,42,1,1,1,1,1,1,1
16 GPU,10,7f617b39-8961-4d8f-9b0f-99d107663461,41,41,1,1,1,1,1,1,1
16 GPU,10,a0711c81-649d-4e46-af45-5090c21bc6bd,28,28,5,1,1,1,1,1,1
16 GPU,10,fa2535b2-9b30-428b-ae17-a69fabb049cb,54,54,1,1,1,1,1,1,1
16 GPU,10,ede55f51-b849-4635-aba1-ce7e543a25ae,29,29,1,1,1,1,1,1,1
16 GPU,10,e647c09b-63f3-48a6-883a-09f4477d48eb,5,5,2,1,1,1,1,1,1
16 GPU,10,48498bd3-b1b1-488a-9feb-c4869ccbc4bb,49,49,1,1,1,1,1,1,1
16 GPU,10,e4ce5a86-c89d-44c3-b63e-3c735ea0775e,65,65,1,1,1,1,1,1,1
16 GPU,10,16b89ec6-2582-439b-b730-f920202e8262,44,44,3,1,1,1,1,1,1
16 GPU,10,db954b91-2322-4cb5-b3e1-b94b2007e5ff,57,57,1,1,1,1,1,1,1
16 GPU,10,7804a732-4add-4a13-a6ef-09e8ef9c671e,25,25,1,1,1,1,1,1,1
16 GPU,10,24ccc5d8-a4a4-4456-a613-d31ca51033ba,62,62,3,1,1,1,1,1,1
16 GPU,10,fb030add-fa55-418a-9193-af59e3b89846,58,58,1,1,1,1,1,1,1
16 GPU,10,f05c0422-0e09-4412-b2e4-ca1a42c1944a,26,26,1,1,1,1,1,1,1
16 GPU,10,2f055571-4ba8-473f-b064-53bf6a2d3026,61,61,2,1,1,1,1,1,1
16 GPU,10,23020658-c3cb-43f2-bb6b-986045c9f58e,64,64,2,1,1,1,1,1,1
16 GPU,10,23287087-f902-4e71-a311-94ad60431a8c,28,28,1,1,1,1,1,1,1
16 GPU,10,40683292-7b1e-4a5e-87af-de9a7e0ea002,32,32,1,1,1,1,1,1,1
16 GPU,10,c52b7016-e725-4697-afeb-14c63e9d0968,54,54,1,1,1,1,1,1,1
16 GPU,10,d1900700-56b5-410b-870d-90ba7ac5792d,80,80,6,1,1,1,1,1,1
16 GPU,10,1b161e90-2703-4ded-9c60-efa202fb0125,16,16,1,1,1,1,1,1,1
16 GPU,10,725e2c20-02ad-491b-a025-c226c3134191,40,40,2,1,1,1,1,1,1
16 GPU,10,ff0582bc-8c90-443e-9a01-493e731ef717,28,28,1,1,1,1,1,1,1
16 GPU,10,c756c952-e969-499c-b92b-848bead1bad7,24,24,1,1,1,1,1,1,1
16 GPU,10,4ebd7415-dd65-4365-893d-13fc8f2be2d1,63,63,1,1,1,1,1,1,1
16 GPU,10,700a49e5-c761-4ebb-ba84-02d86bc4dcf0,32,32,1,1,1,1,1,1,1
16 GPU,10,edb98ce6-ea8b-4dbf-9081-3a2c85ebe1ae,45,45,1,1,1,1,1,1,1
16 GPU,10,d741fef8-0d9b-4e26-b413-782a0a9e9ba2,20,20,2,1,1,1,1,1,1
16 GPU,10,20698ba9-6546-4a77-9144-d1a99a98b154,37,37,1,1,2,2,1,1,1
16 GPU,10,43c0e3a7-ef71-401a-a5cc-0eda3973a3fb,3,3,3,1,1,1,1,1,1
16 GPU,10,c35ba7af-c807-4620-b7cc-12aab863d82f,43,43,4,1,1,1,1,1,1
16 GPU,10,e37d5e6a-11c6-49d5-8101-7d17adb114a2,15,15,1,1,1,1,1,1,1
16 GPU,10,d486e379-ca05-41c7-9f10-e6604a151195,15,15,1,1,1,1,1,1,1
16 GPU,10,c922451f-773e-44ff-98f9-7c85407367eb,9,9,2,1,1,1,1,1,1
16 GPU,10,52790eb7-617b-43d3-ac0c-4aeb9aabbdc8,20,20,1,1,1,1,1,1,1
16 GPU,10,68d7ca6d-bda2-426e-af71-51d19bd1359c,40,40,1,1,1,2,1,1,1
16 GPU,10,b1747a1c-d6d1-4de7-9879-b11dbcfea302,13,13,1,1,2,2,1,1,1
16 GPU,10,1c8d7d74-4fba-4eac-8b0e-235e2a242069,66,66,6,2,2,2,1,1,1
16 GPU,10,deb9d07d-09c6-411d-92a4-a019ff0e966a,60,60,2,1,1,1,1,1,1
16 GPU,10,816399f7-f806-4475-9906-2066f6068c2e,2,2,1,1,1,1,1,1,1
16 GPU,10,5b541972-1f39-4a88-b15c-884528aa1e73,47,47,2,1,1,1,1,1,1
16 GPU,10,681deaff-437d-4870-a229-8ac98b45131c,60,60,1,1,1,1,1,1,1
16 GPU,10,08ac3a92-4a26-4784-b755-91055200b168,38,38,1,1,1,1,1,1,1
16 GPU,10,bfc2f8ad-8540-48b0-a1cc-3a9fb8e609a6,76,76,2,1,1,1,1,1,1
16 GPU,10,4b0023d0-e283-4e0b-80f3-13f1fe6f5068,8,8,1,1,1,1,1,1,1
16 GPU,10,68703935-52c5-44d4-a7bf-b8289bf9496e,46,46,1,1,1,2,1,1,1
16 GPU,10,d320c91f-066b-431b-a1d1-dc5b6692859a,109,109,9,1,1,1,1,1,1
16 GPU,10,8151a3c4-7b07-4c9e-b6ef-4240c4b82cf9,17,17,1,1,1,1,1,1,1
16 GPU,10,8d50caa4-9c27-48b7-8e7d-ffe07fbeb7ff,6,6,2,1,1,1,1,1,1
16 GPU,10,7c8c3978-bbee-4697-bc90-ca7fafc63047,10,10,2,1,1,1,1,1,1
16 GPU,10,d20c1caf-94b2-41f1-973d-88860b4b961d,10,10,9,1,1,1,1,1,1
16 GPU,10,98027dd5-b359-4886-acb8-d1c5102c0eb8,23,23,1,1,1,1,1,1,1
16 GPU,10,f42f2582-53ef-4678-a476-8a894d0db32e,21,21,1,1,1,1,1,1,1
16 GPU,10,1601114a-5f0e-4b98-ba6c-1a57b2623511,64,64,1,3,3,3,1,1,1
16 GPU,10,e4ecc80a-4d2b-40c4-85bd-2ccc84e230e0,27,27,4,1,1,1,1,1,1
16 GPU,10,fd38514f-cf2c-482f-8170-bb2dcc4d461c,17,17,4,1,1,1,1,1,1
16 GPU,10,9228c926-388a-422e-984c-2b3b385634dc,78,78,1,1,1,1,1,1,1
16 GPU,10,50c220f2-6352-43ee-ad67-8e75169c48eb,4,4,0,1,1,1,0,0,0
16 GPU,10,4a869af6-0771-4e85-a0b0-a172b1588755,25,25,3,1,1,1,1,1,1
16 GPU,10,42ea486c-e4a5-40fa-a9b0-4d073f9d30d3,24,24,3,1,1,1,1,1,1
16 GPU,10,c4b6b27a-fdf5-4f36-9456-e4d9d248a0e2,15,15,1,1,1,1,1,1,1
16 GPU,10,39e62078-d040-4dda-8413-7ba95e9e1d6e,4,4,4,1,1,1,1,1,1
16 GPU,10,4ef4a391-3cf0-469f-bb25-a2d5595ad336,17,17,3,1,1,1,1,1,1
16 GPU,10,8b26a777-7c2c-438d-89f5-3e2dd56a76b5,24,24,1,1,1,1,1,1,1
16 GPU,10,b723617f-f324-44a7-bd59-78deffd78ec9,1,1,1,1,1,1,1,1,1
16 GPU,10,1deaa422-820e-40de-877c-d01d86128df9,20,20,1,2,2,2,1,1,1
16 GPU,10,647271c3-c678-468d-a853-ea2a9caa3ba6,42,42,1,1,1,1,1,1,1
16 GPU,10,b7ac5ea6-c492-4fd9-8549-93d83af8f118,62,62,1,1,1,2,1,1,1
16 GPU,10,79e43142-87c2-47ba-9a40-1c2f78fc35f3,63,63,1,1,1,1,1,1,1
16 GPU,10,bf52f387-6ca2-48aa-81d8-efffaeb63b39,27,27,1,1,1,1,1,1,1
16 GPU,10,ec5ca962-ec80-40af-9385-efe864235251,40,40,1,1,1,1,1,1,1
16 GPU,10,3c67914c-24b2-4608-9deb-5fcc31e966ab,8,8,1,1,1,1,1,1,1
16 GPU,10,cc6143b8-2f1c-462b-8d16-68063de0e2b7,30,30,0,1,1,2,0,0,0
16 GPU,10,393267ee-f56f-4580-8d57-be2c93587531,13,13,1,1,1,1,1,1,1
16 GPU,10,9fa0e980-4632-44dd-8faa-8fbad39cd4f6,3,3,2,1,1,1,1,1,1
16 GPU,10,a968b8e1-ac18-4a90-9f6d-bf0481580a7c,43,43,1,1,1,1,1,1,1
16 GPU,10,c406fc25-0be0-46ba-b352-770671fd2341,4,4,2,1,1,1,1,1,1
16 GPU,10,4c4aaa8d-0250-4cb5-a6f8-e7a7648251ff,26,26,1,1,1,1,1,1,1
16 GPU,10,1e7da12e-687f-4bb4-bd5a-bd3b324e110c,19,19,0,1,1,1,0,0,0
16 GPU,11,95966ad9-1c18-48ee-8d91-0f428561fb9f,7,7,6,1,1,1,1,1,1
16 GPU,11,a57c2cda-42d7-4c04-ae32-bccbdb6633bd,4,4,3,1,1,1,1,1,1
16 GPU,11,9fcd4e33-d76f-4e62-8fd8-769c4b2a5fc1,6,6,3,1,1,1,1,1,1
16 GPU,11,ee0aac82-5c48-4463-84bb-b0355e1bc2c4,6,6,5,1,1,1,1,1,1
16 GPU,11,75e80c83-9144-4b81-90a1-813427b2518d,7,7,6,1,1,1,1,1,1
16 GPU,11,d5182fc2-0924-4be1-9f71-c7a3731df307,11,11,10,1,1,1,1,1,1
16 GPU,11,8f78b1c8-3692-47f1-ab9b-ad9df27b84f8,4,4,4,1,1,1,1,1,1
16 GPU,11,0ba05516-c0f0-40c3-8665-db7187b33115,3,3,3,1,1,1,1,1,1
16 GPU,11,97bbf0b2-3f2d-4434-a904-4b2d2be75c48,4,4,3,1,1,1,1,1,1
16 GPU,11,a4cd9687-8c15-4d59-9f6f-27610071f1a0,4,4,3,1,1,1,1,1,1
16 GPU,11,ea08d684-c68f-438f-a194-b6a19a11eab6,4,4,3,1,1,1,1,1,1
16 GPU,11,5243eed5-91ce-4c39-912a-7902e22edc31,4,4,3,1,1,1,1,1,1
16 GPU,11,e93d350a-be7c-4f54-b851-b31d9bbeb3d1,53,53,2,1,1,1,1,1,1
16 GPU,11,2f9fcbc1-6cc7-4fda-9b91-929a9cc62f12,25,25,1,1,1,1,1,1,1
16 GPU,11,dcac2540-c99d-4ed0-a57c-290b50ede399,4,4,3,1,1,1,1,1,1
16 GPU,11,7a6913d3-9904-46cc-828c-a3134708c6ed,4,4,4,1,1,1,1,1,1
16 GPU,11,1d9a5e43-3fc1-4f80-bcb1-8275c9c032f0,36,36,1,1,1,1,1,1,1
16 GPU,11,bc5d9951-7f4e-482f-9777-72fe8f1635cf,37,37,6,1,1,1,1,1,1
16 GPU,11,6359d95f-2e71-4279-bd3f-e7ea5864411a,41,41,1,1,1,1,1,1,1
16 GPU,11,18b7d3f7-78eb-4f5f-8827-23beed4f341a,44,44,3,1,1,1,1,1,1
16 GPU,11,8b2710c3-d3f8-4f57-a584-4c78b5c8bb02,83,83,4,1,1,1,1,1,1
16 GPU,11,4f301059-d005-4350-95d8-530d0dc92a63,35,35,1,1,1,1,1,1,1
16 GPU,11,0969e17a-aa65-41f6-a56c-3f47f5c9c9cc,26,26,1,1,1,1,1,1,1
16 GPU,11,26bfefaf-b358-42f7-8f30-d405f5edf31b,18,18,1,1,1,1,1,1,1
16 GPU,11,cfe330f4-9203-4fa5-baca-287e4df4dadf,13,13,8,1,1,1,1,1,1
16 GPU,11,4fc46ff0-b45d-4d41-aefa-50b98f9d54bb,11,11,6,1,1,1,1,1,1
16 GPU,11,9e55042f-f070-40a5-828e-20a0bf811bc5,20,20,1,1,1,1,1,1,1
16 GPU,11,070d5c91-91de-4aa6-9e35-cd2638da5791,35,35,4,1,1,1,1,1,1
16 GPU,11,1f839ce2-8d80-46bc-9e1c-aa7a935f0c70,35,35,2,1,1,1,1,1,1
16 GPU,11,7010d221-eb0f-4b29-81ad-6fa1cad91992,3,3,3,1,1,1,1,1,1
16 GPU,11,9dcdce16-f4d2-49f0-9163-a079a2967bae,13,13,6,1,1,1,1,1,1
16 GPU,11,eb252144-838b-4891-b081-c1383e22ef96,11,11,2,1,1,1,1,1,1
16 GPU,11,2fbc490c-5336-47c3-84bf-901db1b07133,6,6,2,1,1,1,1,1,1
16 GPU,11,af1e705c-5e05-4c81-b00b-dc24a3a2ba75,5,5,2,1,1,1,1,1,1
16 GPU,11,61516a4c-0611-4f88-81cb-aa21bd6e2b32,9,9,4,1,1,1,1,1,1
16 GPU,11,75d2e809-feb7-4214-a260-e9086ce4ae01,3,3,3,1,1,1,1,1,1
16 GPU,11,523ecdb1-0cfb-4187-b2c5-0f761ad100d4,24,24,0,1,1,1,0,0,0
16 GPU,11,6aeab416-93b6-495a-a667-3274cad9bf6b,4,4,3,1,1,1,1,1,1
16 GPU,11,a3cecbd1-1b19-4f61-8e2e-899e9884602a,9,9,8,1,1,1,1,1,1
16 GPU,11,dd942232-365c-4bd7-a332-6b81444509c6,11,11,9,1,1,1,1,1,1
16 GPU,11,f6031168-f565-4cb6-b2d2-6555332c3d17,18,18,7,1,1,1,1,1,1
16 GPU,11,18d42667-2878-4808-a428-f948c14c91a3,3,3,2,1,1,1,1,1,1
16 GPU,11,2b520153-5514-43b5-88d8-a6908d9ba188,10,10,9,1,1,1,1,1,1
16 GPU,11,2e6f77e9-611f-48cf-b50a-2031b198e4b8,55,55,2,1,1,1,1,1,1
16 GPU,11,09bf2a47-fe14-4408-8867-f1bab5b37f79,108,108,9,1,1,1,1,1,1
16 GPU,11,08ba5ea8-e429-479d-9faf-940374acb5eb,5,5,4,1,1,1,1,1,1
16 GPU,11,4d27562e-1b97-401f-bbaa-c46ea0f56e22,12,12,7,1,1,1,1,1,1
16 GPU,11,b7361c9a-8846-46e8-a5f1-855df12558c8,18,18,4,1,1,1,1,1,1
16 GPU,11,4d0f36bc-201d-4a12-bba5-51ee3b3aa5f9,32,32,1,1,1,1,1,1,1
16 GPU,11,2a8978a6-3ba5-47f3-aba3-4b0602a1dc09,5,5,5,1,1,1,1,1,1
16 GPU,11,77a7cfa4-17ab-4df7-a5e4-7dc0659b3ba2,5,5,4,1,1,1,1,1,1
16 GPU,11,66feb5b5-1885-4820-8413-665b9f91d25e,4,4,4,1,1,1,1,1,1
16 GPU,11,61dcc684-c0e2-4a98-a632-ff05afb16a4c,61,61,4,1,1,1,1,1,1
16 GPU,11,128faf98-329d-4cfa-809a-cb31ccc6beb3,8,8,8,1,1,1,2,2,2
16 GPU,11,c5ba14cf-adea-40e8-b0ee-986ff8b7a71c,3,3,2,1,1,1,1,1,1
16 GPU,11,20d91acc-5bd7-473f-90ae-148fae4814eb,5,5,5,1,1,1,1,1,1
16 GPU,11,fb99a62a-d032-47d6-8603-bf8f7a6ee747,5,5,4,1,1,1,1,1,1
16 GPU,11,3d54aaaf-afac-41f8-a31f-299c4fe17781,14,14,14,1,1,1,1,2,2
16 GPU,11,5033211e-ed38-4cb2-9bd4-7a7d42df7e5c,4,4,3,1,1,1,1,1,1
16 GPU,11,64a115f2-ee75-4024-a423-23a0e239a8f9,3,3,3,1,1,1,1,1,1
16 GPU,11,d71e5b94-fb27-4d8a-ad67-c839e3ee21ea,4,4,3,1,1,1,1,1,1
16 GPU,11,b997425c-3e04-4286-8105-c3efdea5dbc6,5,5,5,1,1,1,1,1,1
16 GPU,11,1579de2b-22b1-475d-b331-9338bdf8efda,18,18,16,1,1,1,1,1,2
16 GPU,11,0e240ebe-0323-4672-b133-99ba4d153402,77,77,0,1,1,1,0,0,0
16 GPU,11,1aa09678-e914-419d-85ce-07639a410f34,19,19,7,1,1,1,1,1,1
16 GPU,11,92cae358-bd29-4fbc-9a63-d422f93c4fee,4,4,4,1,1,1,1,1,1
16 GPU,11,bf6de3db-11e0-446d-a0de-20b3f82061c5,3,3,3,1,1,1,1,1,1
16 GPU,11,dcc5f189-4285-4fa8-b5da-a88ddc8b6bc9,30,30,13,1,1,1,1,1,1
16 GPU,11,a7d5080f-7535-4b38-a661-133f107fee4d,4,4,4,1,1,1,1,1,1
16 GPU,11,62ac188e-5c0a-4066-8988-0167326100ff,4,4,4,1,1,1,1,1,1
16 GPU,11,7fa99875-bb67-44f9-ba6b-75df1153475e,4,4,3,1,1,1,1,1,1
16 GPU,11,70597dda-b78d-4f26-bd8e-dfcf1ed5aec1,48,48,8,1,1,1,1,1,1
16 GPU,11,78ca72d1-0b5b-4a0b-93e2-78a70cfd0777,28,28,1,1,1,1,1,1,1
16 GPU,11,2f6c43cb-3f1a-4b9e-8ff1-681c7c0f54bf,75,75,1,1,1,1,1,1,1
16 GPU,11,e1cb1ffb-63a1-429d-b3c1-cfc87892e6fd,47,47,1,1,1,1,1,1,1
16 GPU,11,d790b96a-5057-4072-84e4-883e21a3ec2b,53,53,1,1,1,1,1,1,1
16 GPU,11,0261515d-1a82-4094-80a2-5997824c7ee8,29,29,1,1,1,1,1,1,1
16 GPU,11,195b368f-20aa-49d2-858f-78f0c620ab9f,2,2,2,1,1,1,1,1,1
16 GPU,11,ff9e9746-a518-462f-bfc1-1c6cad79f8f6,2,2,2,1,1,1,1,1,1
16 GPU,11,e6de6e95-731e-47b7-ae39-e75463be2004,2,2,1,1,1,1,1,1,1
16 GPU,11,d49c8f17-9722-4f07-aace-e22abb4aa8ae,71,71,0,1,1,1,0,0,0
16 GPU,11,0c0d34b3-b4fa-4dba-920f-b6d92d0ded92,17,17,10,1,1,1,1,1,1
16 GPU,11,20e96ccc-c201-472c-a140-510c7f020880,1,1,1,1,1,1,1,1,1
16 GPU,11,7c9ebe63-7733-475f-b1d8-877e48489a81,1,1,1,1,1,1,0,0,0
16 GPU,11,dee7faf0-31a2-4065-b04c-f3efadb14cca,5,5,5,1,1,1,1,1,1
16 GPU,11,4237af7f-4666-4923-a754-77a694c4c105,28,28,0,1,1,2,0,0,0
16 GPU,11,decfa51c-ca63-418c-97cb-73afb5d12a6d,18,18,1,1,1,1,1,1,1
16 GPU,11,79180c0b-b5c8-4aeb-a8e0-83cf51ed9d90,33,33,0,1,1,2,0,0,0
16 GPU,11,c6c3ff7f-e782-4f3d-a87a-dea608e7370b,4,4,3,1,1,1,1,1,1
16 GPU,11,ac7a423b-4b7b-4afa-a95a-46a70c7c76df,4,4,3,1,1,1,1,1,1
16 GPU,11,d6626d8c-36ed-47b7-ac53-5813f98c8616,4,4,4,1,1,1,1,1,1
16 GPU,11,5519c133-3b43-4f6d-b937-a87899686a21,4,4,3,1,1,1,1,1,1
16 GPU,11,28ec4e07-ee8d-4e83-ae55-0e9ae20bb2c7,4,4,4,1,1,1,1,1,1
16 GPU,11,21a6b3bc-8b05-451c-8786-9c3723d711c3,7,7,6,1,1,1,1,1,1
16 GPU,11,6383d3d8-97d5-4a56-be34-5a4e06f91e5f,4,4,4,1,1,1,1,1,1
16 GPU,11,7e336114-03ff-4c6e-bc40-85cd26b3bf9c,4,4,3,1,1,1,1,1,1
16 GPU,11,8ea2ca00-4f63-4a13-a655-dd6ab3ae84f0,80,80,1,1,1,1,1,1,1
16 GPU,11,a5bea805-c9a9-4940-b37d-a1426654a447,73,73,1,1,1,1,1,1,1
16 GPU,11,ea0e7058-ac2b-4754-b1e5-379428d0685c,10,10,8,1,1,1,1,1,1
16 GPU,11,419b8a80-7b2b-4aa0-8642-bd84027137d1,34,34,1,1,1,1,1,1,1
16 GPU,11,4c78a2c0-e2a9-4238-baab-e79be7952d33,47,47,1,1,1,1,1,1,1
16 GPU,11,7768d67a-be9b-4770-be2f-f6897c65bd6f,10,10,3,1,1,1,1,1,1
16 GPU,11,9f04d4d4-1f64-4a49-9c26-d425d4508423,12,12,5,1,1,1,1,1,1
16 GPU,11,103baea2-9bc0-4dd6-9cab-bb713bc54e9e,4,4,3,1,1,1,1,1,1
16 GPU,11,ba747da8-1837-42a2-ac9e-030b863b371b,11,11,4,1,1,1,1,1,1
16 GPU,11,35be8d1d-bb77-4f4b-b7c8-b0c2519e8ea2,26,26,1,1,1,1,1,1,1
16 GPU,11,e52bb6ed-12f1-45c7-b346-42be6b634db9,5,5,3,1,1,1,1,1,1
16 GPU,11,a9301eae-aa10-4cf1-aece-7a144646b49b,17,17,3,1,1,1,1,1,1
16 GPU,11,28c5cc88-791a-4466-a572-e796e8532d46,6,6,2,1,1,1,1,1,1
16 GPU,11,4b67405b-1056-489d-ab9a-2a4e9ce968fb,32,32,2,1,1,1,1,1,1
16 GPU,11,74a35563-5e02-4827-8488-e589a3162645,56,56,2,1,1,1,1,1,1
16 GPU,11,e7afa803-47f5-4547-8c4c-f0de008c7b6e,31,31,1,1,1,1,1,1,1
16 GPU,11,40f8b7e6-6cad-4c2a-b5bf-245904ae223d,47,47,4,1,1,1,1,1,1
16 GPU,11,53be1ef8-bfc8-4b9e-ab8d-81ed4a80da09,30,30,1,1,1,1,1,1,1
16 GPU,11,96ff2b95-071c-4e81-a464-80830d76c7cf,13,13,1,1,1,1,1,1,1
16 GPU,11,5c632a7d-70c4-4c9a-a402-6d9de76714cb,3,3,3,1,1,1,1,1,1
16 GPU,11,af743122-749f-4b4e-bd63-e81c79c318c3,5,5,4,1,1,1,1,1,1
16 GPU,11,352186fa-a731-42a1-9608-0601f1fc8e7e,4,4,3,1,1,1,1,1,1
16 GPU,11,1fb8981c-8f2f-4534-a35f-6d9bd5d53193,63,63,11,1,1,1,1,1,1
16 GPU,11,59725b2b-5b60-4a91-bede-6cef5b1e8254,25,25,2,1,1,1,1,1,1
16 GPU,11,05983172-ba54-4f88-95d6-d82d37e3831d,25,25,5,1,1,1,1,1,1
16 GPU,11,d17cb79d-5b2a-45ec-8185-bc432e9d5aab,5,5,5,1,1,1,1,1,1
16 GPU,11,507a0468-92ec-4b5a-b3ef-fa25ce29e84d,44,44,1,1,1,1,1,1,1
16 GPU,11,da16252f-91df-4551-b209-7143992cecc3,58,58,1,1,1,1,1,1,1
16 GPU,11,66717022-b383-48ac-861c-f7fc692327d8,57,57,1,1,1,1,1,1,1
16 GPU,11,b0a384a5-2ca5-451b-b0b5-11d0d14c2c5a,2,2,2,1,1,1,1,1,1
16 GPU,11,fc146e35-af74-40c8-95ac-8eb4f068c5d7,9,9,4,1,1,1,1,1,1
16 GPU,11,184e0b25-4d72-4836-8117-8496635714b4,10,10,1,1,1,1,1,1,1
16 GPU,12,b2a272df-7a09-45c6-96a1-879d4dbd3d83,8,8,6,1,1,1,1,1,1
16 GPU,12,f1181896-2bcf-4680-b56c-0b9520305c26,8,8,8,1,1,1,1,1,1
16 GPU,12,2b6d4fc4-226c-43e7-8642-4b1802cfd63f,28,28,8,1,1,1,1,1,1
16 GPU,12,fefd2809-798c-4c35-8f7b-0947a3f45845,7,7,6,1,1,1,1,1,1
16 GPU,12,d13dc9c3-ad91-42ed-9937-4ea0bb161b56,30,30,13,1,1,1,1,1,1
16 GPU,12,ecafcb1d-b40c-4235-bb28-c3d1a1f0f036,4,4,3,1,1,1,1,1,1
16 GPU,12,75c03584-4156-4fb0-a638-aed33b986464,5,4,4,1,1,1,1,1,1
16 GPU,12,00be63cb-c6b9-4f26-bc72-7e6298479ae3,8,8,7,1,1,1,1,1,1
16 GPU,12,c7d45be1-4269-4a6d-8eda-6022db0385bf,4,4,4,1,1,1,1,1,1
16 GPU,12,36e5c575-b551-4f1b-8bea-be62ecb11443,5,5,4,1,1,1,1,1,1
16 GPU,12,2faf4fc1-3274-4c04-a2f0-0e2b981f7717,24,24,1,1,1,1,1,1,1
16 GPU,12,1a060a25-073d-421d-b63d-4f8c41ed09a5,22,22,1,1,1,1,1,1,1
16 GPU,12,ec3978b2-fe94-4b53-b8a3-d21ccc31e047,19,19,4,1,1,1,1,1,1
16 GPU,12,92ff5183-41f3-4451-8112-bbb037ff841c,35,35,1,1,1,1,1,1,1
16 GPU,12,449be770-f8d9-46b8-98bf-39f48b6926b5,15,15,2,1,1,1,1,1,1
16 GPU,12,d8ba0c28-d22e-453f-9256-64818e1c7188,4,4,3,1,1,1,1,1,1
16 GPU,12,c0064912-40a9-436b-bab4-40ea19250343,43,43,1,1,1,1,1,1,1
16 GPU,12,bb2df7ea-167b-48f9-b94a-a897ce360532,51,51,1,1,1,1,1,1,1
16 GPU,12,8ac6e64c-f230-480c-8eb6-ad2b48d80917,30,30,1,1,1,1,1,1,1
16 GPU,12,96366edc-4eee-4ecc-af2d-c5204c909f53,4,4,3,1,1,1,1,1,1
16 GPU,12,5469bc38-3e18-4854-97ba-c3e325f92f26,9,9,8,1,1,1,1,1,1
16 GPU,12,f700bcd0-d6f7-420b-a92a-27c8d0919fad,58,58,1,1,1,1,1,1,1
16 GPU,12,69e9661e-f9a6-47d3-ba10-d4899eadd30d,2,2,2,1,1,1,1,1,1
16 GPU,12,8a5be796-9ecc-405c-90b7-3d14ac4129a8,2,2,1,1,1,1,1,1,1
16 GPU,12,46b16687-4af0-47d2-bb99-daca91dd6243,56,56,1,1,1,1,1,1,1
16 GPU,12,f1058ca1-7845-4951-b2fa-5af9ce4491bf,71,71,1,1,1,1,1,1,1
16 GPU,12,6c9f217b-87db-454f-833d-fd05ba586799,4,4,3,1,1,1,1,1,1
16 GPU,12,86e75558-5dd1-4b5d-9e84-0f86fdfcd80b,5,5,5,1,1,1,1,1,1
16 GPU,12,ae5f5e00-80e3-4401-9338-07b34aba5c94,5,5,5,1,1,1,1,1,1
16 GPU,12,a34b6dba-97e5-48b0-a7b9-e11d3fa9b243,6,6,6,1,1,1,1,1,1
16 GPU,12,65168f40-c721-4191-b140-2f4fc2cd7235,75,75,1,1,1,1,1,1,1
16 GPU,12,1124b1b7-d152-4e48-8c9e-871bc6b0446f,4,4,4,1,1,1,1,1,2
16 GPU,12,c93d2c39-a86d-4e36-9bba-a94f2a487f03,55,55,31,1,1,1,1,1,1
16 GPU,12,57c5be1a-3f5f-4ad9-afa7-3c37c1848214,4,4,3,1,1,1,1,1,1
16 GPU,12,8cac74fd-7ff6-4405-bb84-4aa76bb4ca5e,43,43,1,1,1,1,1,1,1
16 GPU,12,7f7fcbd1-fea3-42d0-8596-4a2bb6cbcad2,5,5,5,1,1,1,1,1,1
16 GPU,12,5785ec8f-bf06-4cb0-90e8-0bb252d40789,6,5,6,1,1,1,1,1,1
16 GPU,12,7df5f4b6-b19a-40eb-ad3c-d32a6c5147ad,51,51,6,1,1,1,1,1,1
16 GPU,12,c289768c-130b-4803-930f-03d5133e6c8d,41,41,12,1,1,1,1,1,1
16 GPU,12,a6242392-a768-44f8-bb79-e6a0d5cdc108,44,44,1,1,1,1,1,1,1
16 GPU,12,d9a523fe-fd55-4336-8159-b88eae530a45,4,4,4,1,1,1,1,1,1
16 GPU,12,90fbe94d-07a3-4e60-98d9-18419ed23712,10,10,2,1,1,1,1,1,1
16 GPU,12,6917d147-d43d-4f7b-b33b-756ace99c877,37,37,2,1,1,1,1,1,1
16 GPU,12,aa3aa456-b6e0-4425-b372-a76943da64b3,4,4,4,1,1,1,1,1,1
16 GPU,12,0d7bd36f-d84f-402f-bc0e-4958619c6734,1,1,1,1,1,1,1,1,1
16 GPU,12,9de2f61f-d092-4ec6-97d9-0e461a80ae38,5,5,5,1,1,1,1,1,1
16 GPU,12,74cbc434-dd5f-4448-a40b-4bae952bb704,59,59,1,1,1,1,1,1,1
16 GPU,12,2b180d86-1738-41f7-9769-601466bfb49b,4,4,4,1,1,1,1,1,1
16 GPU,12,f77a9f4b-72b8-45d2-84b5-11feae758547,36,36,4,1,1,1,1,1,1
16 GPU,12,62414618-84fd-47a6-a015-db33aee6bc22,8,8,8,1,1,1,1,1,1
16 GPU,12,1013ce1e-3671-4fd2-a51a-7de39e524f24,10,10,2,1,1,1,1,1,1
16 GPU,12,b2cd6f56-89b3-48b8-a09a-57bb7a09d53b,2,2,2,1,1,1,1,1,1
16 GPU,12,c1f1b044-ec66-4540-ad5c-e2936534c210,40,40,7,1,1,1,1,1,1
16 GPU,12,175f48d2-4aa1-43ac-bec8-1b845a258d01,5,5,4,1,1,1,1,1,1
16 GPU,12,a9464b98-a282-4bc3-81e1-f80341eabb03,4,4,4,1,1,1,1,1,1
16 GPU,12,314977c3-0e91-4c6e-bc53-a7c16086c7df,64,64,1,1,1,1,1,1,1
16 GPU,12,0c284261-00d0-40dc-bd32-98b7e04b64e2,4,4,4,1,1,1,1,1,1
16 GPU,12,33d7c68a-62f3-4ac9-a2f5-9f0a90528a4d,3,3,3,1,1,1,1,1,1
16 GPU,12,5cb85aa9-b1dd-42fa-a687-46bb28ef494a,4,4,4,1,1,1,1,1,1
16 GPU,12,7017d7d8-d052-4260-ab34-68713d384b68,4,4,3,1,1,1,1,1,1
16 GPU,12,52e93583-7886-45c2-8e84-8981ecff6ce9,4,4,3,1,1,1,1,1,1
16 GPU,12,3ba83d7f-3de4-4c22-853b-33e307fe6b65,4,4,4,1,1,1,1,1,1
16 GPU,12,7b068275-0b28-41b4-abe2-d05ee0ed767b,3,3,3,1,1,1,1,1,1
16 GPU,12,cc0a6546-2d74-4d9e-be55-22bda98eefb8,3,3,3,1,1,1,1,1,1
16 GPU,12,866b3dc6-4628-4408-bd3b-a4961679ce1e,3,3,3,1,1,1,1,1,1
16 GPU,12,1ada87a8-51dc-427d-b98a-5e7f254f5f9d,4,4,3,1,1,1,1,1,1
16 GPU,12,3ddeb802-fff2-469b-9688-15d73afee471,8,8,5,1,1,1,1,1,1
16 GPU,12,0f7e1f74-db66-43d5-9fd4-797b2be15beb,4,4,3,1,1,1,1,1,1
16 GPU,12,2df250fb-0392-4a9d-9a38-9b54bb481acc,4,4,4,1,1,1,1,1,1
16 GPU,12,207a2138-7f63-49f4-ba94-51cb3676509e,4,4,4,1,1,1,1,2,2
16 GPU,12,e56e24ea-cff8-4bfd-a2b0-eb350aab25e0,4,4,3,1,1,1,1,1,1
16 GPU,12,532c0c28-dbfc-4b48-bc55-c799ff1d3c74,54,54,1,1,1,1,1,1,1
16 GPU,12,8ad7cbbb-a4e5-4699-adae-a292fd1fce8b,16,16,6,1,1,1,1,1,1
16 GPU,12,ae1ad699-64bc-4a50-8496-7fd5b84da6b9,8,8,2,1,1,1,1,1,1
16 GPU,12,e1e9c505-f12b-456d-8792-6236be52b1d3,5,5,4,1,1,1,1,1,1
16 GPU,12,0af4b4d2-bc27-4603-9079-d890243d0b5f,18,18,7,1,1,1,1,1,1
16 GPU,12,b2558846-68bc-4b26-bebf-e9c61af86810,1,1,1,1,1,1,1,1,1
16 GPU,12,a48203c8-2804-4437-b039-e0e335343cb4,6,6,5,1,1,1,1,1,1
16 GPU,12,8c4052d6-055a-4df7-a886-1ef84f089a98,5,5,5,1,1,1,1,1,1
16 GPU,12,b308a78a-ded5-4cdb-85d2-f5ae2aea929e,47,47,1,1,1,1,1,1,1
16 GPU,12,4687ecbb-18bc-4c3b-940a-b8ab269d2807,15,15,2,1,1,1,1,1,1
16 GPU,12,5d0f918c-a549-4e19-846c-9b0bfbf24b78,41,41,7,1,1,1,1,1,1
16 GPU,12,f40ab039-ec4d-448a-94a0-f0defeb19bff,24,24,4,1,1,1,1,1,1
16 GPU,12,f162e05c-695a-4e87-b253-b7c3c12655ec,5,5,4,1,1,1,1,1,1
16 GPU,12,5e85985a-9745-431f-b23d-0524184b9c2d,35,35,2,1,1,1,1,1,1
16 GPU,12,65597838-fa12-4752-ad64-e641c01706a3,60,60,2,1,1,1,1,1,1
16 GPU,12,907f662d-414c-471c-8356-c0da5712a3df,52,52,2,1,1,1,1,1,1
16 GPU,12,9894f0d4-3dc4-491a-8469-a15d9042ac5c,56,56,3,1,1,1,1,1,1
16 GPU,12,e8989808-1fa3-44e0-b723-03e07ab7a108,4,4,4,1,1,1,1,1,1
16 GPU,12,1f19b964-3294-4974-be08-bdd5bd18ed22,4,4,3,1,1,1,1,1,1
16 GPU,12,62689020-35ed-41bb-b6d5-f14317f34a56,4,4,3,1,1,1,1,1,1
16 GPU,12,1b1204a3-3bc2-483d-a2ac-2a58f621d4f2,4,4,3,1,1,1,1,1,1
16 GPU,12,d9079da6-c891-4780-9141-51302ab91448,4,4,4,1,1,1,1,1,1
16 GPU,12,e3a24efd-dba4-44c3-bb7f-9cfd845acaed,4,4,3,1,1,1,1,1,1
16 GPU,12,436a6580-7f96-4c31-b2ef-015acad80c7f,4,4,3,1,1,1,1,1,1
16 GPU,12,85b64529-9fbe-4197-b596-cf8a7e3ce629,4,4,3,1,1,1,1,1,1
16 GPU,12,da251ad4-e54e-44bb-ab2c-4761833f4011,51,51,2,1,1,1,1,1,1
16 GPU,12,596b8b0c-f785-4a73-9e34-c5dfca5dbce8,42,42,2,1,1,1,1,1,1
16 GPU,12,7edcc302-b428-4c1b-906b-ceef244419e9,46,46,3,1,1,1,1,1,1
16 GPU,12,7306e2dc-01d3-47c0-a78b-661b3098b586,78,78,17,1,1,1,1,1,1
16 GPU,12,6890cf82-e753-4511-b23a-067cb7e5ca50,14,14,2,1,1,1,1,1,1
16 GPU,12,1cb07a9e-0f61-4cd2-bcdc-440b4b1d3115,7,7,3,1,1,1,1,1,1
16 GPU,12,38a1839c-21e6-444f-8ffb-e666404e7cb9,40,40,1,1,1,1,1,1,1
16 GPU,12,8eaa78e8-a56f-450d-94d8-9fcd51694862,85,85,1,1,1,1,1,1,1
16 GPU,12,1d3df8bc-2cbc-4fbf-8053-cce680b3250c,4,4,3,1,1,1,1,1,1
16 GPU,12,7aefdffc-6ee6-492c-850f-ef35780915af,18,18,18,1,1,1,2,2,2
16 GPU,12,2ac4de36-4932-41d0-bff9-c24dca49bb2b,9,9,9,1,1,1,1,1,1
16 GPU,12,60b1ec4c-5957-493c-8ba3-2e3344de51df,35,35,26,1,1,1,1,1,1
16 GPU,12,5f2d2c62-532f-45c4-9d32-f215673bc982,11,11,11,1,1,1,1,1,1
16 GPU,12,16951a8e-05e5-4ba1-b239-2df827dd93eb,76,76,5,1,1,1,1,1,1
16 GPU,12,3c803b28-21cf-4b3e-accf-216f06da7f9c,4,4,3,1,1,1,1,1,1
16 GPU,12,fb1920e6-17ec-4234-b4c8-05dd125c1ae1,8,8,3,1,1,1,1,1,1
16 GPU,12,2aa59ec9-8530-48e3-983f-893e6812312d,4,4,3,1,1,1,1,1,1
16 GPU,12,2543f21e-87fc-4143-abdd-bc638a6a6c98,4,4,3,1,1,1,1,1,1
16 GPU,12,3562063e-10ca-4171-88bb-4fc7af5f8f4e,4,4,4,1,1,1,1,1,1
16 GPU,12,d391bba8-b871-4a51-b247-bae9d060816b,4,4,3,1,1,1,1,1,1
16 GPU,12,0bc2f96f-6cd2-4d8e-ac63-a3850d47824f,4,4,3,1,1,1,1,1,1
16 GPU,12,94d97eb5-3a37-45a8-8693-58f39d33d2b5,4,4,3,1,1,1,1,1,1
16 GPU,12,bb2fd2c9-53bf-4448-9d0c-06195d8392cf,4,4,4,1,1,1,1,1,1
16 GPU,12,35678ce1-9c39-43cb-be45-1a0300976328,4,4,3,1,1,1,1,1,1
16 GPU,12,2fc8067f-8441-4e02-8bda-441ba441ff66,35,35,4,1,1,1,1,1,1
16 GPU,12,4eb66c8b-17d0-430d-95db-48cfc90d4154,38,38,3,1,1,1,1,1,1
16 GPU,12,cf756561-f32e-4f24-8e2b-4622a230d5ea,36,36,1,1,1,1,1,1,1
16 GPU,12,313db94c-79c3-43fa-ab24-a8a17efb9d95,7,7,5,1,1,1,1,1,1
16 GPU,12,fed5d2a9-bbbc-4133-bdbf-f078a8ca5b2e,23,23,4,1,1,1,1,1,1
16 GPU,12,d111813e-2de5-4a67-b7ae-4a9650c529fc,48,48,2,1,1,1,1,1,1
16 GPU,12,8c4ac35e-afee-4e2c-aa66-69795bd0667f,5,5,4,1,1,1,1,1,1
16 GPU,12,9bfd0565-95fb-499d-940c-f6c1cc7e0997,32,32,4,1,1,1,1,1,1
16 GPU,13,10c344e1-6595-42cb-afff-ffc1d39283f8,6,6,5,1,1,1,1,1,1
16 GPU,13,d351abb8-6004-4080-969a-a7194123b7d8,4,4,4,1,1,1,1,1,1
16 GPU,13,3c5f7117-e298-41c6-9a79-9c4e7d90b9fa,57,57,1,1,1,1,1,1,1
16 GPU,13,eed8a989-6b69-48b3-84dc-0cdfa4364a36,76,76,1,1,1,1,1,1,1
16 GPU,13,97f664ac-1caf-4ff3-aad6-ea1d0a2adba2,36,36,2,1,1,1,1,1,1
16 GPU,13,128f21c8-0e27-4f50-b753-975172985794,38,38,9,1,1,1,1,1,1
16 GPU,13,8c39550c-e293-4d08-9f78-67fa796813b2,2,2,2,1,1,1,1,1,1
16 GPU,13,c3a84de7-013f-400a-9972-7da3f91fa6b2,22,22,3,1,1,1,1,1,1
16 GPU,13,b060f95c-2645-454e-96d0-f64506dae721,80,80,1,1,1,1,1,1,1
16 GPU,13,485d5c56-ac96-4c13-93b5-f8d6ac2675eb,21,21,2,1,1,1,1,1,1
16 GPU,13,cd2bd26a-8580-4010-a00b-8817d1ec9809,6,6,4,1,1,1,1,1,1
16 GPU,13,83d48175-d12f-4ea3-84a2-066c8672de9a,8,8,4,1,1,1,1,1,1
16 GPU,13,00446b5d-c133-4452-9d95-55a434fc730a,2,2,2,1,1,1,1,1,1
16 GPU,13,e42ae07e-5bc9-4f02-895a-f6f69a726231,6,6,3,1,1,1,1,1,1
16 GPU,13,b8e03096-19e2-48e9-a56a-50aed89b487c,2,2,2,1,1,1,1,1,1
16 GPU,13,c25b67ce-bc22-4418-ad50-1428e6f3471a,4,4,3,1,1,1,1,1,1
16 GPU,13,9bd5cb39-be69-4bad-90f4-468a790b1625,78,78,2,1,1,1,1,1,1
16 GPU,13,927ef4ee-4222-4e8b-917b-ec2406bb4837,48,48,3,1,1,1,1,1,1
16 GPU,13,bc5c7365-34b8-46ac-b570-1839734ad840,24,24,24,1,1,1,1,1,1
16 GPU,13,7513540a-3b78-4309-a302-b4d51518d62a,0,0,0,0,0,0,0,0,0
16 GPU,13,cfed1ea4-878e-4637-8534-93af666a92ba,39,39,1,1,1,1,1,1,1
16 GPU,13,9ddca4cf-b671-41ed-9d68-b4f69682fd7f,11,11,5,1,1,1,1,1,1
16 GPU,13,1dcd016d-360e-43b1-8713-571a238a8137,5,5,4,1,1,1,1,2,2
16 GPU,13,495ea8b9-f60d-40a6-9825-298bd048e7c5,43,43,1,1,1,1,1,1,1
16 GPU,13,40ab305b-abb0-418e-9836-6f3d27a66f09,4,4,4,1,1,1,1,1,1
16 GPU,13,240b2ed7-0877-4dbc-b28c-69cfbd2517ab,2,2,2,1,1,1,1,1,1
16 GPU,13,621b5deb-3dc9-4027-a5f0-7f0f22c0e75b,12,12,11,1,1,1,1,1,1
16 GPU,13,a25ad466-cdd8-4db7-8f89-2f6a4dfe2b7b,6,6,6,1,1,1,1,1,1
16 GPU,13,7bd548f6-846a-4652-9c19-4cd502f3355e,9,9,4,1,1,1,1,1,1
16 GPU,13,3d9051bb-832e-4834-84a8-d8737c05dc6a,52,52,2,1,1,1,1,1,1
16 GPU,13,78993c28-a179-415a-81d9-953010f859f9,13,13,12,1,1,1,1,1,1
16 GPU,13,40354933-a549-45b3-a940-161a50686d37,7,7,7,1,1,1,1,1,1
16 GPU,13,8158690e-1cfa-43e5-9e3f-4cc19fadaafd,4,4,4,1,1,1,1,1,1
16 GPU,13,28d477fb-b6c6-4d6d-a475-9d41dea3493d,4,4,4,1,1,1,1,1,1
16 GPU,13,ec5ee25b-63b1-4a9a-938a-5c017124b26e,2,2,2,1,1,1,1,1,1
16 GPU,13,7c2bf0a8-7092-4e03-930f-58865a90f9b8,4,4,3,1,1,1,1,1,1
16 GPU,13,b3ce38a4-5169-4981-a9ef-9e19dde26882,4,3,4,1,1,1,1,1,1
16 GPU,13,ff2ab7c7-8356-48e7-92dc-72400f24565f,4,4,3,1,1,1,1,1,1
16 GPU,13,96c787de-652d-40b8-a705-d9412297b568,4,4,3,1,1,1,1,1,1
16 GPU,13,fbe9bacc-35fc-4834-9e10-c3eccc86dd5e,0,0,0,0,0,0,0,0,0
16 GPU,13,b7302009-7cf5-4d96-ac6a-c879a56a0ff6,10,10,8,1,1,1,1,1,1
16 GPU,13,54ff0b80-fbea-47ca-8505-7cb6fe2aa341,38,38,1,1,1,1,1,1,1
16 GPU,13,42a3faae-d04e-492c-a7f1-8ce19a245a5a,3,3,3,1,1,1,1,1,1
16 GPU,13,47ab86ed-e9d2-458d-92dd-27942ae69433,33,33,1,1,1,1,1,1,1
16 GPU,13,66a027b6-1569-482b-81a4-028e192a1962,14,14,14,1,1,1,1,1,1
16 GPU,13,7735ee56-f9a1-4774-8255-07b5973e9945,44,44,1,1,1,1,1,1,1
16 GPU,13,a5a6248a-094c-4729-a34e-b2742703bec2,39,39,1,1,1,1,1,1,1
16 GPU,13,4f7e9475-e946-4ff1-96e3-19dd320aa657,30,30,1,1,1,1,1,1,1
16 GPU,13,25e52a57-fb03-4fe7-958d-ae7e890bd06d,4,4,3,1,1,1,1,1,1
16 GPU,13,86449a1e-a11f-4af6-a60f-a112e54882ba,4,4,3,1,1,1,1,1,1
16 GPU,13,3b7a689a-60b9-45d3-b384-b9faa047b259,7,7,6,1,1,1,1,1,1
16 GPU,13,ef52774a-dd0b-4374-b71a-3b37ea82f1af,7,7,7,1,1,1,1,1,2
16 GPU,13,5d5ccac1-6e40-4dc2-b7f5-08b6c9482126,1,1,1,1,1,1,1,1,1
16 GPU,13,0de8ae52-7977-4d9c-916a-41c5618ff46d,28,28,2,1,1,1,1,1,1
16 GPU,13,d2e9127a-b58b-49b4-a0c2-986cdae8af92,3,3,2,1,1,1,1,1,1
16 GPU,13,f5f7910b-2703-45f7-9bdb-4979bcce7237,6,6,6,1,1,1,1,1,1
16 GPU,13,26dd9faa-a32c-4ce8-b45b-8830e14f4e7f,4,4,3,1,1,1,1,1,1
16 GPU,13,46199d82-6bb1-4411-89c2-1285ebbe10b6,4,4,4,1,1,1,1,1,1
16 GPU,13,12eea578-52b9-4683-973c-52824270fcf6,4,4,3,1,1,1,1,1,1
16 GPU,13,4fa6cfb3-1372-48e4-adde-0b905e25a87a,4,4,4,1,1,1,1,1,1
16 GPU,13,2f63388e-5256-4f14-a17d-57fe733aad96,4,4,4,1,1,1,1,1,1
16 GPU,13,a01f1728-a9b1-4b80-a985-dbddfd70eebd,4,4,3,1,1,1,1,1,1
16 GPU,13,216c4bf1-6afb-48c1-b6f3-7dbede89477a,4,4,3,1,1,1,1,1,1
16 GPU,13,9f67b770-868a-41e6-b0fc-93c5f8d6e6f4,4,4,4,1,1,1,1,1,1
16 GPU,13,d2202ab8-721c-468a-8c9d-5af159ba9e8e,12,12,3,1,1,1,1,1,1
16 GPU,13,40224c5b-eaf2-41c4-b46b-4b1d9f43a39d,4,4,4,1,1,1,1,1,1
16 GPU,13,37ee5cca-dc1d-40a1-bc1e-5468719ad2e8,4,4,3,1,1,1,1,1,1
16 GPU,13,f581c465-d2c4-4b42-898b-9339781a755b,4,4,3,1,1,1,1,1,1
16 GPU,13,b1739348-d8ed-4866-a060-6bcc2e1191f8,54,54,1,1,1,1,1,1,1
16 GPU,13,7a0ed53e-12d0-40fd-a0a4-87d49a52b145,32,32,3,1,1,1,1,1,1
16 GPU,13,87d3211a-9509-4b83-96cc-5db907c3b6e6,13,13,7,1,1,1,1,1,1
16 GPU,13,212bcb1e-518f-43b5-941b-e0ae372e3f85,33,33,5,1,1,1,1,1,1
16 GPU,13,7a77a57e-6988-4e9d-9cd7-860b56cb83f4,7,7,6,1,1,1,1,1,1
16 GPU,13,2955072c-dfe8-4813-9573-515c53cb8f2e,24,24,6,1,1,1,1,1,1
16 GPU,13,9713ff35-bc1b-4fb3-84ec-9420c7db5af5,3,3,3,1,1,1,1,1,1
16 GPU,13,686ba142-7bd3-4583-a0b4-1ea697a555bf,24,24,16,1,1,1,1,1,1
16 GPU,13,c5a52ea4-37dc-4a6e-8640-c9aad7c8de06,20,20,5,1,1,1,1,1,1
16 GPU,13,c9dbd7ba-06d1-4af6-86b5-72d6974cea87,0,0,0,0,0,0,0,0,0
16 GPU,13,93722711-3d5e-4728-8fb8-1e057b4078af,12,12,8,1,1,2,1,1,1
16 GPU,13,029833d3-d38c-4168-9bdb-0b7c13d9a018,28,28,3,1,1,1,1,1,1
16 GPU,13,cc2e6dd0-3182-4054-861e-e8ae558e6c91,34,34,1,1,1,2,1,1,1
16 GPU,13,201d5489-9311-44dc-b7c0-fc0599041d03,28,28,2,1,1,1,1,1,1
16 GPU,13,86c6ec3e-714a-4067-afce-182e10052c2a,3,3,3,1,1,1,1,1,1
16 GPU,13,f380f4bd-9c47-449f-8188-bdcd35dec099,14,14,8,1,1,1,1,1,1
16 GPU,13,612e932d-1638-455c-bbba-10a94ad82994,1,1,1,1,1,1,1,1,1
16 GPU,13,b586f723-9482-46d2-96ba-4e0303314aa4,19,19,2,1,1,1,1,1,1
16 GPU,13,0cc7851d-d7a9-4e88-a513-5c6d4b19351b,3,3,3,1,1,1,1,1,1
16 GPU,13,3b0e6759-e170-46ce-86a8-c4698c2899b2,13,13,1,1,1,1,1,1,1
16 GPU,13,cb64b085-aa88-4d60-80c2-379f870b0550,4,4,3,1,1,1,1,1,1
16 GPU,13,cb573d7e-5f62-4714-8545-d6bf80b5ec43,4,4,3,1,1,1,1,1,1
16 GPU,13,a9c8dcb8-a3bd-4604-8a2e-97d09b074edd,4,4,3,1,1,1,1,1,1
16 GPU,13,09b7ab96-2d88-497f-8852-b7401ea47919,4,4,4,1,1,1,1,1,1
16 GPU,13,cbb65923-ef19-478f-b408-d01fff2bf706,4,4,3,1,1,1,1,1,1
16 GPU,13,525b7eb9-0ac5-4652-af29-31191dc823ee,4,4,4,1,1,1,1,1,1
16 GPU,13,c6ab249b-8133-442c-83d1-d22a8e091914,4,4,4,1,1,1,1,1,1
16 GPU,13,f4bdbf18-9a6c-422e-8d34-b23ed8f49155,4,4,3,1,1,1,1,1,1
16 GPU,13,9efccc49-c77d-42e8-a4d6-6f1855969715,62,62,1,1,1,1,1,1,1
16 GPU,13,dbb43cd7-2326-418a-9408-3a1d7146eb6e,10,10,10,1,1,1,1,1,1
16 GPU,13,33d5a5b2-8245-464b-aa38-3b3cc5913b76,4,4,3,1,1,1,1,1,1
16 GPU,13,68e208e3-c44c-4828-a23f-406bacb44c65,4,4,4,1,1,1,1,1,1
16 GPU,13,962f4783-f56b-4737-a450-f0e3cfed2704,7,7,7,1,1,1,1,1,1
16 GPU,13,1afa3c65-67e8-4d3f-a3ab-4ae72e7ce688,56,56,1,1,1,1,1,1,1
16 GPU,13,11146572-189d-4f84-963c-b3cebb1bb2fc,4,4,3,1,1,1,1,1,1
16 GPU,13,eae3d6ff-eddc-444b-b2bc-c9db8f2c4a25,4,4,3,1,1,1,1,1,1
16 GPU,13,b8c6286a-c514-42c4-a608-e5d8fc32a3d5,29,29,19,1,1,1,1,1,1
16 GPU,13,7b6f6e6a-8468-437d-8aa6-70a9c27b7270,22,22,3,1,1,1,1,1,1
16 GPU,13,591a20cb-84f9-40e6-b43e-3f1595eaa747,83,83,1,1,1,2,1,1,1
16 GPU,13,c9c518af-17dd-455a-805f-ff4608a608dc,27,27,4,1,1,1,1,1,1
16 GPU,13,4e91a443-1685-4421-93d8-7d381b95bbe8,43,43,10,1,1,1,1,1,1
16 GPU,13,0821a70e-33e0-4ac6-bd7e-db7adf5bb7d2,28,28,7,1,1,1,1,1,1
16 GPU,13,f5e8532a-3db3-4ead-a126-5b3080014296,4,4,3,1,1,1,1,1,1
16 GPU,13,d56c75d7-c99a-44ad-a66d-bb9c9ea4481d,11,11,6,1,1,1,1,1,1
16 GPU,13,2bb1176c-47da-464c-829b-2a59b5bbf2ff,7,7,7,1,1,1,1,1,2
16 GPU,13,5e0e3d51-aaf5-48b8-8bcf-1917e5cc2e1d,3,3,3,1,1,1,1,1,1
16 GPU,13,2a8c3d96-8b6a-4a99-b42c-6c31086ef88b,4,4,3,1,1,1,1,1,1
16 GPU,13,fa26ee19-6308-4ae2-a67c-503e4da55ccd,29,29,2,1,1,1,1,1,1
16 GPU,13,766c67ef-48df-49a6-ba23-9810c4733609,50,50,1,1,1,1,1,1,1
16 GPU,13,37446301-3e92-41ec-ba13-5ec168ddba39,4,4,4,1,1,1,1,1,1
16 GPU,13,ee67bec8-7e2d-4466-bfc9-d7bdb669ddd7,4,4,3,1,1,1,1,1,1
16 GPU,13,7323a809-c0ec-4502-9792-3915cc9017d7,62,62,1,1,1,1,1,1,1
16 GPU,13,7b3d610b-2dab-498c-9502-1b71a19c4cc0,4,4,3,1,1,1,1,1,1
16 GPU,13,bc9ab5ea-6a6c-4e3b-a06c-c43df44db435,4,4,3,1,1,1,1,1,1
16 GPU,13,d8625e5e-0cce-41f4-b0ea-3b0bf3a2c32d,12,12,5,1,1,1,1,1,1
16 GPU,13,e101c31e-4581-46cc-895b-d59d9bd55d80,4,4,4,1,1,1,1,1,1
16 GPU,13,d0634600-581b-4481-bec7-f7c0bbccbee3,4,4,3,1,1,1,1,1,1
16 GPU,13,eb8e2dda-8376-4175-bb11-182032028650,15,15,7,1,1,1,1,1,1
16 GPU,13,9341450f-14fd-400c-b69a-47e326c10075,7,7,7,1,1,1,1,1,1
16 GPU,13,f49c2e5d-aa49-4bc1-ba31-b47642771e89,4,4,3,1,1,1,1,1,1
16 GPU,14,ea5ae07c-c3f3-41b3-805b-6c86b32bf1fd,4,4,4,1,1,1,1,1,1
16 GPU,14,4a648288-bdb1-46c2-84d2-25c1ae06f14b,4,4,4,1,1,1,1,1,1
16 GPU,14,58892ddd-668b-4b6a-96cd-a7c0921a002c,4,4,4,1,1,1,1,1,1
16 GPU,14,071e1519-0dd2-48ca-97b9-666d2fb63dbc,4,4,3,1,1,1,1,1,1
16 GPU,14,a908d4ea-5115-4001-a052-fc155a26145c,4,4,3,1,1,1,1,1,1
16 GPU,14,f5498b0e-9e87-4f59-a06c-9c42406f0bea,4,4,3,1,1,1,1,1,1
16 GPU,14,8f86f33d-15a6-4bd1-98d7-e9d2ee2b1684,4,4,4,1,1,1,1,1,1
16 GPU,14,1cc27c9e-d021-4dbc-a40d-90c585fedacd,4,4,3,1,1,1,1,1,1
16 GPU,14,12a23bbd-da6f-4630-b99d-dbe9294944dd,4,4,3,1,1,1,1,1,1
16 GPU,14,dc2f30ed-3dcb-4cbb-b4f4-4e049bfa8b47,4,4,3,1,1,1,1,1,1
16 GPU,14,1bbf0877-af0d-42a3-b67b-66403c1e78a5,4,4,4,1,1,1,1,1,1
16 GPU,14,e6a8f08a-205c-4e15-9b2a-c94de73eed7b,4,4,3,1,1,1,2,2,2
16 GPU,14,61cb83ea-f14d-4d49-b97c-5ca85727b507,4,4,3,1,1,1,1,1,1
16 GPU,14,07b1a9ac-551d-46ac-b2c5-daf56a233b7e,4,4,4,1,1,1,1,1,1
16 GPU,14,0e1960b7-0457-40b0-a456-e7ad916ce10e,4,4,3,1,1,1,1,1,1
16 GPU,14,2a47752c-38c8-4445-a5eb-5150d5b117a7,4,4,3,1,1,1,1,1,1
16 GPU,14,345911b9-38ef-4d3f-91b6-6c2877734863,64,64,6,1,1,1,1,1,1
16 GPU,14,ec12dcd4-4d37-4c6e-9a30-c667c04ab390,20,20,3,1,1,1,1,1,1
16 GPU,14,b3bc4b59-5d77-4867-8b7e-3f23c2447f81,7,7,6,1,1,1,1,2,3
16 GPU,14,4816d990-c2ee-42e7-bc88-9e4ed81b8175,6,6,6,1,1,1,1,1,1
16 GPU,14,a7c2f4a2-6f01-425b-9c83-03ffd1aafe4b,7,7,6,1,1,1,1,1,2
16 GPU,14,45d2f49a-b0b4-4c82-b0f5-83288be1978e,4,4,3,1,1,1,1,1,1
16 GPU,14,815e0eb5-bf44-4ec1-832a-b7c57a548f26,5,5,4,1,1,1,1,1,1
16 GPU,14,e081a61b-7fea-4356-8426-22cda9b1ceee,4,4,3,1,1,1,1,1,1
16 GPU,14,03bd087c-af06-493e-8000-2fc97bae6680,7,7,7,1,1,1,1,1,1
16 GPU,14,2c0d27a5-383d-49a7-93bb-c9acb05e3fa3,4,4,4,1,1,1,1,1,1
16 GPU,14,bad1106a-9ee5-456d-b953-3c3e57ec523d,4,4,4,1,1,1,1,1,1
16 GPU,14,a381bcce-6ceb-4329-bd49-d1afab824722,4,4,3,1,1,1,1,1,1
16 GPU,14,3bfe9f52-1c2f-4237-ab23-7e3eea5bf618,5,5,5,1,1,1,1,1,1
16 GPU,14,00156f4b-4081-4336-b4ce-8a0a57c8946f,4,4,3,1,1,1,1,1,1
16 GPU,14,94a39c32-d00d-4f7f-bbcb-c429634db17b,6,6,5,1,1,1,1,1,1
16 GPU,14,619b444a-e7e9-41cc-a30f-7ec6ee87ab16,5,5,5,1,1,1,1,1,1
16 GPU,14,5412f358-6cc2-4e32-8656-1ff21e65c570,2,2,2,1,1,1,1,1,1
16 GPU,14,2c208272-950e-4e5f-8602-14ff7640e5cc,19,19,3,1,1,1,1,1,1
16 GPU,14,707e0cac-c9c3-4ec0-a96c-987bfd71ffc8,91,91,1,1,1,3,1,1,1
16 GPU,14,fbf6ff01-40d3-431a-a6a7-e849bf3d19c3,8,8,2,1,1,1,1,1,1
16 GPU,14,2bbcfe42-43e4-49f3-9140-0f4897e0bc0e,15,15,3,1,1,1,1,1,1
16 GPU,14,e797dcdf-dc0b-4abe-a61c-d027e03e5d5a,30,30,2,1,1,1,1,1,1
16 GPU,14,4827b2ba-7961-4614-b18a-b19a9c2b421a,56,56,1,1,1,1,1,1,1
16 GPU,14,48259911-6104-4194-805e-2fe4c31b022e,33,33,1,1,1,1,1,1,1
16 GPU,14,a4292b19-ddb4-4835-8c04-cffb0ee3f576,4,4,4,1,1,1,1,1,1
16 GPU,14,5b50d77c-025c-4b48-bdac-219d5810cefe,9,9,9,1,1,1,1,1,1
16 GPU,14,a4b92616-f4bc-4e8f-8cc4-c7d5e22599ba,35,35,2,1,1,1,1,1,1
16 GPU,14,8cadd8a5-35e3-41bd-924d-8b12ccc37cf6,3,3,3,1,1,1,1,1,1
16 GPU,14,4ae45d01-9b77-4de3-9eda-ef44aeef6bcd,4,4,3,1,1,1,1,1,1
16 GPU,14,8be614d0-f580-4bb1-bef5-6e4b946c2653,11,11,6,1,1,1,1,1,1
16 GPU,14,f7233afd-1f81-4c66-8984-391d14e1d8df,4,4,3,1,1,1,1,1,1
16 GPU,14,c80a0bca-df96-4be3-9604-15d51cd4cc2d,15,15,15,1,1,1,1,1,2
16 GPU,14,ed4e415b-a360-4b86-af33-9bd36a669eb8,11,11,1,1,1,1,1,1,1
16 GPU,14,840f7822-a7b4-4345-b6e8-a72612cf3584,9,9,1,1,1,1,1,1,1
16 GPU,14,5393c933-5be0-498e-874e-047f05bc34d9,7,7,1,1,1,1,1,1,1
16 GPU,14,ffe0f826-a171-48b6-abd1-cc360a1288de,10,10,4,1,1,1,1,1,1
16 GPU,14,fa801bd9-8a4e-45ef-a9ce-bcba3f56f022,10,10,1,1,1,1,1,1,1
16 GPU,14,169ab90a-aa56-4e1e-a06f-df11dc64ea57,8,8,1,1,1,1,1,1,1
16 GPU,14,800decf4-a366-4f92-a53f-cb70ce11e821,42,42,1,1,1,1,1,1,1
16 GPU,14,19e45923-dca7-4f9f-8fee-0f73cce98bd2,11,11,1,1,1,1,1,1,1
16 GPU,14,71c8cf16-2feb-468b-b98b-1dd46507920b,4,4,3,1,1,1,1,1,1
16 GPU,14,f94c6390-a58b-464d-b983-26c24d8c3fac,63,63,16,1,1,1,1,1,1
16 GPU,14,e906667d-971c-4738-9b49-51cdcfa4fa37,7,7,7,1,1,1,1,2,2
16 GPU,14,864eda77-8bae-4825-9ced-ad1bc39cc011,45,45,19,1,1,1,1,1,1
16 GPU,14,352e1bfd-3c8e-4b19-9e0f-3c025c9a8152,44,44,7,1,1,1,1,1,1
16 GPU,14,c7e9632b-4ccf-4b87-aac2-6ba6ddca9f36,6,6,5,1,1,1,1,1,1
16 GPU,14,68b0e369-b362-4c5d-8b75-a44aadc70ee0,4,4,4,1,1,1,1,1,1
16 GPU,14,5b925d63-632f-48bb-8eaf-2678395a72c3,12,12,7,1,1,1,1,1,1
16 GPU,14,f144d432-99ba-4533-a54b-cd3231364755,9,9,9,1,1,1,1,1,1
16 GPU,14,c2fb324d-08f0-4743-843e-05993e39777a,11,11,3,1,1,1,1,1,1
16 GPU,14,581e5eaa-85d0-4ae6-a8b4-0ba0dc8abbb5,12,12,8,1,1,1,1,1,1
16 GPU,14,c336e571-ab54-4576-be1c-98be921c5a2a,6,6,6,1,1,1,1,1,1
16 GPU,14,1df26b8e-9d68-41ab-805b-f3e10dad70de,21,21,10,1,1,1,1,1,1
16 GPU,14,de37a103-f506-4097-81d2-c8fa0179e855,4,4,3,1,1,1,1,1,1
16 GPU,14,f2105441-c9a0-43ac-bdde-95841d37c842,9,9,9,1,1,1,1,1,1
16 GPU,14,5199907b-9999-4911-adc5-efc0a023733b,14,14,10,1,1,1,1,1,1
16 GPU,14,6c7d92aa-8f15-4d7b-876b-5e5d089e6685,46,46,4,1,1,1,1,1,1
16 GPU,14,0923519b-02a2-4a9f-b762-dc4f2326fa6a,50,50,3,1,1,1,1,1,1
16 GPU,14,6dc0f62d-78c3-40a0-a957-b2bf283feb9e,3,3,3,1,1,1,1,1,1
16 GPU,14,3f938f90-e003-467c-8db9-cf6e431d8357,21,21,2,1,1,1,1,1,1
16 GPU,14,74521418-c85f-427f-bd6e-d08d4d12737a,9,9,3,1,1,1,1,1,1
16 GPU,14,5332853e-2974-4660-8a16-f8940387c126,18,18,13,1,1,1,1,1,1
16 GPU,14,bf1f6061-b27a-4742-bf4a-de9c16b87063,8,8,8,1,1,1,1,1,1
16 GPU,14,f9ed2014-4ef7-498e-bb85-540ba64652f2,5,5,5,1,1,1,1,1,1
16 GPU,14,fbfb4931-d048-47fd-8878-f2b6f34b967a,5,5,4,1,1,1,1,1,1
16 GPU,14,e39e2262-719e-4f03-8ab5-a03f5d36bd65,21,21,12,1,1,1,1,1,1
16 GPU,14,404544e2-88ca-4075-a49a-a72a6bebafe3,6,6,5,1,1,1,1,1,1
16 GPU,14,794741a5-e223-46f7-b094-1fe4f9135f84,20,20,4,2,2,2,1,1,1
16 GPU,14,29377993-2d78-44d6-909d-8ca008d92b6b,0,0,0,0,0,0,0,0,0
16 GPU,14,780e649c-097c-4c05-9583-72cc53466391,27,27,4,1,1,1,1,1,1
16 GPU,14,3e6c8d06-789e-44fc-921b-7e1fa935c4ed,25,25,2,1,1,1,1,1,1
16 GPU,14,0428cc15-4dc8-4a8c-955b-678985533ab3,10,10,5,1,1,1,1,1,1
16 GPU,14,07e3355d-3f1b-4174-b3b3-8b22901e486d,55,55,1,1,1,1,1,1,1
16 GPU,14,d5bb1c02-1b07-4020-a43d-85c6a87801f0,33,33,14,1,1,1,1,1,1
16 GPU,14,0d8dd160-0555-4471-b6a3-7f6d78eec6c0,1,1,1,1,1,1,1,1,1
16 GPU,14,f361e3f1-5616-4082-83c3-d73bd13fe80e,4,4,3,1,1,1,1,1,1
16 GPU,14,7077d496-36b9-47e9-9608-b8e8140afff9,16,16,6,1,1,1,1,1,1
16 GPU,14,942ef8b7-064c-4de3-b91c-801d1374d077,2,2,2,1,1,1,1,1,1
16 GPU,14,874e4758-1831-45b1-848a-765db4392749,3,3,2,1,1,1,1,1,1
16 GPU,14,397b135b-ab5e-42a1-94a0-0b1ad6055c49,36,36,2,1,1,1,1,1,1
16 GPU,14,621ca98b-6eb7-49fc-a4a2-d3a765a87469,29,29,3,1,1,1,1,1,1
16 GPU,14,72f09ee3-e08d-439a-98e3-d6befbe2e57b,61,61,1,1,1,1,1,1,1
16 GPU,14,5d6ed913-90a3-45a1-9bef-ae6a5cce1061,46,46,1,1,1,1,1,1,1
16 GPU,14,b0cdda2f-0c13-4584-b818-e83639551bbc,41,41,5,1,1,1,1,1,1
16 GPU,14,5355b191-4918-4617-a77a-f750bed1d13f,2,2,2,1,1,1,1,1,1
16 GPU,14,3fd1e94d-0ffb-4aa0-ad0f-73ecba3833e3,62,62,1,1,1,2,1,1,1
16 GPU,14,2d8e91dd-d558-492f-bef0-ac60e19b7d03,13,13,5,1,1,1,1,1,1
16 GPU,14,38bbd762-a5e2-49ac-b994-120ad4d3bd30,2,2,2,1,1,1,1,1,1
16 GPU,14,94467dcf-0513-48c1-9b38-9fadad0b9981,7,7,1,1,1,1,1,1,1
16 GPU,14,78dd805c-dd38-4855-a4fd-84ea3a1b3a8f,48,48,14,1,1,1,1,1,1
16 GPU,14,e82d79f8-ff55-4491-b7f3-24f6cd1d9763,8,8,1,1,1,1,1,1,1
16 GPU,14,ed5ffeed-6348-4fd5-badd-322c3d63a18f,22,22,4,1,1,1,1,1,1
16 GPU,14,e1c64002-19fa-4c32-a45e-a9be9c650ea9,58,58,3,1,1,1,1,1,1
16 GPU,14,e6c61a7b-81d6-4928-8aef-262a21f70fee,18,18,7,1,1,1,1,1,1
16 GPU,14,503e2a79-3aa2-4230-9b74-505a8cee111f,7,7,1,1,1,1,1,1,1
16 GPU,14,1ca441b2-c0ab-4381-a005-51aaa8369c92,13,13,1,1,1,1,1,1,1
16 GPU,14,4c39d005-a2dc-46c1-99cb-f5b026194887,77,77,2,1,1,2,1,1,1
16 GPU,14,5caa2b51-79dd-4700-944b-b0647418c0ef,24,24,4,1,1,1,1,1,1
16 GPU,14,a2f9c06e-bafd-4fe1-aa6d-977859d1b6e7,6,5,6,1,1,1,1,1,1
16 GPU,14,b4207737-ebb7-4942-b0ac-a3f861066dc5,59,59,2,1,1,1,1,1,1
16 GPU,14,4391a1b6-5871-4fff-ae36-c35d1b6dcee3,19,19,13,1,1,1,1,1,1
16 GPU,14,21804780-0a3f-4585-9a3c-9aa3869624fd,69,69,2,1,1,1,1,1,1
16 GPU,14,41dfabda-a9af-4acb-a529-f174df77d3b7,0,0,0,0,0,0,0,0,0
16 GPU,14,14da91f2-c76c-46f8-8bc5-2e9d93bccb98,10,10,7,1,1,1,1,1,1
16 GPU,14,35410a2a-d201-4c07-9474-55d53c7bcb80,2,2,2,1,1,1,1,1,1
16 GPU,14,7d67ffaa-c8d1-48c7-a4b0-0921b54787a3,6,6,3,1,1,1,1,1,1
16 GPU,14,1b7d4b13-672d-4cbe-9fbe-4c05d02433e2,56,56,3,1,1,1,1,1,1
16 GPU,14,4e48cc59-8a9d-46b7-87d2-befda608357c,52,52,1,1,1,1,1,1,1
16 GPU,14,9f06e531-6cf3-40e1-af8c-e64539653408,10,10,1,1,1,1,1,1,1
16 GPU,14,2d747ed9-de6f-465a-bd5e-7c5c87836875,7,7,1,1,1,1,1,1,1
16 GPU,14,8345563e-21c2-4249-88fd-9ed0e4b0c0dc,8,8,2,1,1,1,1,1,1
16 GPU,14,29d6f93c-bf59-46cb-8844-a0da1eba23f2,9,9,3,1,1,1,1,1,1
16 GPU,15,256fc337-8e7e-491e-9316-a6ac460b3c93,36,36,1,1,1,1,1,1,1
16 GPU,15,8253b546-a519-4eee-97be-27bbfe88f2ad,36,36,1,1,1,1,1,1,1
16 GPU,15,8fb5cf0a-e4cc-43ef-af55-c5d9fb68858a,31,31,1,1,1,1,1,1,1
16 GPU,15,1761dcae-a5a2-4a63-bbe1-6758a8e03d1b,39,39,1,1,1,1,1,1,1
16 GPU,15,fb68b560-114f-4559-bee8-693b099f68c9,46,46,1,5,5,5,1,1,1
16 GPU,15,63dfb307-a043-45ff-b179-02dd6d4a1060,14,14,1,1,1,1,1,1,1
16 GPU,15,39b81857-41df-4dd4-8309-72877d52eeef,24,24,1,1,1,1,1,1,1
16 GPU,15,8bfa73af-a50a-4c0e-bcfb-ef746a1d00ab,25,25,1,1,1,1,1,1,1
16 GPU,15,72ce24d0-3bc5-4fed-9424-c16521c5365a,6,6,1,1,1,1,1,1,1
16 GPU,15,e9333156-efb1-42ee-a1db-cfdb78a24e59,29,29,3,1,1,1,1,1,1
16 GPU,15,b111e0fd-1cd0-41fb-ab81-e130b40638e9,2,2,2,1,1,1,1,1,1
16 GPU,15,d347d939-0843-425c-b92e-f176697c5dab,21,21,5,1,1,1,1,1,1
16 GPU,15,98b05919-22e9-4a44-a75c-0dffdf34f1a5,1,1,1,1,1,1,1,1,1
16 GPU,15,ac7a9db3-b1b9-4611-aa98-cdd0130d81dd,27,27,6,1,1,1,1,1,1
16 GPU,15,4f015c63-5b9c-445c-bb7e-458710d6d89f,4,4,1,1,1,1,1,1,1
16 GPU,15,b679ebe7-a714-4fb4-9bf1-c20b21d06519,26,26,2,1,1,1,1,1,1
16 GPU,15,fea2f551-8fcd-4b31-a3e3-ec977bc1975a,30,30,1,1,1,1,1,1,1
16 GPU,15,1807bcd6-83d9-4a46-9810-22eb9b937917,50,50,1,1,1,1,1,1,1
16 GPU,15,9c463e64-1519-45c8-9cef-15bbbc56ec9f,26,26,1,1,1,1,1,1,1
16 GPU,15,a5298d97-a509-4120-926d-04d90b353900,47,47,1,1,1,1,1,1,1
16 GPU,15,e07564dc-2afd-476f-94cf-bfd0942cd8c5,18,18,1,1,1,1,1,1,1
16 GPU,15,f14bd298-0dfc-4aee-a988-89aeff0aebc2,76,76,7,1,1,1,1,1,1
16 GPU,15,da5020cb-78ed-4478-bb6a-e73fd5e94a25,55,55,1,1,1,1,1,1,1
16 GPU,15,0841160e-5ec6-4456-bd2a-a704c4c12716,1,1,1,1,1,1,1,1,1
16 GPU,15,0c778979-cbad-4024-b827-f746cc084cf2,26,26,1,1,1,1,1,1,1
16 GPU,15,60e45264-1bc0-481c-8844-38cf6e80145c,22,22,1,1,1,1,1,1,1
16 GPU,15,505dbff6-9162-4359-93ae-eeada8a5182d,58,58,2,1,1,1,1,1,1
16 GPU,15,a196c4f8-7d61-4b74-bc72-58f336333426,66,66,2,4,4,4,1,1,1
16 GPU,15,64829255-ac35-47bd-ae65-64d807ef024a,15,15,5,1,1,1,1,1,1
16 GPU,15,6e059d6a-2f6f-4e8a-89dc-7319caa19d87,10,10,1,1,1,1,1,1,1
16 GPU,15,8ab4dcba-08ab-498c-8bea-076cc46d8043,32,32,2,1,1,1,1,1,1
16 GPU,15,957e71af-e95b-4172-b44e-f2adc9a32106,37,37,1,1,1,1,1,1,1
16 GPU,15,7a9b5bde-1f13-4398-929c-ef21deb986da,39,39,5,1,1,1,1,1,1
16 GPU,15,bbee8a84-5403-41eb-ac4d-36a6b09b7d6d,12,12,2,1,1,1,1,1,1
16 GPU,15,eeaa9e88-32b7-43f0-826b-ad82cd283376,15,15,2,1,1,1,1,1,1
16 GPU,15,655eb29f-212a-46bf-adb5-9d793c263230,14,14,5,1,1,1,1,1,1
16 GPU,15,636d78bd-02a2-4c59-ab76-6aad435cea1a,1,1,1,1,1,1,1,1,1
16 GPU,15,952fe31e-e5f9-4ad8-ba5b-5b659f1e2263,35,35,3,1,1,1,1,1,1
16 GPU,15,a32563a9-69c1-416f-9101-05141c645507,28,28,3,2,2,2,1,1,1
16 GPU,15,bb1ded01-44c8-40cd-9bc6-2e55fe87d803,36,36,2,1,1,1,1,1,1
16 GPU,15,578a3d8d-42bc-4a75-8080-4730dfc7014d,16,16,3,1,1,1,1,1,1
16 GPU,15,59047ea9-e64f-492a-9ef1-6f857f72158e,2,2,2,1,1,1,1,1,1
16 GPU,15,006a0382-ed9d-4d60-888f-847d9d202339,25,25,1,1,1,1,1,1,1
16 GPU,15,49e7eae7-ca16-455e-afa5-57897f505911,7,7,1,1,1,1,1,1,1
16 GPU,15,7f607214-a422-4e00-86b2-aa73d2f3e679,8,8,1,1,1,1,1,1,1
16 GPU,15,6fb0eddf-f25c-478a-acf3-b4c529225f38,67,67,0,1,1,1,0,0,0
16 GPU,15,80e8ea0c-0a1a-4fe1-9475-a80148ef84a9,9,9,2,1,1,1,1,1,1
16 GPU,15,b74287fd-062f-4246-873d-fa3a1ba1dedc,41,41,1,1,1,1,1,1,1
16 GPU,15,020d6472-5099-49da-8693-23645af59c3f,35,35,1,1,1,1,1,1,1
16 GPU,15,89d3f728-2821-4a95-9b34-510cbe348e99,11,11,1,1,1,1,1,1,1
16 GPU,15,57f5e04b-e1a5-4c46-9721-021f83ec5542,11,11,1,1,1,1,1,1,1
16 GPU,15,81e89013-9b51-4eee-b86e-a6fccefe6fb9,7,7,1,1,1,1,1,1,1
16 GPU,15,c0079cad-87e0-4498-a684-cfc3d544896e,7,7,1,1,1,1,1,1,1
16 GPU,15,74b926f8-1ea4-440e-b5e2-91fefeda4395,12,12,1,1,1,1,1,1,1
16 GPU,15,caf72950-e5c8-41e3-a344-fd7a29dbad9e,22,22,1,1,1,1,1,1,1
16 GPU,15,0d50b7ad-3658-4481-97ad-404152f435d4,9,9,1,1,1,1,1,1,1
16 GPU,15,1470c3fd-b87c-42fe-8575-aa91e70ca654,7,7,1,1,1,1,1,1,1
16 GPU,15,051edd42-64a1-41b2-8eb1-023bc85b7907,25,25,1,1,1,1,1,1,1
16 GPU,15,0cf7f43b-9b53-4284-b67c-3166632315d2,45,45,4,1,1,1,1,1,1
16 GPU,15,f1a1066e-fdf2-4a15-9865-069abd738d13,33,33,2,1,1,1,1,1,1
16 GPU,15,4187d58a-23e1-4e52-a222-000c58360c2d,92,92,1,1,1,1,1,1,1
16 GPU,15,901d5dd3-4624-45e5-9e83-dd69a4580d8e,53,53,1,1,1,1,1,1,1
16 GPU,15,bfd78f6d-3a54-4097-ab48-17ae6ef3bc39,49,49,1,1,1,1,1,1,1
16 GPU,15,7b036b3b-d84f-48f6-9d2b-5be8a7191206,97,97,2,1,1,1,1,1,1
16 GPU,15,ef74a796-f39b-4f21-a38f-5632063f3bd3,43,43,2,1,1,1,1,1,1
16 GPU,15,be23e94b-cb27-4d05-a35c-4b070d99cdbf,6,6,3,1,1,1,1,1,1
16 GPU,15,e1bfe911-1503-48f0-b2db-9e529555590b,5,5,2,1,1,1,1,1,1
16 GPU,15,4e0c82df-c902-4589-82f2-fb7cb4806f19,54,54,3,1,1,1,1,1,1
16 GPU,15,cee0e696-2f6b-4b11-9219-5ceba9434009,1,1,1,1,1,1,0,0,0
16 GPU,15,507ba93a-e79b-4110-8479-0cd502c8e0d2,6,6,1,1,1,1,1,1,1
16 GPU,15,8c345360-4a44-4bae-9dec-9e403cc77c76,1,1,1,1,1,1,1,1,1
16 GPU,15,5aba50e0-c4ba-4398-b333-bb220f889ad5,33,33,1,1,1,1,1,1,1
16 GPU,15,3c9ce454-869a-436f-a512-1851081cfc7d,4,4,3,1,1,1,1,1,1
16 GPU,15,2b4ba04d-adf7-4fb9-b10e-ab6ea7660261,4,4,4,1,1,1,1,1,2
16 GPU,15,ae8a4b58-1e6a-4d5f-b9d4-ee08a1a37d04,4,4,3,1,1,1,1,1,1
16 GPU,15,2a0987b3-120d-451c-98e7-2c9943946779,7,7,6,1,1,1,1,1,1
16 GPU,15,4c58792a-440b-40a6-a542-57dcc556380e,4,4,3,1,1,1,1,1,2
16 GPU,15,22cdfda5-e90e-4d1e-95f4-5d09b73773e2,4,4,4,1,1,1,1,1,1
16 GPU,15,9aee0739-f2bd-4a2a-b1b6-beb12ceaf2b4,4,4,3,1,1,1,1,1,2
16 GPU,15,522976d3-109d-46b1-b5c1-0bf9006ae01a,8,8,8,1,1,1,1,1,2
16 GPU,15,9c0555aa-e544-4071-9711-feaf610b3922,4,4,3,1,1,1,1,1,1
16 GPU,15,e5bba8af-8547-466b-9105-066be3673fe4,4,4,3,1,1,1,1,1,1
16 GPU,15,2d491e5c-5cdf-41bc-9353-56b388e12c50,4,4,3,1,1,1,1,1,1
16 GPU,15,a60f081d-15e9-45f6-be7b-e6b31d26b7d3,4,4,3,1,1,1,1,1,1
16 GPU,15,f7b9ac1b-ed79-41be-8f91-3ed729341fa6,4,4,3,1,1,1,1,1,1
16 GPU,15,e18e801d-b094-4850-bcb8-055e22bbb008,4,4,3,1,1,1,1,1,1
16 GPU,15,b75b647f-84b0-4572-af9c-2a4d6a8db22b,4,4,4,1,1,1,1,1,1
16 GPU,15,159aa293-ebb8-45ed-bfd3-59dab1ee37fe,4,4,3,1,1,1,1,1,1
16 GPU,15,51ca3ba9-f380-44b6-b83b-7c2c96686d17,31,31,7,1,1,1,1,1,1
16 GPU,15,a69e34a3-d5af-4991-a554-56273c31911f,30,30,1,1,1,1,1,1,1
16 GPU,15,b0e0fc71-4d35-4ba3-baf6-ea4be32553d9,5,5,4,1,1,1,1,1,1
16 GPU,15,1182c2d0-899d-4017-8c51-5a44c2ac7069,20,20,1,1,1,1,1,1,1
16 GPU,15,8cd5c48b-aa95-4f20-aea2-fcfc073a7518,2,2,2,1,1,1,1,1,1
16 GPU,15,6fe08509-4a31-4ee6-94a8-d1c6d194477e,4,4,4,1,1,1,1,1,1
16 GPU,15,347a9615-279f-4f04-b14e-5c529b9bd804,22,22,4,1,1,1,1,1,1
16 GPU,15,6a4b2752-1690-40d9-befc-3c0e618064f6,6,6,5,1,1,1,1,1,1
16 GPU,15,c30aed11-2b93-4b73-972a-f186cef1a6a6,21,21,3,1,1,1,1,1,1
16 GPU,15,65363906-7a2e-451b-8c4f-38e4d111280d,31,31,1,1,1,1,1,1,1
16 GPU,15,080db183-6d78-4c99-b04f-cb61a09d6c61,31,31,4,1,1,1,1,1,1
16 GPU,15,6342323c-78df-4011-a3e1-7979f1ee2b2a,40,40,1,1,1,1,1,1,1
16 GPU,15,7c2db494-0c6f-4cfe-b1dc-90771187f4d5,153,153,1,19,19,19,1,1,1
16 GPU,15,c9082892-3035-4ef3-a701-2a8f15dbf486,12,12,1,1,1,1,1,1,1
16 GPU,15,c0d9c44d-465e-44bd-86c7-c22ac3228837,1,1,1,1,1,1,1,1,1
16 GPU,15,8de5bfc4-b6e4-4ff1-84c8-6dad42c0c485,37,37,3,1,1,1,1,1,1
16 GPU,15,d7405cdf-f5c8-43f2-9f48-3568883315f6,88,88,1,1,1,1,1,1,1
16 GPU,15,2d786422-3535-46e6-9483-9a0e276b608c,40,40,1,1,1,1,1,1,1
16 GPU,15,0977b3fd-7f30-4c56-ac91-ead0e82cb171,119,119,1,2,2,2,1,1,1
16 GPU,15,9ce956e8-effb-4cd7-9a3d-3d524a274fb5,31,31,2,1,1,1,1,1,1
16 GPU,15,6a2f10a5-b8f0-4c1c-b308-ca052c05c1bf,2,2,2,1,1,1,1,1,1
16 GPU,15,a8fac911-e61e-4188-923b-a3384d774fd3,19,19,2,1,1,1,1,1,1
16 GPU,15,ce7ec1d1-f4a3-49ba-acb5-6fdc936890a0,7,7,1,1,1,1,1,1,1
16 GPU,15,226c98b4-7998-48ba-8af2-b38f20ca174b,33,33,1,1,1,1,1,1,1
16 GPU,15,ad5f7658-3c99-44e8-b1ed-002fac50feca,33,33,5,1,1,1,1,1,1
16 GPU,15,084b824e-8299-4f26-961d-b901a60226ab,27,27,3,1,1,1,1,1,1
16 GPU,15,750d3784-4d35-40ea-8256-4c86aeeb67c5,10,10,10,1,1,1,1,1,1
16 GPU,15,7d2c1ba6-4810-4f07-8f8e-74ee35118aff,30,30,7,1,1,1,1,1,1
16 GPU,15,5a8abe81-85d3-48f0-8620-3fdbcbb1294f,1,1,1,1,1,1,1,1,1
16 GPU,15,cb6720f9-10b1-4695-852f-b257fd604c35,14,14,3,1,1,1,1,1,1
16 GPU,15,e2bc9fe9-ff19-4613-80a5-f0595e677f3d,10,10,10,1,1,1,1,1,1
16 GPU,15,c4d61500-cd83-479f-bbb6-8e0021029f4a,21,21,4,1,1,1,1,1,1
16 GPU,15,13cc571b-a504-424d-bbe2-a7b14cd37c92,6,6,6,1,1,1,1,1,1
16 GPU,15,868a828a-d738-44d3-a2cd-eb724a9fc5ea,17,17,12,1,1,1,1,2,2
16 GPU,15,d2f63f3b-c381-47a0-a609-d1780417304d,4,4,3,1,1,1,1,1,1
16 GPU,15,7c4b2bcf-41cf-4227-9c05-e7843b6f1ef3,4,4,4,1,1,1,1,1,1
16 GPU,15,e6dcc430-aef2-48af-a00c-16bea0d93c81,10,10,8,1,1,1,1,1,1
16 GPU,15,ff9e63cb-3ad6-407f-a7d9-ba7d370f9ca1,25,25,1,1,1,1,1,1,1
16 GPU,15,909a40ca-77c8-470f-b5c5-824c4d852c3b,7,7,5,1,1,1,1,1,1
16 GPU,15,c7b51621-2c27-4614-9eee-edfdfe63ec4d,12,12,1,1,1,1,1,1,1
16 GPU,16,b5d3abfe-21c2-4ea3-8639-16ba6e6d6cb2,11,11,2,1,1,1,1,1,1
16 GPU,16,10b19947-7257-4759-b404-cf5278d5aac1,7,7,2,1,1,1,1,1,1
16 GPU,16,22b64ff2-55b2-4b97-ba25-40275fbe5229,32,32,2,1,1,1,1,1,1
16 GPU,16,c2ff435d-6207-4210-b784-f10d6cac8739,2,2,2,1,1,1,1,1,1
16 GPU,16,34da291b-cb4a-4547-8d62-a40722dae90c,24,24,3,1,1,1,1,1,1
16 GPU,16,e8ad642b-28b8-4670-8f54-c436de90d817,32,32,2,1,1,1,1,1,1
16 GPU,16,a7161270-4844-47af-8f75-25d8b0c07101,2,2,2,1,1,1,1,1,1
16 GPU,16,827d55b2-3692-4ead-a1fa-6432ada35753,24,24,0,1,1,1,0,0,0
16 GPU,16,5c47b693-944d-44d3-bedd-cb7536e9176b,46,46,2,1,1,1,1,1,1
16 GPU,16,e458a961-22cd-48c2-a811-d55f9877ed7c,13,13,4,1,1,1,1,1,1
16 GPU,16,e0213d9b-9795-44a8-b32e-b379e38c50b4,11,11,3,1,1,1,1,1,1
16 GPU,16,e7ac5171-ea88-42b0-a8ad-20f47700f705,30,30,3,1,1,1,1,1,1
16 GPU,16,c68331ef-0147-48e7-91d4-5a284089a4e5,31,31,3,1,1,1,1,1,1
16 GPU,16,1ab388f0-54bb-4b35-b03c-a20fc740a928,68,68,2,1,1,1,1,1,1
16 GPU,16,74bead6e-2d41-4f88-887f-dd175aa8753a,16,16,4,1,1,1,1,1,1
16 GPU,16,751ae159-c0e5-4151-bac4-0c69f4c55eed,28,28,13,1,1,1,1,1,1
16 GPU,16,e28ae43c-b311-48ef-80ad-db81a4106fe6,37,37,1,1,1,2,1,1,1
16 GPU,16,c4cedc09-2b33-4ed1-918b-9df9bcd8cfd2,102,102,23,1,1,1,1,1,1
16 GPU,16,143d1815-471c-4106-a8f8-89ce839e62cc,79,79,2,1,1,1,1,1,1
16 GPU,16,597464bc-3390-4aa4-98f1-2c312eb479bc,37,37,1,1,1,1,1,1,1
16 GPU,16,0d67ca58-70a9-48bf-9f95-93a5070f5c93,49,49,1,1,1,1,1,1,1
16 GPU,16,6591aa25-12d7-4f31-a800-1dc28d8ca175,10,10,2,1,1,1,1,1,1
16 GPU,16,044870fb-a9aa-4877-80a4-211471bbf882,25,25,5,1,1,1,1,1,1
16 GPU,16,0142b708-db55-48ae-9f02-65d88a426ad4,28,28,1,1,1,1,1,1,1
16 GPU,16,6e13064f-22c4-4820-8b09-76cd5704416b,3,3,2,1,1,1,1,1,1
16 GPU,16,3f06bf94-e4b1-44e4-891b-3a763b20d54e,18,18,2,1,1,1,1,1,1
16 GPU,16,d7b6c220-02bb-4afc-8dd8-89dee2782dfc,10,10,0,1,1,1,0,0,0
16 GPU,16,30c958fd-5a92-4c44-a9b4-f66a40e29467,59,59,1,1,1,1,1,1,1
16 GPU,16,92e91ab3-982f-410d-ae71-590cc2e3f906,30,30,18,1,1,1,1,1,1
16 GPU,16,e914e022-68db-4124-b679-1427994145c7,16,16,4,1,1,1,1,1,1
16 GPU,16,ed82d154-b9e5-41c2-801c-bfe9216ee229,34,34,4,1,1,1,1,1,1
16 GPU,16,812135e4-d974-4c84-8831-256ecd0f0d5b,50,50,0,2,2,2,0,0,0
16 GPU,16,d621438d-0f80-42f1-adc7-3b440449c412,4,4,3,1,1,1,1,1,1
16 GPU,16,a3a66fcc-a14c-4013-a340-85699082b559,4,4,4,1,1,1,1,2,2
16 GPU,16,e1edee2f-d9c4-40bd-bf39-3bda007e98bb,8,8,8,1,1,1,3,4,4
16 GPU,16,2449f43c-f7b6-41e4-b15a-a0065999392b,5,5,5,1,1,1,1,2,3
16 GPU,16,15dbc7f8-890a-4561-a4e5-b4667a07ba03,5,5,5,1,1,1,1,1,1
16 GPU,16,5900701c-0b5a-44ab-b02e-33bba509071f,4,4,4,1,1,1,1,1,1
16 GPU,16,347cd021-ae45-49f7-85ec-5b9b20715fd6,4,4,4,1,1,1,1,1,1
16 GPU,16,86a6a0ab-67d0-42bf-a33d-99d2f3c2bfbf,5,5,5,1,1,1,1,1,1
16 GPU,16,cb62cfaf-1860-4b61-9a78-d5e71d420245,4,4,4,1,1,1,1,2,2
16 GPU,16,36642437-4308-471e-aa36-e47d2ab10a02,4,4,3,1,1,1,1,1,1
16 GPU,16,73c75b07-fd0a-4f6b-b795-cad9035b8e45,5,5,5,1,1,1,1,1,2
16 GPU,16,7c2ac29a-b0ce-402b-a86b-e69c963e7e37,4,4,4,1,1,1,1,1,1
16 GPU,16,e195e7e4-65d8-4ac0-927d-1e80cec680d9,21,21,12,1,1,1,1,1,1
16 GPU,16,e86c8247-8190-429d-9a9b-6593481651a6,4,4,3,1,1,1,1,1,1
16 GPU,16,fea4254b-85ba-487d-8c38-beb318c5a028,4,4,3,1,1,1,1,2,2
16 GPU,16,a390e632-3163-486a-9362-3be42a6986e8,4,4,4,1,1,1,1,1,1
16 GPU,16,db0d582b-a0df-40dc-b5fc-083795b52450,4,4,4,1,1,1,1,1,1
16 GPU,16,5ffa49d6-c095-4246-a254-77b78b35c8ea,4,4,4,1,1,1,1,1,1
16 GPU,16,a2a5093f-21b5-4010-8952-a9bdb5d7f191,4,4,4,1,1,1,1,1,1
16 GPU,16,96c7470c-27b2-4272-82ca-862e1c902641,4,4,4,1,1,1,1,1,1
16 GPU,16,46d7ab4d-a2d9-4259-a319-4d065b8cc54e,4,4,3,1,1,1,1,1,1
16 GPU,16,902b8c74-9642-4942-8194-9797a6a0e2cd,4,4,4,1,1,1,1,1,1
16 GPU,16,a0fcd469-b1c9-4dfd-a1d2-d8d0ada18389,4,4,3,1,1,1,1,1,1
16 GPU,16,e7ad296d-84ce-4dbf-8b32-945184060eec,4,4,4,1,1,1,1,2,2
16 GPU,16,9c880207-65d2-4f9f-876f-de9dc56d5061,18,18,4,1,1,1,1,1,1
16 GPU,16,53e47eac-65cb-4f05-8eda-04cfaa234c25,25,25,11,1,1,1,1,1,1
16 GPU,16,3c357a5d-c57b-4718-ab49-96c727aacca6,31,31,1,1,1,1,1,1,1
16 GPU,16,327b226e-964e-4607-bb91-bd39822c92f2,31,31,4,1,1,1,1,1,1
16 GPU,16,0c854c7c-93e7-4ab6-acaf-2538b8c747a4,5,5,3,1,1,1,1,1,1
16 GPU,16,4f143944-3bb1-4546-a8e9-8e40d3f7c9a2,15,15,2,1,1,1,1,1,1
16 GPU,16,b171c9f1-af00-4274-a156-d177b123f4dc,25,25,4,1,1,1,1,1,1
16 GPU,16,d75e92ca-bac4-4939-93e9-d20161755277,31,31,4,1,1,1,1,1,1
16 GPU,16,8de9b061-d16c-4f88-8d91-ef5ecbb6f720,4,4,3,1,1,1,1,1,1
16 GPU,16,8f4e3791-bbe1-4a18-923c-5704053379b9,5,5,5,1,1,1,1,1,1
16 GPU,16,1c9fc6b7-576c-4fe3-b2ac-6bbdd9e3cef3,26,26,9,1,1,1,1,1,1
16 GPU,16,98421c84-764b-419d-816b-cbde6a6b85d7,35,35,11,1,1,1,1,1,1
16 GPU,16,57f9e56a-bc25-4353-b3cf-787932c9ce47,16,16,15,1,1,1,1,1,1
16 GPU,16,d197023f-b38e-4ac9-8603-a6a8d7e7826c,4,4,4,1,1,1,1,1,1
16 GPU,16,43c1a2dd-2b23-4ece-a35d-5091ea19212f,5,5,5,1,1,1,1,1,2
16 GPU,16,563fc867-56cd-489c-9a46-faaad71c96eb,11,11,8,1,1,1,1,1,1
16 GPU,16,0e67f567-9d8b-4918-90ea-ba2de451fac6,6,6,2,1,1,1,1,1,1
16 GPU,16,40056801-6b5b-4f3c-95a6-95c7f04ebbee,5,5,2,1,1,1,1,1,1
16 GPU,16,26c1ce80-78da-4cb3-9dff-c8024ef94234,1,1,1,1,1,1,1,1,1
16 GPU,16,f4456fa0-fcde-4162-a30a-1830bbe030db,2,2,2,1,1,1,1,1,1
16 GPU,16,c50efc92-84be-46bf-9447-0095ccc1a238,12,12,4,1,1,1,1,1,1
16 GPU,16,f9dc8818-ce09-4492-b3d8-31cbb18879e4,6,6,2,1,1,1,1,1,1
16 GPU,16,8eb79704-fc31-4e60-a465-f69301a063d6,8,8,1,1,1,1,1,1,1
16 GPU,16,ba93e04e-eda6-4246-8da6-c10badcd2181,1,1,1,1,1,1,1,1,1
16 GPU,16,95b5d4df-55f1-409f-b13f-11fdaea0e185,23,23,1,1,1,1,1,1,1
16 GPU,16,8ef77700-1607-4f36-9357-4d8649d92e05,15,15,3,1,1,1,1,1,1
16 GPU,16,28a0f7da-782d-440a-96d5-10b43829d30e,17,17,1,1,1,1,1,1,1
16 GPU,16,0943c2c0-2aac-4b4b-a4fc-7095b5a5571e,47,47,1,1,1,1,1,1,1
16 GPU,16,9113039a-f968-4a37-8b05-769bec0bfaa5,46,46,7,1,1,1,1,1,1
16 GPU,16,8a5a54d2-cc0a-4d32-8c3f-64d093793991,63,63,2,1,1,1,1,1,1
16 GPU,16,b6c4c16f-188f-43ae-aef5-1f93399256cd,56,56,1,1,1,1,1,1,1
16 GPU,16,4e193c41-b12a-4ec6-961d-f6e877a0e386,28,28,5,1,1,1,1,1,1
16 GPU,16,5152a740-a236-49c1-93dc-8dc63267c95b,50,50,1,1,1,1,1,1,1
16 GPU,16,e9ad19d6-98b3-48fd-b873-0c999bf80250,5,5,4,1,1,1,1,1,1
16 GPU,16,b010fb86-bf27-4876-8d58-a5bbe20b7dd4,8,8,6,1,1,1,1,1,1
16 GPU,16,74d3fa8e-8c96-40c1-934d-e4ed95c39422,33,33,1,1,1,1,1,1,1
16 GPU,16,bf27dbb5-9cc0-44e1-91dc-0a67733b69e3,34,34,0,1,1,1,0,0,0
16 GPU,16,5492ed05-3e09-48fe-9793-63060b9d08ba,4,4,3,1,1,1,1,1,1
16 GPU,16,5289d09a-c022-4496-8714-f06afe4d57d2,67,67,1,1,1,1,1,1,1
16 GPU,16,69a8513d-a44f-4b1b-b663-00c1e20124a9,37,37,9,1,1,1,1,1,1
16 GPU,16,bc838631-75e0-43c0-8828-8edbfe7aec52,4,4,2,1,1,1,1,1,1
16 GPU,16,33f991f3-1730-4890-ba55-c368376a9491,4,4,3,1,1,1,1,1,1
16 GPU,16,8041dd91-bd64-41aa-ab39-3da5c0714cc4,3,3,3,1,1,1,1,1,1
16 GPU,16,a02630ec-5fa1-4e12-bdf3-be995a10cf8a,4,4,2,1,1,1,1,1,1
16 GPU,16,7cf6ddae-277a-4046-8b97-73f3f4f04d6b,4,4,3,1,1,1,1,1,1
16 GPU,16,6f891e87-68ce-47d4-99a9-65590d6e74b7,5,5,5,1,1,1,1,1,1
16 GPU,16,8dccec62-07d4-4b22-953e-33afe3b943b6,5,5,5,1,1,1,1,1,2
16 GPU,16,2c40bcc0-276c-4cdc-b540-5c8cc19d9f3c,3,3,3,1,1,1,1,1,1
16 GPU,16,67f238ea-5141-45ce-bf58-b38799e9dd50,102,102,6,1,1,1,1,1,1
16 GPU,16,4d3b2190-1961-43cf-8130-9e601c7a7307,20,20,5,1,1,1,1,1,1
16 GPU,16,927d5c96-1ef2-4131-bdd6-1aeeaaab8cf0,22,22,4,1,1,1,1,1,1
16 GPU,16,e74442e1-0914-4939-8a21-4d3309e5ded6,14,14,6,1,1,1,1,1,1
16 GPU,16,de4fbede-39d2-4081-8c94-b389840dba2a,10,10,6,1,1,1,1,1,1
16 GPU,16,2c2f2b86-1a14-4b68-8073-6c298e57eda4,24,24,4,1,1,1,1,1,1
16 GPU,16,22305f50-6c09-470e-83c7-835e59d086b2,10,10,3,1,1,1,1,1,1
16 GPU,16,25f4922e-19a9-4343-998e-ca334250e079,11,11,4,1,1,1,1,1,1
16 GPU,16,3891bdab-c66c-4e40-bedb-7551b4157c3c,25,25,1,1,1,1,0,0,0
16 GPU,16,22dc734a-ce64-4fe5-8b84-ecb498372099,29,29,3,1,1,1,1,1,1
16 GPU,16,b0823a65-cede-4b70-a309-39faf159d58c,23,23,3,1,1,1,1,1,1
16 GPU,16,4d18f6f1-9994-4bf6-b015-b7c4823d034b,50,50,22,1,1,1,1,1,1
16 GPU,16,ea61c9a0-5c89-4da9-9f36-93cebae39d83,6,6,2,1,1,1,1,1,1
16 GPU,16,307e8044-bddf-48bb-a696-ba5847a97c48,7,7,2,1,1,1,1,1,1
16 GPU,16,73387c89-90fc-42b4-97da-224d37408f2a,37,37,12,1,1,1,1,1,1
16 GPU,16,359f4e2d-12f5-44cc-a5e5-acb4e75ef5c2,5,5,2,1,1,1,1,1,1
16 GPU,16,109e0475-d0cc-4df8-b391-37aa7dd4ea6d,4,4,3,1,1,1,1,1,1
16 GPU,16,a92c9157-9970-43f9-ae9d-00b5e95b8ae3,4,4,4,1,1,1,1,1,1
16 GPU,16,bb67e4c3-9f44-44a8-a89a-2064e39daa83,4,4,4,1,1,1,1,1,1
16 GPU,16,5a5e2cae-5639-4df8-bb6d-eb5e4ec0ea3f,4,4,4,1,1,1,1,1,1
16 GPU,16,052283b8-bea7-4d10-9768-f011dc21da6d,4,4,4,1,1,1,1,1,1
16 GPU,16,ce7e6f63-30ca-4527-94b4-ace3475b1a35,7,7,7,1,1,1,1,1,1
16 GPU,16,e88e887c-1040-4640-8941-d018df5bca65,4,4,4,1,1,1,1,1,1
16 GPU,16,1246c4f7-0c6e-4b13-80fa-0a871131d27f,4,4,3,1,1,1,1,1,1
16 GPU,17,f61f654e-9089-4d73-8fda-e5daf79c48f1,4,4,4,1,1,1,1,1,1
16 GPU,17,ff7cd896-70d0-4ed4-ac53-99a093714646,4,4,4,1,1,1,1,1,1
16 GPU,17,75d41986-2c85-467f-9c49-7ede85d6ea90,4,4,4,1,1,1,1,1,1
16 GPU,17,a9d81356-4e76-438f-ab2b-730e35945792,4,4,4,1,1,1,1,1,1
16 GPU,17,8c4a137c-4bfb-49f6-aa75-ecb2fd756718,4,4,4,1,1,1,1,1,1
16 GPU,17,c77382f0-fa02-4c41-8879-b97828419c8d,4,4,4,1,1,1,1,1,1
16 GPU,17,afa99c53-11ad-4f76-a2d9-90b3ebd9ea67,5,5,5,1,1,1,1,1,2
16 GPU,17,e849d9e0-5f37-416e-9be8-baad18f310e8,4,4,4,1,1,1,1,1,1
16 GPU,17,fd6bb881-575c-47ed-925d-e0e9959bfee4,42,42,2,1,1,1,1,1,1
16 GPU,17,1706ae08-cc5c-4df7-8906-84bef4fb59fb,13,13,3,1,1,1,1,1,1
16 GPU,17,3b842120-7760-4f91-8c74-ffc41a81e1d8,1,1,1,1,1,1,1,1,1
16 GPU,17,99d9de8f-ca87-49f7-b6fd-a6a9712f0fc5,72,72,1,1,1,1,1,1,1
16 GPU,17,02550992-f591-4814-a59e-01a467c50728,43,43,8,1,1,1,1,1,1
16 GPU,17,24303946-f210-437b-9a40-686ef7edafad,53,53,3,1,1,1,1,1,1
16 GPU,17,f9a8f953-dcb7-4d3d-8f8d-641041ff803f,46,46,1,1,1,1,1,1,1
16 GPU,17,af573c2e-0af5-4b83-9fc6-248d79a3c61b,53,53,11,1,1,1,1,1,1
16 GPU,17,a3640292-3a5f-412e-a2ea-2534cc77ecd1,65,65,3,1,1,1,1,1,1
16 GPU,17,7b8aca22-fb5e-4ee8-8129-290c614132d0,17,17,11,1,1,1,1,1,1
16 GPU,17,befd2c57-146f-40b4-bd95-ac411d126f31,22,22,5,1,1,1,1,1,1
16 GPU,17,c3617768-cc5b-4ac5-98be-71b4d830b154,17,17,17,1,1,1,1,3,5
16 GPU,17,b4282a79-1c92-4a6b-bc41-a234f764d7d6,5,5,5,1,1,1,1,1,1
16 GPU,17,2c71efd1-d5ab-44a1-88cb-855f425556c4,14,14,3,1,1,2,1,1,1
16 GPU,17,7bda9686-a8fe-4c0c-96dd-0337acc8361c,19,19,7,1,1,1,1,1,1
16 GPU,17,b25af3b3-c085-490a-ac1a-3e9a7343db6c,4,4,4,1,1,1,1,1,1
16 GPU,17,6fdaf37f-13c3-4657-aaba-b06b880873a2,14,14,5,1,1,1,1,2,2
16 GPU,17,dcfbcdd5-c99f-4322-9a21-6101c51ebdac,25,25,0,1,1,1,0,0,0
16 GPU,17,85a32d28-aba3-4ac4-aacf-5fabbd91be18,46,46,1,1,1,1,1,1,1
16 GPU,17,4011b432-644f-4db0-bf60-91e46340e2f3,40,40,26,1,1,1,1,1,2
16 GPU,17,704bc773-321a-4093-932f-fd2a6251b824,32,32,10,1,1,1,1,1,1
16 GPU,17,11d7eceb-d005-4b4e-a3f1-f618388e4687,4,4,3,1,1,1,1,1,2
16 GPU,17,309369aa-fed8-4f2d-8b30-19b460b5ed92,10,10,10,1,1,1,1,1,1
16 GPU,17,43117f58-304d-4239-b300-4fc41e0a40df,24,24,0,1,1,2,0,0,0
16 GPU,17,f7b4a97e-70d1-4a8f-8d9f-8e708c65f266,10,10,4,1,1,1,1,1,1
16 GPU,17,efc7c8f2-8582-47ed-881e-e8fd538c4629,29,29,0,1,1,1,0,0,0
16 GPU,17,51b257d3-ae18-410f-b143-e995bd609381,55,55,1,1,1,1,1,1,1
16 GPU,17,dba45e82-f01a-48f3-9ba5-e6ee473b92a0,10,10,6,1,1,1,1,1,1
16 GPU,17,07a1373b-866e-48ec-bdb2-f6ec6494ae79,47,47,0,1,1,1,0,0,0
16 GPU,17,33b91d11-14c8-4ec9-9386-fe3737be2c38,6,6,3,1,1,1,1,1,1
16 GPU,17,ed715c6e-f77d-4290-bed5-cce94822a7f0,41,41,1,1,1,1,1,1,1
16 GPU,17,3fe5476e-65f0-47e4-a233-4a1ce63015a5,27,27,6,1,1,1,1,1,1
16 GPU,17,43327ead-b65b-4009-88a7-6e0c0b73e891,40,40,5,1,1,1,1,1,1
16 GPU,17,2b48640c-478e-4d70-a9ff-a05b685cc9c7,68,68,10,1,1,1,1,1,1
16 GPU,17,327c5675-027e-441d-b488-25ebfb734de3,14,14,3,1,1,1,1,1,1
16 GPU,17,0788b737-99ba-45dc-a47e-679d509f40e6,69,69,2,1,1,1,1,1,1
16 GPU,17,aaa9dc3b-4b81-47bf-a356-2975b946dfb2,8,8,3,1,1,1,1,1,1
16 GPU,17,5de50c72-6c79-41a0-9304-b7f6f1749cd7,14,14,9,1,1,1,1,1,1
16 GPU,17,11e63306-b7e8-428f-a15b-d4f0e1a479e8,55,55,1,1,1,1,1,1,1
16 GPU,17,7e1d1526-4458-4fa3-934c-2a4618224d0c,35,35,13,1,1,1,1,1,1
16 GPU,17,dd1edbc3-b17e-476b-b396-4b4a9381a727,30,30,2,1,1,1,1,1,1
16 GPU,17,3bc98a47-46d6-45c2-93ca-b733766d1bcb,17,17,6,1,1,1,1,1,1
16 GPU,17,18c7e566-e242-4013-8b7a-e82be4846ed0,7,7,3,1,1,1,1,1,1
16 GPU,17,248cd90b-8cf9-4739-ba0e-97c2a21abb3f,2,2,2,1,1,1,1,1,1
16 GPU,17,0f0059e4-4500-4cb2-baf1-7e9a3c45704c,51,51,9,1,1,1,1,1,1
16 GPU,17,89c28bb9-2395-4766-bbc0-4f63cd180a10,23,23,3,1,1,1,1,1,1
16 GPU,17,ed988140-8157-47e5-8eb7-d4c96388a7bc,13,13,2,1,1,1,1,1,1
16 GPU,17,cbaef403-8c68-49a9-9c54-3ed3bb493975,52,52,0,1,1,1,0,0,0
16 GPU,17,aeab631f-9918-48d5-983b-02ac9752618c,5,5,1,1,1,1,1,1,1
16 GPU,17,08567e73-e7d5-4911-9ec1-edec87a73602,6,6,1,1,1,1,1,1,1
16 GPU,17,8d133b91-815c-4eae-8efa-34456b6b5c80,5,5,2,1,1,1,1,1,1
16 GPU,17,f7d9f5ef-1546-46f4-a6b0-691fd16d816f,24,24,8,1,1,1,1,1,1
16 GPU,17,ff8ff599-3b01-4144-a15e-96ace0ef5566,27,27,2,1,1,1,1,1,1
16 GPU,17,b3a06372-4d74-4b36-b5c5-e3ad444d4946,2,2,2,1,1,1,1,1,1
16 GPU,17,0cbed3c0-c136-43db-87ba-4adaeb5a23af,19,19,10,1,1,1,1,1,1
16 GPU,17,878ad333-770d-4e5e-99bd-d6cd728b128c,27,27,2,1,1,1,1,1,1
16 GPU,17,a703e320-27c5-4d7c-8e04-2e9b6c87498a,58,58,1,1,1,1,1,1,1
16 GPU,17,3b9e53db-de09-442f-91ac-6da2332c787c,67,67,3,1,1,1,1,1,1
16 GPU,17,73c71761-e58b-47a2-b7ea-b2d57657b2ff,49,49,1,1,1,1,1,1,1
16 GPU,17,082fcea6-ad9e-4880-95f9-b3335131c374,111,111,8,3,3,3,1,1,1
16 GPU,17,25b3aceb-40d6-4053-a117-f8dbff36845c,27,27,9,1,1,1,1,1,1
16 GPU,17,dc4c5f80-364f-472c-a59e-e84214d0f4e8,7,7,3,1,1,1,1,1,1
16 GPU,17,b1a9b4ca-daf0-4b83-9838-d3b573c6cc96,38,38,5,1,1,1,1,1,1
16 GPU,17,a5afb01f-8a01-426d-ac8b-e80bb6aced47,2,2,2,1,1,1,1,1,1
16 GPU,17,e9cfc1c4-59c8-4c39-b7d9-bb829f55dff9,13,13,10,1,1,1,1,1,1
16 GPU,17,687921d0-3189-44ee-831c-0391f4da65ab,5,5,4,1,1,1,1,1,1
16 GPU,17,0da00f17-4fcd-460e-b9b8-a4f390284999,7,7,7,1,1,1,1,1,2
16 GPU,17,c690beff-f926-4613-b928-6aa09bcc29bb,11,11,5,1,1,1,1,1,1
16 GPU,17,ac940169-d1eb-44d5-8273-b6b8f65ef870,7,7,5,1,1,1,1,1,1
16 GPU,17,40d9afa8-c542-4ab5-8a65-0cd2e7ecff4a,4,4,3,1,1,1,1,1,1
16 GPU,17,c722c117-9b51-40c3-a914-f2923d93d015,21,21,9,1,1,1,1,1,1
16 GPU,17,8714eace-98dd-4529-970f-89daf2483d5b,10,10,8,1,1,1,1,2,2
16 GPU,17,f8e312c5-1a56-4d5b-86af-0e0be75e4945,2,2,2,1,1,1,1,1,1
16 GPU,17,9bb779a0-ae60-4bf8-aa5d-1a005f86675a,51,51,1,1,1,1,1,1,1
16 GPU,17,879d77d7-c7c8-4d4f-8e29-45aebe0758b6,55,55,0,1,1,1,0,0,0
16 GPU,17,c8df7279-965d-41b8-a938-a08ae4eba2ff,22,22,15,1,1,1,1,1,1
16 GPU,17,afc49657-df68-456a-889d-345a8c6ce468,50,50,1,1,1,1,1,1,1
16 GPU,17,cbd5f375-702e-4e2c-8f3b-399861837dcc,9,9,2,1,1,1,1,1,1
16 GPU,17,9a340fcd-9604-4669-8694-7ba728e04da8,79,79,1,1,1,1,1,1,1
16 GPU,17,cd08480a-650f-4785-88a5-e17b59f47042,62,62,0,1,1,2,0,0,0
16 GPU,17,2e9dbae6-0632-4f04-a0ba-655275e3fcf6,36,36,5,1,1,1,1,1,1
16 GPU,17,224ddf9d-aff2-403d-a35b-c09d99e4ccf8,36,36,0,1,1,1,0,0,0
16 GPU,17,b957f7db-a005-4c33-bca0-6f1e52df2ffe,61,61,0,1,1,1,0,0,0
16 GPU,17,3837db11-99da-4416-b810-5556a80d692f,42,42,3,1,1,3,1,1,1
16 GPU,17,725ea79b-c5f5-453b-bac7-66d295452277,47,47,1,1,1,1,1,1,1
16 GPU,17,efaa9e3c-6995-4c51-a462-6afa175fa68a,25,25,3,1,1,1,1,1,1
16 GPU,17,b4447d06-63b9-4409-951b-077d557c55ba,58,58,1,1,1,1,1,1,1
16 GPU,17,542b4c0f-e589-4a43-8852-2b461ce2daea,36,36,0,1,1,1,0,0,0
16 GPU,17,6d41d722-f3aa-448d-80f9-a63d1a2c5075,9,9,9,1,1,1,1,1,2
16 GPU,17,a5fffd84-32b8-4bb8-88fa-dde0394d6fda,4,4,4,1,1,1,1,1,1
16 GPU,17,b7331536-f4b4-40c7-945c-3076b266d5ca,9,9,8,1,1,1,1,1,2
16 GPU,17,e8170941-cd24-4122-bfa0-9ac58fe0998b,4,4,4,1,1,1,1,1,1
16 GPU,17,4b47cf0c-77ac-4dba-b21a-0fb29bc9af29,4,4,4,1,1,1,1,1,1
16 GPU,17,29d6121a-01e7-4d2a-b9ae-e75f23f4bf60,4,4,4,1,1,1,1,1,1
16 GPU,17,82b9cb4f-c251-4efd-b3f0-814d9649cb66,16,16,6,1,1,1,1,1,1
16 GPU,17,e1b15607-4ff3-4c0b-871a-38f16f86aeb5,17,17,11,1,1,1,1,1,1
16 GPU,17,310a9765-9ee5-4f27-a7d0-04dd4d897575,60,60,0,1,1,1,0,0,0
16 GPU,17,5d2b11d6-e076-4a39-b829-beb5ce095bbf,35,35,0,1,1,1,0,0,0
16 GPU,17,3bf9466f-1c66-4b54-8288-05be8f1a42d2,42,42,0,1,1,1,0,0,0
16 GPU,17,8d28877a-70c8-462f-aeba-3a5693cb0bf4,37,37,0,1,1,1,0,0,0
16 GPU,17,f68d5142-5160-410c-ab7c-1c4ff0c89fd3,49,49,0,1,1,1,0,0,0
16 GPU,17,7ca84469-d633-44fc-81d3-04819937f32a,60,60,0,1,1,1,0,0,0
16 GPU,17,3922c9b5-45b0-45f2-b784-2e30c7fbaa6c,59,59,0,1,1,1,0,0,0
16 GPU,17,d4cca9be-e297-479c-bd34-2b033ca26239,46,46,0,1,1,1,0,0,0
16 GPU,17,f718ae57-518d-479e-8a1d-2c1d84316d9c,1,1,1,1,1,1,1,1,1
16 GPU,17,3311fa44-0534-4239-b216-8d66eab9bee6,23,23,13,1,1,1,1,1,1
16 GPU,17,73b7112d-ff4e-4729-b6c1-18793d0d7f6e,30,30,19,1,1,1,1,1,1
16 GPU,17,962838d2-398f-406e-badb-4bdc85d74fde,37,37,3,1,1,1,1,1,1
16 GPU,17,2033b14e-029f-495b-a322-9bf3638821ba,5,5,4,1,1,1,1,1,1
16 GPU,17,504e70b8-bd90-48d5-bc12-02884ba00fb7,18,18,11,1,1,1,1,1,1
16 GPU,17,9d980104-c0d8-4d37-a48a-e00feac7ad86,47,47,3,7,7,7,1,1,1
16 GPU,17,edfb6dd6-8bfd-4f2d-8143-6529177395e3,2,2,2,1,1,1,1,1,1
16 GPU,17,214e53d7-2b3a-4b44-8317-f03a7eb41b2c,10,10,8,1,1,1,1,1,1
16 GPU,17,1de53ff1-95fa-4be7-bcce-702503045c8a,17,17,1,1,1,1,1,1,1
16 GPU,17,38c623ec-2632-42fa-9b1b-6d629d663811,8,8,4,1,1,1,1,1,1
16 GPU,17,2aa9b596-a0ab-4ff3-a73f-2fbf732f6e72,3,3,3,1,1,1,1,1,1
16 GPU,17,7704a843-d809-404c-ba77-ab397055d8b6,22,22,8,1,1,1,1,1,2
16 GPU,17,2a7e7fff-7303-478d-9728-cea98aae6d6b,28,28,1,1,1,1,1,1,1
16 GPU,17,1cee8aed-9af0-411f-a996-cd3c48d81fd5,35,35,20,1,1,1,1,1,1
16 GPU,17,70fed837-9d31-4385-be71-b15d4ddb4241,42,42,6,1,1,1,1,1,1
16 GPU,18,666df986-02bc-481f-a2a0-d67b0966a65a,4,4,4,1,1,1,1,1,1
16 GPU,18,0afc6ea9-dadf-41da-8482-9d398153686a,4,4,4,1,1,1,1,1,1
16 GPU,18,838a1550-fc08-497b-990b-515685163097,4,4,3,1,1,1,1,1,1
16 GPU,18,0c8f9e19-fc5f-4168-bdfd-22d8ba6eb621,4,4,4,1,1,1,1,1,1
16 GPU,18,811558d5-7121-41a6-85db-101d87351953,3,3,3,1,1,1,1,1,1
16 GPU,18,28fc3b4b-ea61-47a1-add9-35281101aaaa,4,4,4,1,1,1,1,1,1
16 GPU,18,8d36cd72-c969-4bb1-88af-dec6921fe62e,4,4,4,1,1,1,1,1,1
16 GPU,18,e9af0c1d-53c3-4d71-aa2f-2c296d00dcc0,4,4,3,1,1,1,1,1,1
16 GPU,18,aa18c7a0-5260-4f5f-9543-de9956535744,6,6,1,1,1,1,1,1,1
16 GPU,18,35821789-4c40-48ca-a131-08c0598a83fb,5,5,2,1,1,1,1,1,1
16 GPU,18,cbcb17e6-44a7-4659-bbf1-ce889321a97f,6,6,6,1,1,1,1,1,2
16 GPU,18,8f3ba4ae-06e1-4915-b058-cf2ec32c093a,16,16,2,1,1,1,1,1,1
16 GPU,18,eec8cccf-c27c-44f1-b94c-f7290ad4d934,7,7,1,1,1,1,1,1,1
16 GPU,18,4aec47d7-6051-4733-be93-23c509edd202,5,5,2,1,1,1,1,1,1
16 GPU,18,6d4f9c8f-ae6e-4930-b0b3-6b837bfdb3e9,5,5,2,1,1,1,1,1,1
16 GPU,18,1b227349-26b4-4e72-a25d-46d15335cd92,9,9,2,1,1,1,1,1,1
16 GPU,18,bf10f4ae-85e4-4471-ad42-103d352bf8db,39,39,6,1,1,1,1,1,1
16 GPU,18,5bae2c3f-5274-4d59-8b23-6393f0a83968,24,24,0,1,1,1,0,0,0
16 GPU,18,d2e9cecf-c383-4596-a667-c7240ca5c844,2,2,2,1,1,1,1,1,1
16 GPU,18,472c2aef-bfdb-4e23-a5b2-c442934204f9,27,27,9,1,1,1,1,1,1
16 GPU,18,cb077bf4-9e4d-44b9-9dc6-1f1c28484edc,26,26,8,1,1,1,1,1,1
16 GPU,18,9e956f82-fc38-40c3-a6c5-042034929444,26,26,1,1,1,2,1,1,1
16 GPU,18,649e26d4-b23a-46dc-81d8-684c73569d04,19,19,1,1,1,1,1,1,1
16 GPU,18,b52e9ed1-ee19-41e0-b0f9-64e67c54a4f2,32,32,0,1,1,1,0,0,0
16 GPU,18,b3363cbb-da94-48fb-850d-1ca1da66262e,9,9,9,1,1,1,1,2,2
16 GPU,18,db0bef10-ef1c-4c3c-be0a-f6637793065f,4,4,4,1,1,1,1,1,1
16 GPU,18,e85ebb80-0fe9-4892-8581-04e8947e6e5a,4,4,3,1,1,1,1,1,1
16 GPU,18,f281acd5-876d-4e26-82f7-29403cf27dff,2,2,2,1,1,1,1,1,1
16 GPU,18,242a5aef-f5cd-44a2-ac41-3061710326bc,4,4,4,1,1,1,1,1,1
16 GPU,18,e666399e-c873-4937-8994-c883e6417773,4,4,4,1,1,1,1,1,1
16 GPU,18,531dc107-9f39-46f7-af1b-0fde9091b58a,4,4,4,1,1,1,1,1,1
16 GPU,18,50707435-f434-4d4c-bbad-e22c072ce8bf,8,8,8,1,1,1,1,1,1
16 GPU,18,5d26490c-9277-49c6-9ed1-ed86351ae12e,4,4,4,1,1,1,2,2,2
16 GPU,18,1c5a74fe-f335-4ff4-8e6c-1ee51a53beb3,4,4,4,1,1,1,1,1,1
16 GPU,18,b581f169-a116-4ce7-adb7-589e7698de29,4,4,4,1,1,1,1,1,1
16 GPU,18,10a80601-a14a-465a-8824-357ed83f5d9f,4,4,4,1,1,1,1,2,2
16 GPU,18,5bf57e0a-a952-4471-9923-11174bcd38bc,4,4,4,1,1,1,1,1,1
16 GPU,18,cdc34703-ecc6-4bf8-a74f-e507ccde2191,4,4,4,1,1,1,1,1,1
16 GPU,18,dafbbfe1-8e7c-4d13-9ea8-54d1f2160c9c,4,4,4,1,1,1,1,1,1
16 GPU,18,81ef28bc-b52e-4b99-99ff-1911bbf8f8dd,4,4,4,1,1,1,1,1,1
16 GPU,18,d947a96d-8dc2-4ac1-ae6b-1bb8a9815e6c,21,21,5,1,1,1,1,1,1
16 GPU,18,67a76713-a1c3-48d1-ac89-856733ac6f68,8,8,8,1,1,1,1,1,1
16 GPU,18,514a30f7-c836-4bf8-bbca-4e7fa109ca4d,10,10,3,1,1,1,1,1,1
16 GPU,18,17b6f91a-cf4b-4bb6-98d4-92b87777f69d,6,6,4,1,1,1,1,1,1
16 GPU,18,0d6d175e-1763-4957-8d71-8159b90e7e9d,8,8,8,1,1,1,1,1,1
16 GPU,18,b16e4e68-24a1-4a12-a822-78f300944fbe,32,32,16,1,1,1,1,1,1
16 GPU,18,58706e0a-35c2-4a28-9fc4-737c70f8c760,33,33,0,1,1,1,0,0,0
16 GPU,18,5dce22e7-d454-46b3-9169-ab119a6d7ae9,11,11,9,1,1,1,1,1,1
16 GPU,18,a1ca5b41-c308-4612-a8bc-fa29faf95f86,37,37,1,1,1,1,1,1,1
16 GPU,18,6e710abe-c846-4eae-9f92-4eeb475760fd,25,25,5,1,1,1,1,1,1
16 GPU,18,d4464e49-fae0-48a6-862d-88a8c632c20b,15,15,11,1,1,1,1,1,1
16 GPU,18,b48b54f1-dc6a-4bf3-8da1-2e16ae5cc0e2,49,49,0,1,1,1,0,0,0
16 GPU,18,e4ebc4d8-ed78-4f4b-8cbc-815e13fe7e3e,7,7,6,1,1,1,1,1,2
16 GPU,18,70158fa4-03cd-4f38-9c01-2d2811dff74a,43,43,0,1,1,1,0,0,0
16 GPU,18,395c85a8-bee7-43ff-88a9-421cbff2ddcf,22,22,10,1,1,1,1,1,1
16 GPU,18,a4b06f63-7af7-44d9-a9de-f8ac47bf1038,1,1,1,1,1,1,1,1,1
16 GPU,18,a467b3f7-21a2-4f01-b249-2cebedd90fe0,40,40,0,1,1,1,0,0,0
16 GPU,18,4f3e3cf2-d1ef-4a4c-94d9-0c2eff26f1a9,53,53,1,1,1,1,1,1,1
16 GPU,18,ffb639ab-01ca-474f-94be-b80903c54d6c,49,49,4,1,1,1,1,1,1
16 GPU,18,ff2c42f8-2ef5-4d79-9dc9-2aaa4dc41657,43,43,5,1,1,1,1,1,1
16 GPU,18,576045d9-3a48-450a-9104-bb0c99540a5a,1,1,1,1,1,1,1,1,1
16 GPU,18,60fa887e-8284-45ea-9cd1-81cca82b716e,64,64,1,1,1,1,1,1,1
16 GPU,18,37b4d0cc-a2e9-4bf1-ab60-7047e4c859fe,40,40,6,1,1,1,1,1,1
16 GPU,18,f664e752-38f1-4983-9290-966c53cb2894,40,40,0,1,1,1,0,0,0
16 GPU,18,bce65905-645e-4d0a-8c04-870dddd787df,36,36,2,1,1,1,1,1,1
16 GPU,18,3c473e69-1c63-4ae4-98e9-1b171edf0cbe,57,57,3,1,1,1,1,1,1
16 GPU,18,1a4a20fc-6ce6-41f5-9151-e144bba0e0dc,34,34,0,1,1,1,0,0,0
16 GPU,18,143c0de1-8e04-4cad-a93f-b9ef408d3729,38,38,0,1,1,1,0,0,0
16 GPU,18,6f000d7c-c224-468e-a355-c0ab50ea88da,13,13,0,1,1,1,0,0,0
16 GPU,18,88c1fc0c-8e11-43e3-b481-b892cd76d081,26,26,1,1,1,1,1,1,1
16 GPU,18,84178fc6-d383-4460-b145-8973bbb42591,51,51,1,1,1,1,1,1,1
16 GPU,18,2004d09f-2cdb-4c26-b7c1-7018614ee456,41,41,1,1,1,1,1,1,1
16 GPU,18,6338c85a-c2ca-48fb-9b11-f02b80ad2a91,54,54,5,1,1,2,1,1,1
16 GPU,18,d1003bfe-e9b3-4c6c-9481-5c375c676fdc,35,35,0,1,1,1,0,0,0
16 GPU,18,73c1f0dd-e05f-4b88-9274-902788b36f36,42,42,0,1,1,2,0,0,0
16 GPU,18,f2bc25c7-8af3-45c2-8d85-31b00a233a0c,8,8,1,1,1,1,1,1,1
16 GPU,18,5eccd3ce-c01e-4708-9208-6cad3ac28e41,25,25,0,1,1,1,0,0,0
16 GPU,18,573479f7-777a-433e-9b51-37def2396e09,10,10,2,1,1,1,1,1,1
16 GPU,18,4f46160d-3d8c-46dc-827d-4e0a4236ecbe,33,33,0,1,1,1,0,0,0
16 GPU,18,8b323916-451c-4a61-a674-838b17abdf7b,34,34,1,1,1,1,1,1,1
16 GPU,18,207b42c7-f39b-481d-8fe2-6b30d0b2589f,5,5,3,1,1,1,1,1,1
16 GPU,18,17a0416f-e47e-46a3-97db-ff67139f64c1,16,16,2,1,1,1,1,1,1
16 GPU,18,a052a3d8-3dc0-46cc-a42d-9c740a7462f2,7,7,3,1,1,1,1,1,1
16 GPU,18,5e6362f9-2892-4cd0-a844-ec1584ea0702,58,58,4,1,1,1,1,1,1
16 GPU,18,ac345332-1162-4745-b0e3-a0e251aabbcb,1,1,1,1,1,1,1,1,1
16 GPU,18,e796c5a1-b1c9-42b7-8d10-16f2cb2b7300,37,37,1,1,1,1,1,1,1
16 GPU,18,e8d43036-7eb6-44a7-8b86-24d09adb68d7,1,1,1,1,1,1,1,1,1
16 GPU,18,82e035fa-2553-44ab-887d-12020c3219c7,1,1,1,1,1,1,1,1,1
16 GPU,18,fafd9765-e2ae-4ce2-83c1-97fdd28fc1df,30,30,7,1,1,1,1,1,1
16 GPU,18,e7b5b03a-cb82-4a7b-a70f-604e466843ad,20,20,5,1,1,1,1,1,1
16 GPU,18,c87dede6-a50e-4923-bb99-61dac10e691a,5,5,5,1,1,1,1,1,1
16 GPU,18,9881b52f-3548-4a8d-83dc-1f467ea55ae2,7,7,7,1,1,1,1,1,1
16 GPU,18,6ab62cd7-5f4d-4fa8-b55c-a36c85db181b,35,35,0,1,1,1,0,0,0
16 GPU,18,d2498f32-16e6-4924-89c8-d674a233177a,4,4,4,1,1,1,1,1,1
16 GPU,18,363d2ed1-2b2c-45ed-a5e8-73c3921cf8c5,7,7,1,1,1,1,1,1,1
16 GPU,18,eb01d19a-7417-4267-b8d4-3b750a249bf9,3,3,3,1,1,1,1,1,1
16 GPU,18,93d12b8f-6716-40f0-948d-8a6b20719059,8,8,6,1,1,1,1,1,2
16 GPU,18,4058ac2e-84d1-416e-b616-4a3681b17544,35,35,1,1,1,1,1,1,1
16 GPU,18,5707f4f3-7176-4a07-86aa-39a23478e538,39,39,1,1,1,1,1,1,1
16 GPU,18,822bc316-4aa6-49f4-b58c-aac32779de91,33,33,0,1,1,1,0,0,0
16 GPU,18,c676d780-b53f-4005-9dc6-af21a786f421,30,30,4,1,1,1,1,1,1
16 GPU,18,de1ceefa-715c-4c99-92b7-b899295bbf64,17,17,11,1,1,1,1,1,1
16 GPU,18,ebfe142c-9397-4065-bb8d-386dfc66ec33,28,28,0,1,1,1,0,0,0
16 GPU,18,de0c482f-0133-4284-aec6-5d95ec5a42e9,2,2,2,1,1,1,1,1,1
16 GPU,18,0924782e-8ea8-4eda-a67d-6337dbb703f7,18,18,4,1,1,1,1,1,1
16 GPU,18,14938615-5572-4a5d-bef2-dbf3299cafdd,1,1,1,1,1,1,1,1,1
16 GPU,18,d8d4de77-4d86-4d3d-96d6-a578b6ccd0c6,42,42,4,1,1,2,1,1,1
16 GPU,18,47964522-a53a-49c9-b09c-501182722016,37,37,4,1,1,1,1,1,1
16 GPU,18,64bfdb66-e16e-427b-ac3f-0f0df0432ba0,1,1,1,1,1,1,1,1,1
16 GPU,18,f461f41b-486f-4505-854f-3fbb7cc5d6f1,67,67,1,1,1,1,1,1,1
16 GPU,18,28d25d18-aa3e-4bcd-b685-911febca8c4c,37,37,1,1,1,1,1,1,1
16 GPU,18,b30210e6-54ba-4201-abbd-d35a12c3c0a5,38,38,0,1,1,1,0,0,0
16 GPU,18,4f600faa-8094-4764-b04c-bd86d7d504e8,7,7,2,1,1,1,1,1,1
16 GPU,18,10dd6327-0e4c-470a-baf8-d078cc27a093,8,8,2,1,1,1,1,1,1
16 GPU,18,0a55b635-cef9-4226-8a89-edb79c6912ac,21,21,1,1,1,1,1,1,1
16 GPU,18,925161f9-151b-47c5-8f31-542f2800471c,6,6,2,1,1,1,1,1,1
16 GPU,18,0f491a4d-7e5d-482b-93e7-200746837669,18,18,1,1,1,1,1,1,1
16 GPU,18,ed3ebe64-2945-4ebd-97dc-7e830945851f,13,13,3,1,1,1,1,1,1
16 GPU,18,2ce12826-866a-4a74-b878-477c2f645970,19,19,3,1,1,2,1,1,1
16 GPU,18,e4aa80b6-59a7-4e19-b7ea-72366a10050f,8,8,2,1,1,1,1,1,1
16 GPU,18,5f552684-5f34-4c73-909c-359d8503b23b,80,80,1,1,1,1,1,1,1
16 GPU,18,6f6da0ac-52ac-4251-a2f7-f01b403717cd,6,6,2,1,1,1,1,1,1
16 GPU,18,724d84c2-36bb-475b-8a03-a2d1bc2fa481,1,1,1,1,1,1,1,1,1
16 GPU,18,4772c23a-b151-4d99-ad30-6fca45a14b01,86,86,3,1,1,2,1,1,1
16 GPU,18,c364fd8d-9755-4928-aab8-a16584ce5c5c,21,21,3,1,1,1,1,1,1
16 GPU,18,7800185a-8b75-4b96-90f7-a2f57cd347a4,7,7,1,1,1,1,1,1,1
16 GPU,18,fbf8360a-d036-4b8c-bec7-51dbe47d6554,45,45,1,1,1,1,1,1,1
16 GPU,18,bb80b741-7acd-4727-aa64-28217979737d,2,2,2,1,1,1,1,1,1
16 GPU,19,f13947f9-9617-4f1a-a7b7-26225f32904c,74,74,5,6,6,6,1,1,1
16 GPU,19,116560d5-ffd6-4f2e-807d-0abed1a5297c,88,88,9,13,13,13,1,1,1
16 GPU,19,90212995-d99e-41c7-935e-7e915ee78108,43,43,3,1,1,1,1,1,1
16 GPU,19,0d48dec2-4e86-46b9-81b5-1354b0835f63,91,91,2,6,6,6,1,1,1
16 GPU,19,c9033d74-a336-4ece-a8c6-eb291bcc9774,38,38,6,1,1,1,1,1,1
16 GPU,19,d9087577-226f-4fb3-8f88-01f0601aca79,25,25,15,1,1,1,1,1,1
16 GPU,19,4572dd6a-790c-4512-8e11-f6d180367684,65,65,0,1,1,1,0,0,0
16 GPU,19,7967f920-3512-4126-ac3c-a247f7831414,42,42,0,1,1,1,0,0,0
16 GPU,19,4a6dbf39-3c60-46f3-bd60-a1556271bec5,15,15,3,1,1,1,1,1,1
16 GPU,19,d3d03879-264b-41c3-9b34-d55f55c0f479,49,49,14,1,1,1,1,1,1
16 GPU,19,58d975bd-b855-4b67-8548-e49d51b58ce1,41,41,3,1,1,1,1,1,1
16 GPU,19,7cec766e-e841-4dda-8575-c830c5716e10,109,109,28,1,1,1,1,1,1
16 GPU,19,0b2b3af4-0209-4b29-b17f-82088bb231ef,47,47,18,1,1,1,1,1,1
16 GPU,19,c0a63bd4-3c18-4251-b95b-68c73725b959,32,32,17,1,1,1,1,1,1
16 GPU,19,9663c1a6-bf3e-47af-8a23-1efbb4af565a,50,50,6,1,1,1,1,1,1
16 GPU,19,7cfe1b94-44aa-4082-9c81-19bd991e6ec9,12,12,6,1,1,1,1,1,1
16 GPU,19,4fec2021-32d5-497d-9ca0-34fe2ccd6ab0,72,72,2,2,2,2,1,1,1
16 GPU,19,1d19e604-260e-461f-b932-782c51cd076a,68,68,2,1,1,1,1,1,1
16 GPU,19,6a2da5c6-1c5e-4616-b20e-dfdf39bfe198,6,6,6,1,1,1,1,1,1
16 GPU,19,8f889d8e-2705-44bf-99eb-6e0ba11034fc,48,48,3,1,1,1,1,1,1
16 GPU,19,a1939050-3ef8-459a-aec4-d20d577aefc5,22,22,8,1,1,1,1,1,1
16 GPU,19,f1ff7d43-4de2-4416-941f-f66ded39c8b9,35,35,6,1,1,1,1,1,1
16 GPU,19,521b30ad-5f37-4129-a997-374236b3d2eb,2,2,2,1,1,1,1,1,1
16 GPU,19,48aee9fa-8fdf-4bf6-b9df-5a90f3a06af2,5,5,4,1,1,1,1,1,1
16 GPU,19,51aa453d-e277-4b9e-a48c-240d362aa2f8,159,159,2,5,5,5,1,1,1
16 GPU,19,c5179b34-b121-4f4c-9781-58a2c7f50a4a,33,33,2,1,1,1,1,1,1
16 GPU,19,b2c185b5-d5d6-4c96-a46e-9f71c223b754,58,58,16,1,1,1,1,1,1
16 GPU,19,4d985fb6-2657-45c8-bad0-9e3747ba5ba3,53,53,2,1,1,1,1,1,1
16 GPU,19,3fcbeeb5-0879-42ca-b576-5cac7b44d213,26,26,2,1,1,1,1,1,1
16 GPU,19,8142bb29-7937-4042-b28e-d9021e8462ed,29,29,2,1,1,1,1,1,1
16 GPU,19,845fa71b-85b6-46ac-88f5-c768113dd4cd,37,37,22,1,1,1,1,1,1
16 GPU,19,3f7832e9-611d-46fc-af09-d2acf15f5a07,32,32,0,1,1,1,0,0,0
16 GPU,19,1bf408c4-322a-4337-b403-6354514bd7bd,16,16,1,1,1,1,1,1,1
16 GPU,19,9626a149-027a-4101-8444-ec094a7e4158,27,27,4,1,1,1,1,1,1
16 GPU,19,eabfce1c-ab50-45e0-8011-485690fece71,19,19,1,1,1,1,1,1,1
16 GPU,19,275d1765-c898-4d2b-97f8-7c2493831cec,23,23,3,1,1,1,1,1,1
16 GPU,19,b8f5f6ec-499d-45b9-869c-13bb0be44494,3,3,3,1,1,1,1,1,1
16 GPU,19,0c817647-7a39-4fdb-a0f4-977b75031d97,19,19,3,1,1,1,1,1,1
16 GPU,19,5fca1a28-2a26-4614-97e8-289914910347,5,5,2,1,1,1,1,1,1
16 GPU,19,379b288b-16c7-4c6b-90ba-e7915b24debb,7,7,2,1,1,1,1,1,1
16 GPU,19,bab6cbe3-9767-46c4-9866-a53897a628db,19,19,3,1,1,1,1,1,1
16 GPU,19,3fd4921e-16b2-4494-80de-26e07bfefa2b,36,36,0,1,1,1,0,0,0
16 GPU,19,d2553e0c-6f6b-4793-8dfb-42e6b2f8cb13,37,37,0,1,1,1,0,0,0
16 GPU,19,a15f3d7a-fc94-473a-91a4-b2f9a2bc2725,10,10,8,1,1,1,1,1,1
16 GPU,19,ea324309-dd30-41fd-a6ac-5537e3ca945d,3,3,3,1,1,1,1,1,1
16 GPU,19,e65d98f0-351d-43f0-9d1b-b979729e4546,37,37,1,1,1,1,1,1,1
16 GPU,19,d72e4d35-09d7-418b-bba6-d509773a47d2,19,19,3,1,1,1,1,1,1
16 GPU,19,a8e6ee7d-55f9-4dea-81cd-b4e07dc882e7,52,52,0,1,1,1,0,0,0
16 GPU,19,67033807-2274-4559-9d01-f5690babad3d,4,4,4,1,1,1,1,1,1
16 GPU,19,f2a16592-a3a9-4fe5-9d88-0d7a4dc0ffe1,4,4,4,1,1,1,1,1,1
16 GPU,19,5a5a93bd-b576-405e-8910-cd034cd1527a,4,4,4,1,1,1,1,1,1
16 GPU,19,3acfc4de-b4e9-406d-b084-36570528fd73,4,4,4,1,1,1,1,1,1
16 GPU,19,2714d00b-0a77-4f02-81a3-862683b37145,4,4,4,1,1,1,1,1,1
16 GPU,19,0c23ceb0-216f-4fe0-96d5-95cce3243cc7,4,4,4,1,1,1,1,1,1
16 GPU,19,8bfa5839-17d5-4011-9d3c-9a39b0e7c721,4,4,4,1,1,1,1,1,1
16 GPU,19,18c0077b-1b44-473d-b47c-702a91bc9140,4,4,4,1,1,1,1,1,1
16 GPU,19,a58cc457-061e-4a69-b202-f9b625a6beb8,22,22,4,1,1,1,1,1,1
16 GPU,19,df4af2c0-6ee6-4f07-8938-2aa65358c1cc,2,2,2,1,1,1,1,1,1
16 GPU,19,c10d5927-3122-43c9-bc31-6c2efd83c3aa,53,53,0,1,1,1,0,0,0
16 GPU,19,3c15a52d-1a19-4829-ac00-263ebd78aa9f,49,49,4,1,1,1,1,1,1
16 GPU,19,12482cff-9478-4033-a7b6-5c37b7155294,29,29,6,1,1,1,1,1,1
16 GPU,19,eb639102-f5c0-4df3-bdc8-d4026870c0f3,21,21,4,1,1,1,1,1,1
16 GPU,19,6864b9fc-f21d-4789-9cde-c41459d17fd8,32,32,6,1,1,1,1,1,1
16 GPU,19,3759c72b-c4fc-4147-9769-a89d604872bc,67,67,3,1,1,1,1,1,1
16 GPU,19,4f93acca-de76-45df-94f1-e4be4fb165fc,47,47,4,1,1,1,1,1,1
16 GPU,19,6572c28a-bef9-4cb7-9b68-5fac87fe3274,25,25,3,1,1,1,1,1,1
16 GPU,19,44ed5f98-93c0-4697-a540-332d74be8dcf,5,5,2,1,1,1,1,1,1
16 GPU,19,b3cefcb7-94d3-42d8-8285-089e375154c8,44,44,12,1,1,2,1,1,1
16 GPU,19,b8eb21e7-6152-4151-bda8-a447f535c99a,40,40,2,1,1,1,1,1,1
16 GPU,19,7d9738b1-4ed4-400a-8111-a3becaf9aae7,37,37,7,1,1,1,1,1,1
16 GPU,19,367b8a75-8572-4bec-9ae4-2b218b4489f6,32,32,4,1,1,1,1,1,1
16 GPU,19,1595f61a-07bd-4ef6-be69-06c2ecbc810d,28,28,3,1,1,2,1,1,1
16 GPU,19,6683578c-cd71-448e-9133-aa8166bff653,29,29,0,1,1,1,0,0,0
16 GPU,19,20f6cf1c-e6c4-4ea0-9f2c-794917a58b9e,30,30,5,1,1,1,1,1,1
16 GPU,19,65c71d34-781b-49d5-90fc-6e2f7d856b2b,51,51,3,1,1,1,1,1,1
16 GPU,19,c26307f7-52cb-46f7-94df-88b7ac27534c,14,14,2,1,1,1,1,1,1
16 GPU,19,394bea5e-d0b1-4c3b-b108-bddba37f8b14,63,63,0,1,1,1,0,0,0
16 GPU,19,aeac488d-029a-4a21-b92f-52b4ce0eff15,21,21,15,1,1,1,1,1,1
16 GPU,19,cfda6e34-af8b-489c-acc0-14817527aadb,89,89,0,1,1,2,0,0,0
16 GPU,19,aabe4013-2185-42e0-bbf4-da5a5d6f49b9,77,77,0,2,2,2,0,0,0
16 GPU,19,54a46e37-b6d2-4dcd-846e-edb5e9bb7a4f,22,22,1,1,1,1,1,1,1
16 GPU,19,f65ea954-9b1b-480a-b7de-8f0f056bf938,8,8,1,1,1,1,1,1,1
16 GPU,19,3944a527-67e2-414d-afff-8dcc8b21719b,36,36,1,1,1,1,1,1,1
16 GPU,19,124ddda0-1336-4bb1-b804-41eb1302c336,3,3,3,1,1,1,1,1,1
16 GPU,19,46b3a694-0fe4-474e-b174-42c22549b07f,53,53,1,1,1,1,1,1,1
16 GPU,19,f4091cb6-7258-4a74-a88e-0476700017ee,1,1,1,1,1,1,1,1,1
16 GPU,19,78df0136-b0b8-47ea-8d0d-07eec53be9fb,6,6,1,1,1,1,1,1,1
16 GPU,19,1741f6b5-cfef-4812-a2ac-a184e87dd257,1,1,1,1,1,1,1,1,1
16 GPU,19,d231010a-732d-4177-b8c2-a9db8e9d0d38,36,36,0,1,1,1,0,0,0
16 GPU,19,afbbc8ab-6901-4adc-8b41-ab7f0a1f5b94,30,30,0,1,1,1,0,0,0
16 GPU,19,3b35ee0c-d1cf-48b1-8726-151748e8a943,27,27,0,1,1,1,0,0,0
16 GPU,19,8f23aed4-3289-4db5-a9fd-4b0c9ea24ed4,34,34,13,1,1,1,1,1,1
16 GPU,19,fac4c77f-30fd-4537-a910-19d9c4671d3b,20,20,0,1,1,1,0,0,0
16 GPU,19,5c5cb8e1-7f75-4004-af32-c6b655142bc2,43,43,0,1,1,1,0,0,0
16 GPU,19,ab33cdb8-7db4-4a1f-a53b-ce0a9ae1621d,5,4,5,1,1,1,1,1,1
16 GPU,19,78b5dc5a-e88d-4ade-b9e6-1ed6eee047a2,22,22,3,1,1,1,1,1,1
16 GPU,19,51d1f4ee-b4a8-4344-9bb5-2eb0a98d8544,4,4,4,1,1,1,1,1,2
16 GPU,19,601109fd-d55c-4e86-9e56-d3e32a4bf42a,5,5,5,1,1,1,1,1,1
16 GPU,19,d89fba67-47f0-42e6-96b7-99cb958939a8,15,15,12,1,1,1,1,1,2
16 GPU,19,72da86ab-e3d7-4d2f-bd65-5589fd4e987e,39,39,0,1,1,1,0,0,0
16 GPU,19,e4fe2407-1cac-4ea0-a7c6-19a574d75e8f,65,65,0,1,1,1,0,0,0
16 GPU,19,d6f411b8-efdc-40c5-9f2c-9945e99c7a8c,9,9,4,1,1,1,1,1,1
16 GPU,19,50afb747-d745-4b4c-863c-73d87137aea2,11,11,3,1,1,1,1,1,1
16 GPU,19,3bdc6f32-329c-45d7-a4b2-6d7b894028ac,24,24,17,1,1,1,1,1,2
16 GPU,19,a2fb36d8-e5ae-4ecb-a9dc-364a6046a891,46,46,1,1,1,1,1,1,1
16 GPU,19,e91dc262-8d91-4b8f-b497-37a6db1a7b6f,114,114,0,2,2,2,0,0,0
16 GPU,19,e1f5bdcc-2c6a-45cd-8929-8090181b723f,28,28,4,1,1,1,1,1,1
16 GPU,19,51914191-72f3-4af9-a126-d5ba7045d705,55,55,0,1,1,1,0,0,0
16 GPU,19,8b6ffa94-9a44-48a2-8cd3-356854078c63,32,32,0,1,1,1,0,0,0
16 GPU,19,651227c2-af1a-4f17-ae60-299d50034ed6,79,79,0,1,1,1,0,0,0
16 GPU,19,382e6359-b704-42fb-8ac6-50bfc289bc3a,23,23,0,1,1,1,0,0,0
16 GPU,19,a5f62414-f210-43da-bda2-b80a6c691955,7,7,1,1,1,1,1,1,1
16 GPU,19,2e9273dc-c9db-4fc1-bfb4-f296c87c9e43,2,2,2,1,1,1,1,1,1
16 GPU,19,bc65f8c0-63b4-40ce-bde6-3dab4d566e02,26,26,2,1,1,1,1,1,1
16 GPU,19,d4ac8d0a-d918-45d0-84fd-ebe791993b70,41,41,1,1,1,1,1,1,1
16 GPU,19,15c8510d-171a-4a7c-a6b3-ed9e2366e08e,14,14,4,1,1,1,1,1,1
16 GPU,19,b7cf59a5-b0a0-455c-b2a8-afb4ab9f2dfe,53,53,1,1,1,1,1,1,1
16 GPU,19,b9fe5c10-ad37-414b-82f2-5091b249e515,63,63,10,1,1,2,1,1,1
16 GPU,19,bc1fda99-6b80-4c1e-9abf-c935b16c0859,57,57,0,1,1,1,0,0,0
16 GPU,19,a681951e-cc8b-4f0c-a37b-135f5411a36f,7,7,2,1,1,1,1,1,1
16 GPU,19,2133197f-0404-48ae-ae4b-6334af7e5841,0,0,0,0,0,0,0,0,0
16 GPU,19,d91f9652-a958-4450-a212-1d634bf4c5e8,4,4,4,1,1,1,1,1,1
16 GPU,19,d6e78adb-5c17-4a3b-931a-e816dde75a60,3,3,3,1,1,1,1,1,1
16 GPU,19,68a0766e-c7eb-4834-bc06-934b46e6efc3,6,6,6,1,1,1,1,1,1
16 GPU,19,4bdf9703-a0b1-4788-81da-387999e5347f,9,9,9,1,1,1,1,2,2
16 GPU,19,39877fe5-da66-4b43-9335-177fa2f2a106,1,1,1,1,1,1,1,1,1
16 GPU,19,487c4850-dd47-4c88-9eaf-3d3146cab217,4,4,4,1,1,1,1,1,1
16 GPU,19,c42e0e56-c804-4f17-be92-c5fe4131b9b5,5,5,5,1,1,1,1,1,1
16 GPU,20,59eaa3a9-4cdc-41bc-a399-4701ddf43ef9,4,4,4,1,1,1,1,1,2
16 GPU,20,dfd19a37-51ed-412d-b47c-8ecabc0a544a,9,9,9,1,1,1,1,1,1
16 GPU,20,e30692f1-4470-4fe9-8048-efc5c1747815,4,4,4,1,1,1,1,1,1
16 GPU,20,16434bfa-ea04-4e81-a0f0-09d60228abe6,4,4,4,1,1,1,1,1,1
16 GPU,20,a035262f-c0a1-433e-8de3-93a27e7d7cdc,4,4,4,1,1,1,1,1,1
16 GPU,20,2116250f-864f-47f1-a6c5-a947d8880185,4,4,4,1,1,1,1,1,1
16 GPU,20,72a69c3e-7515-47ce-ae4c-2bd58c35e244,6,6,6,1,1,1,1,1,1
16 GPU,20,d4b7a0bd-0c7b-4f28-83e4-0838915860e8,4,4,4,1,1,1,1,1,1
16 GPU,20,b61223f8-822b-44a3-be38-8dbd33ff9b41,4,4,4,1,1,1,1,1,1
16 GPU,20,7402e33e-1132-4ae0-9167-74061ef17f2d,4,4,4,1,1,1,1,1,1
16 GPU,20,ed3573ec-1cec-4750-aad4-66b5db3dcaeb,4,4,4,1,1,1,1,1,1
16 GPU,20,ac628909-f23d-4988-932a-f5ab8bb1cb72,4,4,4,1,1,1,1,1,1
16 GPU,20,b1d226b1-3fd5-48d6-a9f8-15638637420e,4,4,4,1,1,1,1,1,1
16 GPU,20,edd565b1-3feb-46be-9a66-8ef63d8778c7,4,4,3,1,1,1,1,2,2
16 GPU,20,7e43460e-2148-4fb7-bf7d-d4faf8da7299,4,4,4,1,1,1,1,1,1
16 GPU,20,40c93aa4-478f-417c-8df8-ef55728aa294,4,4,4,1,1,1,1,1,1
16 GPU,20,53fc76ef-b209-4687-9147-893ac27d5142,7,7,7,1,1,1,1,1,1
16 GPU,20,43691aa5-74a0-4d56-a56e-a9bcb735bc0c,5,5,5,1,1,1,1,1,1
16 GPU,20,f5b3712c-1da2-4d25-92c6-8600105f341c,17,17,2,1,1,1,1,1,1
16 GPU,20,569e444b-62d1-45e1-8a14-244361d008b6,5,5,5,1,1,1,1,2,2
16 GPU,20,064a6530-f873-470b-95ce-7fabae0cce23,3,3,3,1,1,1,1,1,1
16 GPU,20,0b243064-0cc5-48b1-a1b1-cb2c4c15ffc4,20,20,3,1,1,1,1,1,1
16 GPU,20,f0ffc739-e0cd-46a2-9c12-34f8f4ceb5c2,6,6,6,1,1,1,1,1,1
16 GPU,20,5480d82d-e82b-4cef-a02e-c1ff6b260544,8,8,2,1,1,1,1,1,1
16 GPU,20,c8443912-90d2-4470-b7f1-541766f1d577,6,6,6,1,1,1,1,1,1
16 GPU,20,b7281fdc-458a-43ca-8d61-cedccfaaaae2,7,7,7,1,1,1,1,1,1
16 GPU,20,37c4f67b-d876-4733-af59-70a08abeb413,25,25,3,1,1,1,1,1,1
16 GPU,20,233bb021-5826-419b-87dc-f72814df8fdd,4,4,4,1,1,1,1,1,1
16 GPU,20,4ed19d5e-f305-4d59-9648-3d71e0f122ff,31,31,27,1,1,1,1,1,1
16 GPU,20,abb757cd-b464-49e7-8db3-493987230b3d,3,3,3,1,1,1,1,1,1
16 GPU,20,1ec475fc-f4ac-4709-a853-faee615625c8,15,15,9,1,1,1,1,1,3
16 GPU,20,b40e03e6-e036-4c39-83c9-8a1602410673,6,6,6,1,1,1,1,1,1
16 GPU,20,047925f9-b38f-4467-bdf8-10fdc962369c,4,4,4,1,1,1,1,1,1
16 GPU,20,a7bf04eb-739f-431c-b70c-28e17143476a,5,5,4,1,1,1,1,1,1
16 GPU,20,26c6b5c6-ece5-42f4-9b36-8fafd84238bc,4,4,4,1,1,1,1,1,1
16 GPU,20,39691156-ef8a-46f3-8532-84505f9f1a4c,0,0,0,0,0,0,0,0,0
16 GPU,20,178f60d9-3ee7-4194-9499-24560fd18499,4,4,3,1,1,1,1,1,1
16 GPU,20,3030a937-5e04-4490-b740-9ccc3fabd0d5,4,4,3,1,1,1,1,1,1
16 GPU,20,7d6629c1-1890-446b-805f-8568a6f379f3,4,4,4,1,1,1,1,1,1
16 GPU,20,72864167-8b45-47ef-8bfd-75f2b89cc49f,4,4,4,1,1,1,1,1,1
16 GPU,20,7527a933-4d92-4e68-b1f4-080d1a6e94b1,38,38,3,1,1,1,1,1,1
16 GPU,20,a6892ef9-0c1e-4b20-8bc8-a95cb8e0eb88,30,30,3,1,1,1,1,1,1
16 GPU,20,8d913ae6-5595-4d5d-a0b8-601347eb589a,11,11,9,1,1,1,1,1,1
16 GPU,20,c66e8bd5-1d97-479a-9cfc-c60ccfa61ffa,18,18,8,1,1,1,1,1,1
16 GPU,20,fdc7b492-f372-4960-a630-b4c6eb3de709,19,19,4,1,1,1,1,1,1
16 GPU,20,84985b2c-c77d-406b-aa12-1484f1f8be70,5,5,5,1,1,1,1,1,1
16 GPU,20,85e62585-8ac8-4c5b-adad-ce2b7e7640a2,10,10,10,1,1,1,1,1,2
16 GPU,20,df08d4e2-990c-432e-ad6d-01179859699c,5,5,5,1,1,1,1,1,1
16 GPU,20,cef4bf9c-a567-4212-8281-694536739748,13,13,5,1,1,1,1,1,1
16 GPU,20,29018732-bd5d-48d4-bcc5-8bebc7f241db,39,39,5,1,1,1,1,1,1
16 GPU,20,6174d8af-41d3-4b0f-890c-3c5631c5964e,28,28,3,1,1,1,1,1,1
16 GPU,20,ce4b8563-eb66-47e9-87ed-0bf5a7adeb05,46,46,1,1,1,1,1,1,1
16 GPU,20,4ce785b1-47b5-41bb-8882-5ca1950e7860,71,71,6,1,1,1,1,1,1
16 GPU,20,cb3aa4f4-5347-49a3-87d5-4af42dd73dff,69,69,7,4,4,4,1,1,1
16 GPU,20,f4d2ec86-71ba-4efe-ab63-ad93b4f4d3a9,14,14,5,1,1,1,1,1,1
16 GPU,20,2171b911-a3c6-4647-b191-65da3e796833,18,18,10,1,1,1,1,1,1
16 GPU,20,fb54f843-b2b0-43f1-9813-c73bd8ccabbc,11,11,4,1,1,1,1,1,1
16 GPU,20,d6add0ca-cc6c-4c04-a3b7-e270c86f3b09,8,8,2,1,1,1,1,1,1
16 GPU,20,cfce1968-7d9c-4252-8dd7-ae63b1615e75,8,8,2,1,1,1,1,1,1
16 GPU,20,b6874594-0289-4662-b2e6-bc519b5d214e,9,9,2,1,1,1,1,1,1
16 GPU,20,3e4a5584-9445-48f2-bf64-b6d4c2a26de5,1,1,1,1,1,1,1,1,1
16 GPU,20,1c0f4b11-4ac3-45ae-a384-8f772592fa23,8,8,2,1,1,1,1,1,1
16 GPU,20,78883e2b-1703-4048-95ce-9c1e1ac5ce15,7,7,2,1,1,1,1,1,1
16 GPU,20,ec03e189-e25c-444e-8b81-5e6a27f1b3d9,13,13,1,1,1,1,1,1,1
16 GPU,20,33841192-f2ad-460d-95a8-44a0317e7900,15,15,6,1,1,1,1,1,1
16 GPU,20,3585d2c4-d6ac-4f48-86d4-50a53ddb09aa,8,8,8,1,1,1,1,1,3
16 GPU,20,09223f58-4949-4cc4-a2ec-e8b472a2be2f,46,46,2,1,1,1,1,1,1
16 GPU,20,f87c42c9-7f1e-4579-8432-3bf947ba96a5,4,4,4,1,1,1,1,1,1
16 GPU,20,095799f2-cd04-45b1-806d-11ab42a46a5d,3,3,3,1,1,1,1,1,1
16 GPU,20,b3eabd49-3183-4cc9-84bd-c77dfeba15e8,4,4,4,1,1,1,1,1,1
16 GPU,20,e1dd8e58-8e16-4ef8-a9e8-179eb28ee8dd,34,34,3,1,1,1,1,1,1
16 GPU,20,4e2879a2-e30e-42d6-9b78-affc4ff8c85d,19,19,7,1,1,1,1,1,1
16 GPU,20,86eb9be5-e5c5-4de3-bb3c-524a006ef804,31,31,0,1,1,1,0,0,0
16 GPU,20,2a496119-551b-40ec-b528-7ef91b159a49,22,22,14,1,1,1,1,1,1
16 GPU,20,22c70132-d9bb-4511-b328-e6ddfdbf11bf,5,5,2,1,1,1,1,1,1
16 GPU,20,b428425d-4ab6-44f1-b37b-56068621b75b,1,1,1,1,1,1,1,1,1
16 GPU,20,818c92e1-6e6c-41f5-9adc-07a3ef259c9d,7,7,1,1,1,1,1,1,1
16 GPU,20,0f3c0fe5-20c2-4a3f-97b2-ba49f7e1e4da,7,7,1,1,1,1,1,1,1
16 GPU,20,27b3135a-751b-443a-82d6-88d1122a0c8f,34,34,21,1,1,1,1,1,1
16 GPU,20,cfc25e3a-16d1-428a-9460-831d4cd63da6,5,5,1,1,1,1,1,1,1
16 GPU,20,cea74267-4f27-45c2-9a67-3b24bf79668d,4,4,4,1,1,1,1,1,1
16 GPU,20,0aecc7e0-610e-4c6a-bfb4-da9e4cfc38dc,4,4,4,1,1,1,1,2,2
16 GPU,20,c7f06cf0-913b-477c-869e-c714aea0b490,26,26,3,1,1,1,1,1,1
16 GPU,20,4698b4cd-26ad-4fe9-996f-ed0fd567c3c5,15,15,4,1,1,1,1,1,1
16 GPU,20,8c35e3e1-b787-4952-8f23-ca8dd735c760,4,4,4,1,1,1,1,1,1
16 GPU,20,86955ab3-0b3d-47c3-8b88-5383fa19a333,13,13,7,1,1,1,1,1,1
16 GPU,20,dcf6c0d3-2e65-40e8-8b8d-4ff80caf64e3,5,5,4,1,1,1,1,1,1
16 GPU,20,8993da0c-9b22-49b2-9cec-ae0aa85d7dc0,10,10,7,1,1,1,1,1,1
16 GPU,20,68520308-f7c3-41eb-8d49-e6695d8e94fe,4,4,4,1,1,1,1,1,1
16 GPU,20,9e2906a6-2013-4918-a0c2-917df2e3be6e,4,4,4,1,1,1,1,1,1
16 GPU,20,5f05c623-69d6-49df-8f20-0205e90faf28,121,121,3,11,11,11,1,1,1
16 GPU,20,4c073b52-180c-4737-9394-0f25a861afa3,5,5,5,1,1,1,1,1,1
16 GPU,20,5f9680e2-c10d-4812-b463-2e2e24c4e9bb,32,32,4,1,1,1,1,1,1
16 GPU,20,dd56cfcf-a2f1-46e5-84b6-69b29b8e50c6,23,23,5,1,1,1,1,1,1
16 GPU,20,a32f8d05-6fa0-4d45-aa51-30b92f79f301,45,45,4,1,1,2,1,1,1
16 GPU,20,c7cddc6a-1431-4474-a452-61182ec53b6b,41,41,9,1,1,1,1,1,1
16 GPU,20,ad6c34cb-6217-4ce5-99e5-554f343c0ece,30,30,16,1,1,1,1,1,1
16 GPU,20,19eca313-b47b-40ae-96c5-987ffe10e088,46,46,0,1,1,2,0,0,0
16 GPU,20,9adf61af-04d9-40d5-922f-dafd0c59f9f4,38,38,0,1,1,1,0,0,0
16 GPU,20,cbe3c089-3356-4c4e-b586-c0a57b9dfac4,2,2,2,1,1,1,1,1,1
16 GPU,20,8cfae79c-5dc2-44ea-9a53-711b2e75a602,38,38,0,1,1,1,0,0,0
16 GPU,20,9feb2a04-4dc6-4cc0-918d-f8885d37bc5c,16,16,1,1,1,1,1,1,1
16 GPU,20,a49ffa79-3f1b-41ac-a7ed-5f2bb1a57dec,4,4,4,1,1,1,1,1,1
16 GPU,20,a63a57b7-484c-450e-b544-250111d83d1a,4,4,4,1,1,1,1,3,3
16 GPU,20,b1f5310b-e4d8-4d0a-bd68-02efb0841f55,18,18,6,1,1,1,1,1,1
16 GPU,20,511cfe6e-12eb-43e5-96af-940083f90b15,44,44,0,1,1,1,0,0,0
16 GPU,20,5fddd729-8430-410e-a62a-bf4426d865b5,56,56,4,1,1,1,1,1,1
16 GPU,20,3c9b9bf1-4f76-4c95-9515-44b4b609a2fb,12,12,10,1,1,1,1,1,1
16 GPU,20,e8a6af88-78a5-40c3-9e87-9fbe8b8b9a41,32,32,1,1,1,1,1,1,1
16 GPU,20,63e3bdec-472c-4551-9977-452eddd378f0,2,2,2,1,1,1,1,1,1
16 GPU,20,24e18e60-d555-4589-9a5f-d845bd280a8d,10,10,2,2,2,2,1,1,1
16 GPU,20,ba394c04-a185-4e01-bcd3-2aac6f9e7088,6,6,6,1,1,1,1,1,2
16 GPU,20,dfc3d74f-cc7f-4a9d-a290-78fa20a4248b,35,35,1,1,1,2,1,1,1
16 GPU,20,23b569f8-8a9c-45cb-b34e-c28d86e662c6,29,29,0,1,1,1,0,0,0
16 GPU,20,1022bfa6-fc8f-4c28-b583-920f9f34803d,102,102,2,7,7,7,1,1,1
16 GPU,20,c011e0b8-0707-4da4-9312-754e3ec34f69,54,54,0,1,1,1,0,0,0
16 GPU,20,1a3b5e41-41ca-4612-a461-b55bb0c5b03d,38,38,1,1,1,1,1,1,1
16 GPU,20,570569bc-69cd-4458-ae43-88bc30ee4534,45,45,1,1,1,1,1,1,1
16 GPU,20,8997c4ca-5273-4a4e-99e9-985f4bf33670,27,27,1,2,2,2,1,1,1
16 GPU,20,5ebe904b-89a8-48ef-b3e6-95007370eedf,35,35,1,1,1,1,1,1,1
16 GPU,20,a93d60ac-9da7-46dd-bd5b-cd488bbd2dd1,19,19,1,1,1,1,1,1,1
16 GPU,20,6b1ae3d6-d88c-425b-b0df-cd62e704f196,72,72,0,1,1,1,0,0,0
16 GPU,20,3e1906d4-2584-4d7a-9903-c56a53dd9225,8,8,5,1,1,1,1,1,1
16 GPU,20,47199a11-be84-4e22-a6e7-37c2586a8bf9,1,1,1,1,1,1,1,1,1
16 GPU,20,f5600840-c18d-4d3f-ad82-b291ea12b664,1,1,1,1,1,1,1,1,1
16 GPU,20,46d6b6dc-d5ed-47f6-b9c6-9ec6f322ac28,42,42,1,1,1,1,1,1,1
16 GPU,20,73854478-b671-420b-8e40-8ee094911ce8,9,9,6,1,1,1,1,1,1
16 GPU,20,5413e3e3-3f06-4346-a564-e931c2b66dc6,62,62,1,1,1,2,1,1,1
16 GPU,21,8e5c7134-0e2c-4b05-90a9-e46d9a566f9b,4,4,4,1,1,1,1,1,1
16 GPU,21,7aac6a27-eea0-4899-962e-cdd67ac2f508,4,4,3,1,1,1,1,1,1
16 GPU,21,eb51a809-6230-4625-8837-a8888d4d667d,4,4,4,1,1,1,1,1,1
16 GPU,21,9028ea9b-5aaa-49a1-a0f1-3510ddf7ca88,4,4,4,1,1,1,1,2,2
16 GPU,21,ae607dd2-f18d-4f63-a31d-7ab1ea7b3650,4,4,4,1,1,1,1,1,2
16 GPU,21,1d03890a-45f3-4226-9da4-1f958c918f82,10,10,4,1,1,1,1,2,2
16 GPU,21,df4caa59-c42d-42be-a24a-a312503d5682,4,4,4,1,1,1,1,1,1
16 GPU,21,27fd86d0-701b-4275-b300-626de57c68e0,4,4,3,1,1,1,1,1,1
16 GPU,21,837467db-7400-4d8d-8078-048b57cbc791,4,4,4,1,1,1,1,2,2
16 GPU,21,71c19b5d-61cb-445d-a613-1b830f403900,4,4,4,1,1,1,1,1,1
16 GPU,21,135db9bb-27a1-4cca-902e-d2c7e78d9426,29,29,2,1,1,1,1,1,1
16 GPU,21,8b1fe2d9-c1ca-4814-bba2-e960576455e2,5,5,5,1,1,1,1,1,1
16 GPU,21,4290314d-08e7-4972-b45c-b8d29ece957e,7,7,7,1,1,1,1,1,1
16 GPU,21,42e49e94-53ec-4ce8-816a-94dc772e95ce,5,5,5,1,1,1,1,1,1
16 GPU,21,a15d5ddd-fbf1-4b57-96b5-5e8569510439,9,9,9,1,1,1,1,1,2
16 GPU,21,32cab7be-afd4-4a05-b028-1947f4cca772,4,4,4,1,1,1,1,1,1
16 GPU,21,5d6f4b80-cb72-45db-abf2-df1cb7850941,5,5,5,1,1,1,1,1,1
16 GPU,21,5f9145fe-87ef-4982-ad22-ba78e183a796,4,4,4,1,1,1,1,1,1
16 GPU,21,26c944a7-0ad9-468b-859b-f34bccedf1f7,4,4,4,1,1,1,1,1,1
16 GPU,21,9ad3ab31-6d06-4b92-9098-c70c3e8ce9dc,16,16,4,1,1,1,1,1,1
16 GPU,21,7be0379c-6824-4783-abeb-6b3f078b3e11,4,4,4,1,1,1,1,1,1
16 GPU,21,3b3354d5-1b6f-40b9-b480-09af1e383cf2,4,4,4,1,1,1,1,1,1
16 GPU,21,fed36285-e1f0-4b04-8894-1cdfd27cae5a,43,43,12,1,1,1,1,1,1
16 GPU,21,2acc8048-86c1-4d8e-a39b-2185901d2e57,5,5,5,1,1,1,1,1,1
16 GPU,21,9cb59cc9-898c-4273-acfe-32a5f1348544,4,4,4,1,1,1,1,1,1
16 GPU,21,1239d0fa-5d49-4a80-9eb2-143a1cf98afe,4,4,4,1,1,1,1,1,1
16 GPU,21,4e313f81-dcb7-45b7-8151-32407fb458ab,5,5,5,1,1,1,1,1,1
16 GPU,21,0ed310bd-d602-4c79-929d-298d83e22213,4,4,4,1,1,1,1,1,1
16 GPU,21,55f2d423-8dfb-4b59-b4f8-3ad8848d4be6,4,4,4,1,1,1,1,1,2
16 GPU,21,5d7ba9c1-4a02-4013-911a-3a6ed51dac6b,4,4,4,1,1,1,1,1,1
16 GPU,21,db0cb1b7-4c3e-4705-8773-b5142988d08c,4,4,4,1,1,1,1,1,1
16 GPU,21,4b12ba5a-68ec-41ef-bbec-76ae34ea3a8b,4,4,3,1,1,1,1,1,1
16 GPU,21,91d6e293-de29-4990-ad32-960ad1436b4a,26,26,15,1,1,1,1,1,1
16 GPU,21,011882f2-8708-47cd-8886-f2f4869aa749,24,24,3,1,1,1,1,1,1
16 GPU,21,e354354f-2a92-485a-86bf-b05484d8bbee,134,134,4,20,20,21,1,1,1
16 GPU,21,de437b17-6cb0-410f-a3f9-401c02d25306,32,32,10,1,1,1,1,1,1
16 GPU,21,5798aa5d-8926-466e-9891-f3fcf5537e43,18,18,7,1,1,1,1,1,1
16 GPU,21,412c6347-083b-41c6-a9c3-5d1888003b5f,7,7,7,1,1,1,1,1,1
16 GPU,21,7f51e709-39ba-46e7-b858-fc72f6c3bc88,5,5,5,1,1,1,1,1,1
16 GPU,21,c4cdc597-9ae5-44d0-9ca7-db2cbb87ab55,4,4,4,1,1,1,1,1,1
16 GPU,21,565b0ac2-3211-4113-855a-baf5c5a6b58d,56,56,6,1,1,1,1,1,1
16 GPU,21,0b322908-1750-473e-b4fd-29567ae9fa11,30,30,18,2,3,4,1,1,1
16 GPU,21,df0bf90d-e110-4262-add0-7057992a6465,57,57,15,1,1,1,1,1,1
16 GPU,21,481fc4c6-e60f-4dab-bfe4-6321b10e96da,28,28,5,1,1,1,1,1,1
16 GPU,21,b8be9443-a62f-414f-b15a-78f8026c275f,44,44,10,1,1,1,1,1,1
16 GPU,21,183dae5d-4524-4546-837e-d5afe842a8b0,31,31,3,1,1,1,1,1,1
16 GPU,21,37d33fb0-2294-484a-b6d9-99c6d859f790,9,9,6,1,1,1,1,1,1
16 GPU,21,2fc918bd-f27e-4679-95d8-b57d0ad8ae72,30,30,3,1,1,1,1,1,1
16 GPU,21,d0ba13dc-06de-4414-94a1-0c8fc1bd5aa2,4,4,4,1,1,1,1,1,1
16 GPU,21,4ac72eb9-2106-48de-8bb2-4829fff2861e,9,9,9,1,1,1,1,1,1
16 GPU,21,26a33003-59f4-4bca-89f2-af3eaac9fd36,4,4,4,1,1,1,1,1,1
16 GPU,21,f35422a6-cae5-4ec6-a201-eefddbb6773d,4,4,4,1,1,1,1,1,1
16 GPU,21,2bdd7332-0c9d-4fb2-a98a-45b2dc4f869d,5,5,5,1,1,1,1,1,1
16 GPU,21,a5e8ce6f-a6d3-4d9b-adea-340413cc35d6,5,5,5,1,1,1,1,1,1
16 GPU,21,2a9420de-f450-4a2f-9f27-cbdbb0c9ac36,8,8,8,1,1,1,1,2,2
16 GPU,21,12babb2f-70a0-4f9c-a09c-cc4236e2d1e3,21,21,5,1,1,1,1,1,1
16 GPU,21,623f9797-3017-4bf0-bdbb-843839fbfa2f,13,13,1,1,1,1,1,1,1
16 GPU,21,d1912b64-6b37-451d-8554-f86cac45e7d3,10,10,3,1,1,2,1,1,1
16 GPU,21,e2ab9630-875c-4814-a50c-511b47d6bb2e,68,68,10,1,1,1,1,1,1
16 GPU,21,f8ac7bdf-c3d8-49ef-a099-fda09b543f3f,7,7,1,1,1,1,1,1,1
16 GPU,21,3db76a89-94ce-44d8-ad94-0d2afe9c8594,53,53,4,1,1,1,1,1,1
16 GPU,21,0e516b57-dc46-46b0-bcbf-fe915267a586,6,6,2,1,1,1,1,1,1
16 GPU,21,1619f0bd-0f3f-4d0c-a548-b6e8c6446d11,75,75,7,1,1,1,1,1,1
16 GPU,21,51e4192c-16a2-42ca-8e8b-5a629ab6b039,2,2,2,1,1,1,1,1,1
16 GPU,21,8d8ac150-d736-433d-b9b9-083da5b619d3,1,1,1,1,1,1,1,1,1
16 GPU,21,f4af7d5e-c203-44ff-8129-7c44d0139b10,54,54,4,2,2,2,1,1,1
16 GPU,21,dccd1c70-0986-4840-afd4-2c1b2a8d6f82,31,31,10,1,1,1,1,1,1
16 GPU,21,adebd0c7-bd73-478a-86a9-7deda75c5c97,1,1,1,1,1,1,1,1,1
16 GPU,21,d8bbbc2b-f5f7-4760-b82d-ecffb7e7f896,31,31,1,1,1,1,1,1,1
16 GPU,21,d446b3fd-55a0-40e6-8759-fdc3c91432fe,115,115,2,1,1,1,1,1,1
16 GPU,21,0a88ad03-607a-44c2-9365-6b03ca7f9c32,2,2,2,1,1,1,1,1,1
16 GPU,21,d26a2b3c-eb68-459c-9db6-a7952f5588c1,50,50,8,1,1,1,1,1,1
16 GPU,21,0c45f6d5-9f7c-4057-b68a-b791b5a5f77d,11,11,8,1,1,1,1,1,1
16 GPU,21,4e27db6c-b2ae-4eb0-abf1-e0cce106ea61,4,4,4,1,1,1,1,1,1
16 GPU,21,85ad5a7b-d543-4515-9fcf-9ca8cfa94735,10,10,9,1,1,1,1,1,1
16 GPU,21,a7d3acc8-7e8e-4b7c-99d7-02187ee4d237,12,12,1,1,1,1,1,1,1
16 GPU,21,965fc0a6-9021-499c-ac27-961cc39d0031,8,8,3,1,1,1,1,1,1
16 GPU,21,43a48d6c-81a4-41a4-868b-97783161b56d,5,5,5,1,1,1,1,1,1
16 GPU,21,f1233638-6ad4-4d79-8533-ab4727ca2ffc,21,21,2,1,1,1,1,1,1
16 GPU,21,941a9d6c-2699-4d63-850f-1db8d72efbe5,4,4,4,1,1,1,1,1,1
16 GPU,21,19c0e711-7378-479c-9ca6-cae412751ea1,41,41,25,1,1,1,1,1,1
16 GPU,21,256a3813-c15a-4704-b99e-501d0c484073,41,41,12,1,1,1,1,1,1
16 GPU,21,7b4d9beb-31e6-448d-a9e9-2efd04caf267,38,38,7,1,1,1,1,1,1
16 GPU,21,f650cfc5-2fa1-491d-8b8b-1d00a8cac619,3,3,3,1,1,1,1,1,1
16 GPU,21,92abbe52-cee0-45bb-a6cb-898bee5c6343,2,2,2,1,1,1,1,1,1
16 GPU,21,36682074-92d4-4973-869e-b6a801ae3c8e,38,38,15,1,1,1,1,1,1
16 GPU,21,3ce117dd-190a-4c29-abd8-899e7bbecc92,451,451,3,5,16,16,1,1,1
16 GPU,21,9e435de8-4997-4d92-9c0e-92a7c8587632,12,12,4,1,1,1,1,1,1
16 GPU,21,8bd3d1b5-20b8-4c72-91ec-875300634a98,41,41,4,1,1,1,1,1,1
16 GPU,21,151a163a-93b7-4714-86b2-beb5852c2129,7,7,2,1,1,1,1,1,1
16 GPU,21,2501a878-9e24-40c5-94e4-8f0f117aef4d,7,7,1,1,1,1,1,1,1
16 GPU,21,9e1b96d3-3096-472e-bd12-2f051eaef022,69,69,7,1,1,1,1,1,1
16 GPU,21,fb445313-2316-4407-973f-9b4ede8b55a8,46,46,2,1,1,1,1,1,1
16 GPU,21,bd02a784-6cb7-4bd4-9ad4-1ce2424eac08,3,3,3,1,1,1,1,1,1
16 GPU,21,d9b1efcc-6d62-42f1-9e1d-64866a1152b9,2,2,2,1,1,1,1,1,1
16 GPU,21,ad1f8250-c245-44f0-b4ec-c2b1cb383e38,59,59,1,1,1,1,1,1,1
16 GPU,21,aa53f9b4-4ee4-4b4e-9cfb-d307fdad12cb,8,8,8,1,1,1,1,1,2
16 GPU,21,e908b4c2-c7da-4132-8d6c-bba3e741d32e,4,4,4,1,1,1,1,1,1
16 GPU,21,ee95638b-7d6d-42da-9be6-59eb6efe99e2,5,5,5,1,1,1,1,1,1
16 GPU,21,119b80a3-5ac3-4b32-8c4a-46e2bd2a22a2,22,22,6,1,1,1,1,1,1
16 GPU,21,52859b06-4f9d-45ee-838b-603139b87b75,23,23,3,1,1,1,1,1,1
16 GPU,21,797789b2-fece-4b19-84bf-d8fd2bdcab46,6,6,3,1,1,1,1,1,1
16 GPU,21,be445b8d-cfe6-4967-894c-1d2961499c4d,2,2,2,1,1,1,1,1,1
16 GPU,21,181ba5f9-5234-4b72-a056-77f850a71fe2,3,3,3,1,1,1,1,1,1
16 GPU,21,4ce9d748-c0ee-403f-ac02-312a01860e92,22,22,1,5,5,6,1,1,1
16 GPU,21,18eb4356-4a68-4b07-8759-1da29adbcaa0,9,9,3,1,1,1,1,1,1
16 GPU,21,bfbd74a4-4518-4737-8d9b-59ac3982057a,11,11,11,1,1,1,1,1,1
16 GPU,21,d40bd72a-eec5-4bb5-a266-b196f474eac0,12,12,2,1,1,1,1,1,1
16 GPU,21,8ab4452a-0235-48b4-9b99-c93e5164af3b,7,7,4,1,1,1,1,1,1
16 GPU,21,6308d497-44cb-453e-91ab-85e076f85e95,22,22,4,1,1,1,1,1,1
16 GPU,21,b46ef783-d840-4dc8-8757-6df45e2b78a7,9,9,2,1,1,1,1,1,1
16 GPU,21,b3ca3e44-4df1-4e9c-bf00-70b3be1ff1b0,12,12,2,1,1,1,1,1,1
16 GPU,21,93129ec7-62ed-473c-9d28-5f32921f3322,4,4,4,1,1,1,1,1,1
16 GPU,21,6ab3ad92-3018-4e5b-9d6f-0b59e357b274,20,20,12,1,1,1,1,1,1
16 GPU,21,e531c9e4-6f3d-4331-93aa-9a89db1e8c7d,57,57,14,1,1,1,1,1,1
16 GPU,21,d3fc8be1-1a2f-4b8b-9e57-f6224666a6e1,11,11,6,1,1,1,1,1,1
16 GPU,21,8497f151-db54-450a-9a8d-db9ba42c121e,19,19,4,1,1,1,1,1,1
16 GPU,21,444cfda3-9ff7-407d-8dc1-8b28dcd63792,7,7,7,1,1,1,1,1,1
16 GPU,21,910e511a-d429-4d7b-89a0-013f774f33fc,40,40,15,1,1,1,1,1,1
16 GPU,21,e7a64da5-b34b-4381-a705-d618791e46a9,4,4,4,1,1,1,1,1,1
16 GPU,21,dd5439eb-bf13-487b-a5ae-1ec3789d9e2b,33,33,3,1,1,1,1,1,1
16 GPU,21,38ff16fd-399c-4585-aa38-e920aa0b1659,25,25,2,1,1,1,1,1,1
16 GPU,21,fe66231d-1be3-4ae4-9ca4-916b2f0350a6,6,6,6,1,1,1,1,1,1
16 GPU,21,ab8d02b7-d5cc-4304-b555-25bb5cdeec6a,24,24,16,1,1,1,1,1,1
16 GPU,21,c7e97aad-9393-46f9-b21e-1af8897a3abb,23,23,2,1,1,1,1,1,1
16 GPU,21,2820c8eb-be3c-4a79-9d54-1ab81aa64fef,20,20,2,1,1,1,1,1,1
16 GPU,21,bb2e3cfb-9713-4e3f-ab94-5686a9e31ed9,4,4,4,1,1,1,1,1,1
16 GPU,21,6ce58ce9-db19-49e1-94da-6d612d5e8165,20,20,5,1,1,3,1,1,1
